transaction_id,ai_decision_explanation,ai_customer_message,explanation_source,message_source
TXN10000,"RecoverAI stopped automatic recovery because the payment has already reached 3 unsuccessful attempts. Although the failure reason is temporary bank error, further automatic attempts are restricted to avoid repeated failures. The case is therefore escalated for operator review.",Payment recovery for ₹873.17 has been paused after multiple unsuccessful attempts. Our support team will review the case.,Local Fallback,Local Fallback
TXN10001,RecoverAI recommends a customer prompt because the payment requires customer attention. The customer can verify the payment details and attempt the transaction again.,"Hi Customer 1048, your payment of ₹7,206.46 needs your attention. Please verify your payment details and try again.",Local Fallback,Local Fallback
TXN10002,"RecoverAI stopped automatic recovery because the payment has already reached 4 unsuccessful attempts. Although the failure reason is authentication failure, further automatic attempts are restricted to avoid repeated failures. The case is therefore escalated for operator review.","Payment recovery for ₹11,866.63 has been paused after multiple unsuccessful attempts. Our support team will review the case.",Local Fallback,Local Fallback
TXN10003,RecoverAI recommends a customer prompt because the payment requires customer attention. The customer can verify the payment details and attempt the transaction again.,"Hi Customer 1091, your payment of ₹7,441.78 needs your attention. Please verify your payment details and try again.",Local Fallback,Local Fallback
TXN10004,"RecoverAI stopped automatic recovery because the payment has already reached 4 unsuccessful attempts. Although the failure reason is insufficient funds, further automatic attempts are restricted to avoid repeated failures. The case is therefore escalated for operator review.","Payment recovery for ₹29,807.08 has been paused after multiple unsuccessful attempts. Our support team will review the case.",Local Fallback,Local Fallback
TXN10005,RecoverAI recommends a customer prompt because the payment requires customer attention. The customer can verify the payment details and attempt the transaction again.,"Hi Customer 1214, your payment of ₹3,478.65 needs your attention. Please verify your payment details and try again.",Local Fallback,Local Fallback
TXN10006,RecoverAI recommends a customer prompt because the payment requires customer attention. The customer can verify the payment details and attempt the transaction again.,"Hi Customer 1040, your payment of ₹1,136.50 needs your attention. Please verify your payment details and try again.",Local Fallback,Local Fallback
TXN10007,"RecoverAI stopped automatic recovery because the payment has already reached 3 unsuccessful attempts. Although the failure reason is insufficient funds, further automatic attempts are restricted to avoid repeated failures. The case is therefore escalated for operator review.",Payment recovery for ₹732.29 has been paused after multiple unsuccessful attempts. Our support team will review the case.,Local Fallback,Local Fallback
TXN10008,"RecoverAI stopped automatic recovery because the payment has already reached 4 unsuccessful attempts. Although the failure reason is card expired, further automatic attempts are restricted to avoid repeated failures. The case is therefore escalated for operator review.","Payment recovery for ₹6,847.07 has been paused after multiple unsuccessful attempts. Our support team will review the case.",Local Fallback,Local Fallback
TXN10009,RecoverAI recommends a controlled retry because the failure is related to temporary bank error. The recovery score is 85/100 and the transaction has not exceeded the automatic retry limit.,"Hi Customer 1217, your payment of ₹35,502.30 could not be completed due to a temporary payment issue. Please try the payment again after a short while.",Local Fallback,Local Fallback
TXN10010,"RecoverAI stopped automatic recovery because the payment has already reached 3 unsuccessful attempts. Although the failure reason is insufficient funds, further automatic attempts are restricted to avoid repeated failures. The case is therefore escalated for operator review.","Payment recovery for ₹11,617.34 has been paused after multiple unsuccessful attempts. Our support team will review the case.",Local Fallback,Local Fallback
TXN10011,"RecoverAI stopped automatic recovery because the payment has already reached 4 unsuccessful attempts. Although the failure reason is network error, further automatic attempts are restricted to avoid repeated failures. The case is therefore escalated for operator review.","Payment recovery for ₹46,302.66 has been paused after multiple unsuccessful attempts. Our support team will review the case.",Local Fallback,Local Fallback
TXN10012,"RecoverAI stopped automatic recovery because the payment has already reached 4 unsuccessful attempts. Although the failure reason is insufficient funds, further automatic attempts are restricted to avoid repeated failures. The case is therefore escalated for operator review.","Payment recovery for ₹9,042.86 has been paused after multiple unsuccessful attempts. Our support team will review the case.",Local Fallback,Local Fallback
TXN10013,"RecoverAI stopped automatic recovery because the payment has already reached 4 unsuccessful attempts. Although the failure reason is insufficient funds, further automatic attempts are restricted to avoid repeated failures. The case is therefore escalated for operator review.","Payment recovery for ₹1,652.39 has been paused after multiple unsuccessful attempts. Our support team will review the case.",Local Fallback,Local Fallback
TXN10014,RecoverAI recommends a reminder because the payment remains recoverable but does not require an immediate technical retry.,"Hi Customer 1112, this is a reminder regarding your pending payment of ₹18,884.31. Please complete the payment at your convenience.",Local Fallback,Local Fallback
TXN10015,"RecoverAI stopped automatic recovery because the payment has already reached 4 unsuccessful attempts. Although the failure reason is temporary bank error, further automatic attempts are restricted to avoid repeated failures. The case is therefore escalated for operator review.","Payment recovery for ₹19,875.04 has been paused after multiple unsuccessful attempts. Our support team will review the case.",Local Fallback,Local Fallback
TXN10016,"RecoverAI stopped automatic recovery because the payment has already reached 4 unsuccessful attempts. Although the failure reason is temporary bank error, further automatic attempts are restricted to avoid repeated failures. The case is therefore escalated for operator review.","Payment recovery for ₹1,103.82 has been paused after multiple unsuccessful attempts. Our support team will review the case.",Local Fallback,Local Fallback
TXN10017,RecoverAI recommends a controlled retry because the failure is related to network error. The recovery score is 100/100 and the transaction has not exceeded the automatic retry limit.,"Hi Customer 1239, your payment of ₹19,505.50 could not be completed due to a temporary payment issue. Please try the payment again after a short while.",Local Fallback,Local Fallback
TXN10018,"RecoverAI stopped automatic recovery because the payment has already reached 3 unsuccessful attempts. Although the failure reason is temporary bank error, further automatic attempts are restricted to avoid repeated failures. The case is therefore escalated for operator review.","Payment recovery for ₹1,636.02 has been paused after multiple unsuccessful attempts. Our support team will review the case.",Local Fallback,Local Fallback
TXN10019,RecoverAI recommends a payment link because the failure is related to insufficient funds. This gives the customer another way to complete the outstanding payment.,"Hi Customer 1297, your payment of ₹7,526.81 could not be completed. You can complete your payment using the secure payment link provided.",Local Fallback,Local Fallback
TXN10020,"RecoverAI stopped automatic recovery because the payment has already reached 4 unsuccessful attempts. Although the failure reason is temporary bank error, further automatic attempts are restricted to avoid repeated failures. The case is therefore escalated for operator review.",Payment recovery for ₹663.29 has been paused after multiple unsuccessful attempts. Our support team will review the case.,Local Fallback,Local Fallback
TXN10021,RecoverAI recommends a customer prompt because the payment requires customer attention. The customer can verify the payment details and attempt the transaction again.,"Hi Customer 1115, your payment of ₹21,154.85 needs your attention. Please verify your payment details and try again.",Local Fallback,Local Fallback
TXN10022,RecoverAI recommends a reminder because the payment remains recoverable but does not require an immediate technical retry.,"Hi Customer 1193, this is a reminder regarding your pending payment of ₹3,292.87. Please complete the payment at your convenience.",Local Fallback,Local Fallback
TXN10023,"RecoverAI stopped automatic recovery because the payment has already reached 4 unsuccessful attempts. Although the failure reason is insufficient funds, further automatic attempts are restricted to avoid repeated failures. The case is therefore escalated for operator review.","Payment recovery for ₹1,444.41 has been paused after multiple unsuccessful attempts. Our support team will review the case.",Local Fallback,Local Fallback
TXN10024,RecoverAI recommends a payment link because the failure is related to insufficient funds. This gives the customer another way to complete the outstanding payment.,"Hi Customer 1050, your payment of ₹31,701.61 could not be completed. You can complete your payment using the secure payment link provided.",Local Fallback,Local Fallback
TXN10025,RecoverAI recommends a customer prompt because the payment requires customer attention. The customer can verify the payment details and attempt the transaction again.,"Hi Customer 1146, your payment of ₹7,048.48 needs your attention. Please verify your payment details and try again.",Local Fallback,Local Fallback
TXN10026,"RecoverAI stopped automatic recovery because the payment has already reached 4 unsuccessful attempts. Although the failure reason is card expired, further automatic attempts are restricted to avoid repeated failures. The case is therefore escalated for operator review.","Payment recovery for ₹8,147.66 has been paused after multiple unsuccessful attempts. Our support team will review the case.",Local Fallback,Local Fallback
TXN10027,"RecoverAI stopped automatic recovery because the payment has already reached 3 unsuccessful attempts. Although the failure reason is insufficient funds, further automatic attempts are restricted to avoid repeated failures. The case is therefore escalated for operator review.","Payment recovery for ₹1,229.13 has been paused after multiple unsuccessful attempts. Our support team will review the case.",Local Fallback,Local Fallback
TXN10028,"RecoverAI stopped automatic recovery because the payment has already reached 3 unsuccessful attempts. Although the failure reason is insufficient funds, further automatic attempts are restricted to avoid repeated failures. The case is therefore escalated for operator review.","Payment recovery for ₹9,439.20 has been paused after multiple unsuccessful attempts. Our support team will review the case.",Local Fallback,Local Fallback
TXN10029,RecoverAI recommends a payment link because the failure is related to insufficient funds. This gives the customer another way to complete the outstanding payment.,"Hi Customer 1035, your payment of ₹38,356.44 could not be completed. You can complete your payment using the secure payment link provided.",Local Fallback,Local Fallback
TXN10030,RecoverAI recommends a payment link because the failure is related to insufficient funds. This gives the customer another way to complete the outstanding payment.,"Hi Customer 1050, your payment of ₹7,199.06 could not be completed. You can complete your payment using the secure payment link provided.",Local Fallback,Local Fallback
TXN10031,RecoverAI recommends a controlled retry because the failure is related to temporary bank error. The recovery score is 80/100 and the transaction has not exceeded the automatic retry limit.,"Hi Customer 1100, your payment of ₹6,340.61 could not be completed due to a temporary payment issue. Please try the payment again after a short while.",Local Fallback,Local Fallback
TXN10032,"RecoverAI stopped automatic recovery because the payment has already reached 4 unsuccessful attempts. Although the failure reason is temporary bank error, further automatic attempts are restricted to avoid repeated failures. The case is therefore escalated for operator review.","Payment recovery for ₹1,139.04 has been paused after multiple unsuccessful attempts. Our support team will review the case.",Local Fallback,Local Fallback
TXN10033,"RecoverAI stopped automatic recovery because the payment has already reached 3 unsuccessful attempts. Although the failure reason is insufficient funds, further automatic attempts are restricted to avoid repeated failures. The case is therefore escalated for operator review.","Payment recovery for ₹1,955.53 has been paused after multiple unsuccessful attempts. Our support team will review the case.",Local Fallback,Local Fallback
TXN10034,"RecoverAI stopped automatic recovery because the payment has already reached 4 unsuccessful attempts. Although the failure reason is insufficient funds, further automatic attempts are restricted to avoid repeated failures. The case is therefore escalated for operator review.",Payment recovery for ₹344.57 has been paused after multiple unsuccessful attempts. Our support team will review the case.,Local Fallback,Local Fallback
TXN10035,"RecoverAI stopped automatic recovery because the payment has already reached 3 unsuccessful attempts. Although the failure reason is authentication failure, further automatic attempts are restricted to avoid repeated failures. The case is therefore escalated for operator review.","Payment recovery for ₹48,194.61 has been paused after multiple unsuccessful attempts. Our support team will review the case.",Local Fallback,Local Fallback
TXN10036,"RecoverAI stopped automatic recovery because the payment has already reached 4 unsuccessful attempts. Although the failure reason is card expired, further automatic attempts are restricted to avoid repeated failures. The case is therefore escalated for operator review.",Payment recovery for ₹484.56 has been paused after multiple unsuccessful attempts. Our support team will review the case.,Local Fallback,Local Fallback
TXN10037,RecoverAI recommends a controlled retry because the failure is related to temporary bank error. The recovery score is 80/100 and the transaction has not exceeded the automatic retry limit.,"Hi Customer 1179, your payment of ₹8,454.50 could not be completed due to a temporary payment issue. Please try the payment again after a short while.",Local Fallback,Local Fallback
TXN10038,"RecoverAI stopped automatic recovery because the payment has already reached 4 unsuccessful attempts. Although the failure reason is temporary bank error, further automatic attempts are restricted to avoid repeated failures. The case is therefore escalated for operator review.",Payment recovery for ₹873.30 has been paused after multiple unsuccessful attempts. Our support team will review the case.,Local Fallback,Local Fallback
TXN10039,"RecoverAI stopped automatic recovery because the payment has already reached 4 unsuccessful attempts. Although the failure reason is card expired, further automatic attempts are restricted to avoid repeated failures. The case is therefore escalated for operator review.","Payment recovery for ₹1,891.41 has been paused after multiple unsuccessful attempts. Our support team will review the case.",Local Fallback,Local Fallback
TXN10040,"RecoverAI stopped automatic recovery because the payment has already reached 3 unsuccessful attempts. Although the failure reason is temporary bank error, further automatic attempts are restricted to avoid repeated failures. The case is therefore escalated for operator review.","Payment recovery for ₹12,774.45 has been paused after multiple unsuccessful attempts. Our support team will review the case.",Local Fallback,Local Fallback
TXN10041,RecoverAI recommends a controlled retry because the failure is related to network error. The recovery score is 70/100 and the transaction has not exceeded the automatic retry limit.,"Hi Customer 1216, your payment of ₹23,624.98 could not be completed due to a temporary payment issue. Please try the payment again after a short while.",Local Fallback,Local Fallback
TXN10042,"RecoverAI stopped automatic recovery because the payment has already reached 4 unsuccessful attempts. Although the failure reason is unknown, further automatic attempts are restricted to avoid repeated failures. The case is therefore escalated for operator review.","Payment recovery for ₹1,645.27 has been paused after multiple unsuccessful attempts. Our support team will review the case.",Local Fallback,Local Fallback
TXN10043,RecoverAI recommends a controlled retry because the failure is related to network error. The recovery score is 70/100 and the transaction has not exceeded the automatic retry limit.,"Hi Customer 1061, your payment of ₹812.45 could not be completed due to a temporary payment issue. Please try the payment again after a short while.",Local Fallback,Local Fallback
TXN10044,"RecoverAI stopped automatic recovery because the payment has already reached 3 unsuccessful attempts. Although the failure reason is unknown, further automatic attempts are restricted to avoid repeated failures. The case is therefore escalated for operator review.","Payment recovery for ₹21,905.41 has been paused after multiple unsuccessful attempts. Our support team will review the case.",Local Fallback,Local Fallback
TXN10045,RecoverAI recommends a payment link because the failure is related to insufficient funds. This gives the customer another way to complete the outstanding payment.,"Hi Customer 1052, your payment of ₹32,937.52 could not be completed. You can complete your payment using the secure payment link provided.",Local Fallback,Local Fallback
TXN10046,RecoverAI recommends a customer prompt because the payment requires customer attention. The customer can verify the payment details and attempt the transaction again.,"Hi Customer 1234, your payment of ₹8,316.16 needs your attention. Please verify your payment details and try again.",Local Fallback,Local Fallback
TXN10047,RecoverAI recommends a customer prompt because the payment requires customer attention. The customer can verify the payment details and attempt the transaction again.,"Hi Customer 1282, your payment of ₹9,748.25 needs your attention. Please verify your payment details and try again.",Local Fallback,Local Fallback
TXN10048,"RecoverAI stopped automatic recovery because the payment has already reached 4 unsuccessful attempts. Although the failure reason is insufficient funds, further automatic attempts are restricted to avoid repeated failures. The case is therefore escalated for operator review.","Payment recovery for ₹13,393.51 has been paused after multiple unsuccessful attempts. Our support team will review the case.",Local Fallback,Local Fallback
TXN10049,RecoverAI recommends a controlled retry because the failure is related to network error. The recovery score is 70/100 and the transaction has not exceeded the automatic retry limit.,"Hi Customer 1125, your payment of ₹38,327.25 could not be completed due to a temporary payment issue. Please try the payment again after a short while.",Local Fallback,Local Fallback
TXN10050,RecoverAI recommends a controlled retry because the failure is related to temporary bank error. The recovery score is 85/100 and the transaction has not exceeded the automatic retry limit.,"Hi Customer 1189, your payment of ₹2,090.82 could not be completed due to a temporary payment issue. Please try the payment again after a short while.",Local Fallback,Local Fallback
TXN10051,RecoverAI recommends a customer prompt because the payment requires customer attention. The customer can verify the payment details and attempt the transaction again.,"Hi Customer 1148, your payment of ₹919.40 needs your attention. Please verify your payment details and try again.",Local Fallback,Local Fallback
TXN10052,RecoverAI recommends a customer prompt because the payment requires customer attention. The customer can verify the payment details and attempt the transaction again.,"Hi Customer 1000, your payment of ₹46,764.63 needs your attention. Please verify your payment details and try again.",Local Fallback,Local Fallback
TXN10053,"RecoverAI stopped automatic recovery because the payment has already reached 4 unsuccessful attempts. Although the failure reason is unknown, further automatic attempts are restricted to avoid repeated failures. The case is therefore escalated for operator review.","Payment recovery for ₹1,328.60 has been paused after multiple unsuccessful attempts. Our support team will review the case.",Local Fallback,Local Fallback
TXN10054,"RecoverAI stopped automatic recovery because the payment has already reached 4 unsuccessful attempts. Although the failure reason is unknown, further automatic attempts are restricted to avoid repeated failures. The case is therefore escalated for operator review.","Payment recovery for ₹3,357.27 has been paused after multiple unsuccessful attempts. Our support team will review the case.",Local Fallback,Local Fallback
TXN10055,RecoverAI recommends a customer prompt because the payment requires customer attention. The customer can verify the payment details and attempt the transaction again.,"Hi Customer 1009, your payment of ₹702.57 needs your attention. Please verify your payment details and try again.",Local Fallback,Local Fallback
TXN10056,"RecoverAI stopped automatic recovery because the payment has already reached 4 unsuccessful attempts. Although the failure reason is card expired, further automatic attempts are restricted to avoid repeated failures. The case is therefore escalated for operator review.","Payment recovery for ₹11,808.75 has been paused after multiple unsuccessful attempts. Our support team will review the case.",Local Fallback,Local Fallback
TXN10057,RecoverAI recommends a payment link because the failure is related to insufficient funds. This gives the customer another way to complete the outstanding payment.,"Hi Customer 1005, your payment of ₹884.60 could not be completed. You can complete your payment using the secure payment link provided.",Local Fallback,Local Fallback
TXN10058,RecoverAI recommends a controlled retry because the failure is related to network error. The recovery score is 70/100 and the transaction has not exceeded the automatic retry limit.,"Hi Customer 1084, your payment of ₹39,996.43 could not be completed due to a temporary payment issue. Please try the payment again after a short while.",Local Fallback,Local Fallback
TXN10059,"RecoverAI stopped automatic recovery because the payment has already reached 4 unsuccessful attempts. Although the failure reason is network error, further automatic attempts are restricted to avoid repeated failures. The case is therefore escalated for operator review.","Payment recovery for ₹1,009.98 has been paused after multiple unsuccessful attempts. Our support team will review the case.",Local Fallback,Local Fallback
TXN10060,"RecoverAI stopped automatic recovery because the payment has already reached 4 unsuccessful attempts. Although the failure reason is card expired, further automatic attempts are restricted to avoid repeated failures. The case is therefore escalated for operator review.","Payment recovery for ₹29,048.43 has been paused after multiple unsuccessful attempts. Our support team will review the case.",Local Fallback,Local Fallback
TXN10061,"RecoverAI stopped automatic recovery because the payment has already reached 3 unsuccessful attempts. Although the failure reason is network error, further automatic attempts are restricted to avoid repeated failures. The case is therefore escalated for operator review.","Payment recovery for ₹11,151.31 has been paused after multiple unsuccessful attempts. Our support team will review the case.",Local Fallback,Local Fallback
TXN10062,RecoverAI recommends a controlled retry because the failure is related to network error. The recovery score is 90/100 and the transaction has not exceeded the automatic retry limit.,"Hi Customer 1029, your payment of ₹35,465.77 could not be completed due to a temporary payment issue. Please try the payment again after a short while.",Local Fallback,Local Fallback
TXN10063,"RecoverAI stopped automatic recovery because the payment has already reached 4 unsuccessful attempts. Although the failure reason is network error, further automatic attempts are restricted to avoid repeated failures. The case is therefore escalated for operator review.","Payment recovery for ₹8,898.05 has been paused after multiple unsuccessful attempts. Our support team will review the case.",Local Fallback,Local Fallback
TXN10064,"RecoverAI stopped automatic recovery because the payment has already reached 4 unsuccessful attempts. Although the failure reason is insufficient funds, further automatic attempts are restricted to avoid repeated failures. The case is therefore escalated for operator review.","Payment recovery for ₹35,336.03 has been paused after multiple unsuccessful attempts. Our support team will review the case.",Local Fallback,Local Fallback
TXN10065,RecoverAI recommends a controlled retry because the failure is related to temporary bank error. The recovery score is 90/100 and the transaction has not exceeded the automatic retry limit.,"Hi Customer 1004, your payment of ₹26,466.45 could not be completed due to a temporary payment issue. Please try the payment again after a short while.",Local Fallback,Local Fallback
TXN10066,RecoverAI recommends a payment link because the failure is related to insufficient funds. This gives the customer another way to complete the outstanding payment.,"Hi Customer 1217, your payment of ₹4,780.61 could not be completed. You can complete your payment using the secure payment link provided.",Local Fallback,Local Fallback
TXN10067,"RecoverAI stopped automatic recovery because the payment has already reached 3 unsuccessful attempts. Although the failure reason is card expired, further automatic attempts are restricted to avoid repeated failures. The case is therefore escalated for operator review.","Payment recovery for ₹1,441.71 has been paused after multiple unsuccessful attempts. Our support team will review the case.",Local Fallback,Local Fallback
TXN10068,RecoverAI recommends a customer prompt because the payment requires customer attention. The customer can verify the payment details and attempt the transaction again.,"Hi Customer 1215, your payment of ₹17,380.84 needs your attention. Please verify your payment details and try again.",Local Fallback,Local Fallback
TXN10069,"RecoverAI stopped automatic recovery because the payment has already reached 3 unsuccessful attempts. Although the failure reason is card expired, further automatic attempts are restricted to avoid repeated failures. The case is therefore escalated for operator review.","Payment recovery for ₹15,909.56 has been paused after multiple unsuccessful attempts. Our support team will review the case.",Local Fallback,Local Fallback
TXN10070,RecoverAI recommends a controlled retry because the failure is related to temporary bank error. The recovery score is 90/100 and the transaction has not exceeded the automatic retry limit.,"Hi Customer 1125, your payment of ₹1,004.34 could not be completed due to a temporary payment issue. Please try the payment again after a short while.",Local Fallback,Local Fallback
TXN10071,"RecoverAI stopped automatic recovery because the payment has already reached 4 unsuccessful attempts. Although the failure reason is authentication failure, further automatic attempts are restricted to avoid repeated failures. The case is therefore escalated for operator review.","Payment recovery for ₹9,123.33 has been paused after multiple unsuccessful attempts. Our support team will review the case.",Local Fallback,Local Fallback
TXN10072,RecoverAI recommends a controlled retry because the failure is related to network error. The recovery score is 65/100 and the transaction has not exceeded the automatic retry limit.,"Hi Customer 1228, your payment of ₹1,540.79 could not be completed due to a temporary payment issue. Please try the payment again after a short while.",Local Fallback,Local Fallback
TXN10073,RecoverAI recommends a controlled retry because the failure is related to temporary bank error. The recovery score is 50/100 and the transaction has not exceeded the automatic retry limit.,"Hi Customer 1136, your payment of ₹2,060.27 could not be completed due to a temporary payment issue. Please try the payment again after a short while.",Local Fallback,Local Fallback
TXN10074,"RecoverAI stopped automatic recovery because the payment has already reached 4 unsuccessful attempts. Although the failure reason is unknown, further automatic attempts are restricted to avoid repeated failures. The case is therefore escalated for operator review.","Payment recovery for ₹26,415.87 has been paused after multiple unsuccessful attempts. Our support team will review the case.",Local Fallback,Local Fallback
TXN10075,"RecoverAI stopped automatic recovery because the payment has already reached 4 unsuccessful attempts. Although the failure reason is insufficient funds, further automatic attempts are restricted to avoid repeated failures. The case is therefore escalated for operator review.","Payment recovery for ₹47,175.04 has been paused after multiple unsuccessful attempts. Our support team will review the case.",Local Fallback,Local Fallback
TXN10076,RecoverAI recommends a payment link because the failure is related to insufficient funds. This gives the customer another way to complete the outstanding payment.,"Hi Customer 1258, your payment of ₹39,449.89 could not be completed. You can complete your payment using the secure payment link provided.",Local Fallback,Local Fallback
TXN10077,RecoverAI recommends a payment link because the failure is related to insufficient funds. This gives the customer another way to complete the outstanding payment.,"Hi Customer 1100, your payment of ₹15,376.59 could not be completed. You can complete your payment using the secure payment link provided.",Local Fallback,Local Fallback
TXN10078,RecoverAI recommends a controlled retry because the failure is related to temporary bank error. The recovery score is 70/100 and the transaction has not exceeded the automatic retry limit.,"Hi Customer 1136, your payment of ₹2,933.45 could not be completed due to a temporary payment issue. Please try the payment again after a short while.",Local Fallback,Local Fallback
TXN10079,RecoverAI recommends a controlled retry because the failure is related to temporary bank error. The recovery score is 70/100 and the transaction has not exceeded the automatic retry limit.,"Hi Customer 1285, your payment of ₹5,033.45 could not be completed due to a temporary payment issue. Please try the payment again after a short while.",Local Fallback,Local Fallback
TXN10080,RecoverAI recommends a payment link because the failure is related to insufficient funds. This gives the customer another way to complete the outstanding payment.,"Hi Customer 1294, your payment of ₹3,491.05 could not be completed. You can complete your payment using the secure payment link provided.",Local Fallback,Local Fallback
TXN10081,RecoverAI recommends a customer prompt because the payment requires customer attention. The customer can verify the payment details and attempt the transaction again.,"Hi Customer 1103, your payment of ₹1,483.81 needs your attention. Please verify your payment details and try again.",Local Fallback,Local Fallback
TXN10082,"RecoverAI stopped automatic recovery because the payment has already reached 4 unsuccessful attempts. Although the failure reason is network error, further automatic attempts are restricted to avoid repeated failures. The case is therefore escalated for operator review.","Payment recovery for ₹27,261.13 has been paused after multiple unsuccessful attempts. Our support team will review the case.",Local Fallback,Local Fallback
TXN10083,"RecoverAI stopped automatic recovery because the payment has already reached 3 unsuccessful attempts. Although the failure reason is temporary bank error, further automatic attempts are restricted to avoid repeated failures. The case is therefore escalated for operator review.","Payment recovery for ₹9,150.25 has been paused after multiple unsuccessful attempts. Our support team will review the case.",Local Fallback,Local Fallback
TXN10084,"RecoverAI stopped automatic recovery because the payment has already reached 4 unsuccessful attempts. Although the failure reason is card expired, further automatic attempts are restricted to avoid repeated failures. The case is therefore escalated for operator review.","Payment recovery for ₹5,951.36 has been paused after multiple unsuccessful attempts. Our support team will review the case.",Local Fallback,Local Fallback
TXN10085,"RecoverAI stopped automatic recovery because the payment has already reached 4 unsuccessful attempts. Although the failure reason is authentication failure, further automatic attempts are restricted to avoid repeated failures. The case is therefore escalated for operator review.","Payment recovery for ₹1,170.75 has been paused after multiple unsuccessful attempts. Our support team will review the case.",Local Fallback,Local Fallback
TXN10086,RecoverAI recommends a payment link because the failure is related to insufficient funds. This gives the customer another way to complete the outstanding payment.,"Hi Customer 1140, your payment of ₹3,452.60 could not be completed. You can complete your payment using the secure payment link provided.",Local Fallback,Local Fallback
TXN10087,RecoverAI recommends a reminder because the payment remains recoverable but does not require an immediate technical retry.,"Hi Customer 1126, this is a reminder regarding your pending payment of ₹20,240.62. Please complete the payment at your convenience.",Local Fallback,Local Fallback
TXN10088,RecoverAI recommends a reminder because the payment remains recoverable but does not require an immediate technical retry.,"Hi Customer 1100, this is a reminder regarding your pending payment of ₹6,609.73. Please complete the payment at your convenience.",Local Fallback,Local Fallback
TXN10089,"RecoverAI stopped automatic recovery because the payment has already reached 4 unsuccessful attempts. Although the failure reason is authentication failure, further automatic attempts are restricted to avoid repeated failures. The case is therefore escalated for operator review.","Payment recovery for ₹1,971.71 has been paused after multiple unsuccessful attempts. Our support team will review the case.",Local Fallback,Local Fallback
TXN10090,RecoverAI recommends a customer prompt because the payment requires customer attention. The customer can verify the payment details and attempt the transaction again.,"Hi Customer 1016, your payment of ₹34,148.86 needs your attention. Please verify your payment details and try again.",Local Fallback,Local Fallback
TXN10091,RecoverAI recommends a controlled retry because the failure is related to temporary bank error. The recovery score is 70/100 and the transaction has not exceeded the automatic retry limit.,"Hi Customer 1284, your payment of ₹2,262.74 could not be completed due to a temporary payment issue. Please try the payment again after a short while.",Local Fallback,Local Fallback
TXN10092,RecoverAI recommends a reminder because the payment remains recoverable but does not require an immediate technical retry.,"Hi Customer 1062, this is a reminder regarding your pending payment of ₹1,244.06. Please complete the payment at your convenience.",Local Fallback,Local Fallback
TXN10093,"RecoverAI stopped automatic recovery because the payment has already reached 3 unsuccessful attempts. Although the failure reason is temporary bank error, further automatic attempts are restricted to avoid repeated failures. The case is therefore escalated for operator review.","Payment recovery for ₹1,993.37 has been paused after multiple unsuccessful attempts. Our support team will review the case.",Local Fallback,Local Fallback
TXN10094,RecoverAI recommends a controlled retry because the failure is related to network error. The recovery score is 75/100 and the transaction has not exceeded the automatic retry limit.,"Hi Customer 1112, your payment of ₹43,462.59 could not be completed due to a temporary payment issue. Please try the payment again after a short while.",Local Fallback,Local Fallback
TXN10095,"RecoverAI stopped automatic recovery because the payment has already reached 4 unsuccessful attempts. Although the failure reason is unknown, further automatic attempts are restricted to avoid repeated failures. The case is therefore escalated for operator review.",Payment recovery for ₹920.37 has been paused after multiple unsuccessful attempts. Our support team will review the case.,Local Fallback,Local Fallback
TXN10096,"RecoverAI stopped automatic recovery because the payment has already reached 3 unsuccessful attempts. Although the failure reason is temporary bank error, further automatic attempts are restricted to avoid repeated failures. The case is therefore escalated for operator review.","Payment recovery for ₹2,203.07 has been paused after multiple unsuccessful attempts. Our support team will review the case.",Local Fallback,Local Fallback
TXN10097,"RecoverAI stopped automatic recovery because the payment has already reached 3 unsuccessful attempts. Although the failure reason is network error, further automatic attempts are restricted to avoid repeated failures. The case is therefore escalated for operator review.","Payment recovery for ₹41,996.64 has been paused after multiple unsuccessful attempts. Our support team will review the case.",Local Fallback,Local Fallback
TXN10098,RecoverAI recommends a payment link because the failure is related to insufficient funds. This gives the customer another way to complete the outstanding payment.,"Hi Customer 1160, your payment of ₹9,700.23 could not be completed. You can complete your payment using the secure payment link provided.",Local Fallback,Local Fallback
TXN10099,RecoverAI recommends a reminder because the payment remains recoverable but does not require an immediate technical retry.,"Hi Customer 1194, this is a reminder regarding your pending payment of ₹573.20. Please complete the payment at your convenience.",Local Fallback,Local Fallback
TXN10100,"RecoverAI stopped automatic recovery because the payment has already reached 4 unsuccessful attempts. Although the failure reason is insufficient funds, further automatic attempts are restricted to avoid repeated failures. The case is therefore escalated for operator review.","Payment recovery for ₹4,144.24 has been paused after multiple unsuccessful attempts. Our support team will review the case.",Local Fallback,Local Fallback
TXN10101,RecoverAI recommends a customer prompt because the payment requires customer attention. The customer can verify the payment details and attempt the transaction again.,"Hi Customer 1236, your payment of ₹49,414.69 needs your attention. Please verify your payment details and try again.",Local Fallback,Local Fallback
TXN10102,RecoverAI recommends a controlled retry because the failure is related to network error. The recovery score is 85/100 and the transaction has not exceeded the automatic retry limit.,"Hi Customer 1127, your payment of ₹3,743.97 could not be completed due to a temporary payment issue. Please try the payment again after a short while.",Local Fallback,Local Fallback
TXN10103,"RecoverAI stopped automatic recovery because the payment has already reached 3 unsuccessful attempts. Although the failure reason is card expired, further automatic attempts are restricted to avoid repeated failures. The case is therefore escalated for operator review.",Payment recovery for ₹410.95 has been paused after multiple unsuccessful attempts. Our support team will review the case.,Local Fallback,Local Fallback
TXN10104,RecoverAI recommends a customer prompt because the payment requires customer attention. The customer can verify the payment details and attempt the transaction again.,"Hi Customer 1189, your payment of ₹1,819.03 needs your attention. Please verify your payment details and try again.",Local Fallback,Local Fallback
TXN10105,RecoverAI recommends a customer prompt because the payment requires customer attention. The customer can verify the payment details and attempt the transaction again.,"Hi Customer 1295, your payment of ₹16,651.33 needs your attention. Please verify your payment details and try again.",Local Fallback,Local Fallback
TXN10106,RecoverAI recommends a reminder because the payment remains recoverable but does not require an immediate technical retry.,"Hi Customer 1249, this is a reminder regarding your pending payment of ₹38,861.31. Please complete the payment at your convenience.",Local Fallback,Local Fallback
TXN10107,RecoverAI recommends a controlled retry because the failure is related to temporary bank error. The recovery score is 90/100 and the transaction has not exceeded the automatic retry limit.,"Hi Customer 1072, your payment of ₹33,803.12 could not be completed due to a temporary payment issue. Please try the payment again after a short while.",Local Fallback,Local Fallback
TXN10108,"RecoverAI stopped automatic recovery because the payment has already reached 3 unsuccessful attempts. Although the failure reason is temporary bank error, further automatic attempts are restricted to avoid repeated failures. The case is therefore escalated for operator review.","Payment recovery for ₹29,819.65 has been paused after multiple unsuccessful attempts. Our support team will review the case.",Local Fallback,Local Fallback
TXN10109,RecoverAI recommends a reminder because the payment remains recoverable but does not require an immediate technical retry.,"Hi Customer 1011, this is a reminder regarding your pending payment of ₹1,940.86. Please complete the payment at your convenience.",Local Fallback,Local Fallback
TXN10110,RecoverAI recommends a controlled retry because the failure is related to network error. The recovery score is 80/100 and the transaction has not exceeded the automatic retry limit.,"Hi Customer 1088, your payment of ₹1,174.42 could not be completed due to a temporary payment issue. Please try the payment again after a short while.",Local Fallback,Local Fallback
TXN10111,RecoverAI recommends a customer prompt because the payment requires customer attention. The customer can verify the payment details and attempt the transaction again.,"Hi Customer 1085, your payment of ₹7,544.71 needs your attention. Please verify your payment details and try again.",Local Fallback,Local Fallback
TXN10112,RecoverAI recommends a payment link because the failure is related to insufficient funds. This gives the customer another way to complete the outstanding payment.,"Hi Customer 1102, your payment of ₹1,846.88 could not be completed. You can complete your payment using the secure payment link provided.",Local Fallback,Local Fallback
TXN10113,RecoverAI recommends a customer prompt because the payment requires customer attention. The customer can verify the payment details and attempt the transaction again.,"Hi Customer 1038, your payment of ₹265.61 needs your attention. Please verify your payment details and try again.",Local Fallback,Local Fallback
TXN10114,RecoverAI recommends a customer prompt because the payment requires customer attention. The customer can verify the payment details and attempt the transaction again.,"Hi Customer 1226, your payment of ₹766.52 needs your attention. Please verify your payment details and try again.",Local Fallback,Local Fallback
TXN10115,"RecoverAI stopped automatic recovery because the payment has already reached 3 unsuccessful attempts. Although the failure reason is network error, further automatic attempts are restricted to avoid repeated failures. The case is therefore escalated for operator review.","Payment recovery for ₹1,765.18 has been paused after multiple unsuccessful attempts. Our support team will review the case.",Local Fallback,Local Fallback
TXN10116,"RecoverAI stopped automatic recovery because the payment has already reached 4 unsuccessful attempts. Although the failure reason is insufficient funds, further automatic attempts are restricted to avoid repeated failures. The case is therefore escalated for operator review.","Payment recovery for ₹1,062.61 has been paused after multiple unsuccessful attempts. Our support team will review the case.",Local Fallback,Local Fallback
TXN10117,RecoverAI recommends a payment link because the failure is related to insufficient funds. This gives the customer another way to complete the outstanding payment.,"Hi Customer 1139, your payment of ₹4,836.62 could not be completed. You can complete your payment using the secure payment link provided.",Local Fallback,Local Fallback
TXN10118,RecoverAI recommends a customer prompt because the payment requires customer attention. The customer can verify the payment details and attempt the transaction again.,"Hi Customer 1198, your payment of ₹8,383.12 needs your attention. Please verify your payment details and try again.",Local Fallback,Local Fallback
TXN10119,RecoverAI recommends a customer prompt because the payment requires customer attention. The customer can verify the payment details and attempt the transaction again.,"Hi Customer 1217, your payment of ₹47,709.27 needs your attention. Please verify your payment details and try again.",Local Fallback,Local Fallback
TXN10120,RecoverAI recommends a controlled retry because the failure is related to temporary bank error. The recovery score is 75/100 and the transaction has not exceeded the automatic retry limit.,"Hi Customer 1240, your payment of ₹265.12 could not be completed due to a temporary payment issue. Please try the payment again after a short while.",Local Fallback,Local Fallback
TXN10121,RecoverAI recommends a customer prompt because the payment requires customer attention. The customer can verify the payment details and attempt the transaction again.,"Hi Customer 1088, your payment of ₹5,169.54 needs your attention. Please verify your payment details and try again.",Local Fallback,Local Fallback
TXN10122,RecoverAI recommends a controlled retry because the failure is related to temporary bank error. The recovery score is 85/100 and the transaction has not exceeded the automatic retry limit.,"Hi Customer 1169, your payment of ₹1,266.29 could not be completed due to a temporary payment issue. Please try the payment again after a short while.",Local Fallback,Local Fallback
TXN10123,"RecoverAI stopped automatic recovery because the payment has already reached 4 unsuccessful attempts. Although the failure reason is insufficient funds, further automatic attempts are restricted to avoid repeated failures. The case is therefore escalated for operator review.","Payment recovery for ₹32,034.29 has been paused after multiple unsuccessful attempts. Our support team will review the case.",Local Fallback,Local Fallback
TXN10124,"RecoverAI stopped automatic recovery because the payment has already reached 4 unsuccessful attempts. Although the failure reason is authentication failure, further automatic attempts are restricted to avoid repeated failures. The case is therefore escalated for operator review.","Payment recovery for ₹1,157.68 has been paused after multiple unsuccessful attempts. Our support team will review the case.",Local Fallback,Local Fallback
TXN10125,"RecoverAI stopped automatic recovery because the payment has already reached 4 unsuccessful attempts. Although the failure reason is authentication failure, further automatic attempts are restricted to avoid repeated failures. The case is therefore escalated for operator review.","Payment recovery for ₹1,227.37 has been paused after multiple unsuccessful attempts. Our support team will review the case.",Local Fallback,Local Fallback
TXN10126,RecoverAI recommends a customer prompt because the payment requires customer attention. The customer can verify the payment details and attempt the transaction again.,"Hi Customer 1234, your payment of ₹1,760.13 needs your attention. Please verify your payment details and try again.",Local Fallback,Local Fallback
TXN10127,"RecoverAI stopped automatic recovery because the payment has already reached 3 unsuccessful attempts. Although the failure reason is temporary bank error, further automatic attempts are restricted to avoid repeated failures. The case is therefore escalated for operator review.","Payment recovery for ₹5,723.29 has been paused after multiple unsuccessful attempts. Our support team will review the case.",Local Fallback,Local Fallback
TXN10128,"RecoverAI stopped automatic recovery because the payment has already reached 4 unsuccessful attempts. Although the failure reason is authentication failure, further automatic attempts are restricted to avoid repeated failures. The case is therefore escalated for operator review.","Payment recovery for ₹1,696.84 has been paused after multiple unsuccessful attempts. Our support team will review the case.",Local Fallback,Local Fallback
TXN10129,RecoverAI recommends a reminder because the payment remains recoverable but does not require an immediate technical retry.,"Hi Customer 1241, this is a reminder regarding your pending payment of ₹430.21. Please complete the payment at your convenience.",Local Fallback,Local Fallback
TXN10130,"RecoverAI stopped automatic recovery because the payment has already reached 4 unsuccessful attempts. Although the failure reason is temporary bank error, further automatic attempts are restricted to avoid repeated failures. The case is therefore escalated for operator review.","Payment recovery for ₹1,904.14 has been paused after multiple unsuccessful attempts. Our support team will review the case.",Local Fallback,Local Fallback
TXN10131,"RecoverAI stopped automatic recovery because the payment has already reached 3 unsuccessful attempts. Although the failure reason is temporary bank error, further automatic attempts are restricted to avoid repeated failures. The case is therefore escalated for operator review.","Payment recovery for ₹39,986.07 has been paused after multiple unsuccessful attempts. Our support team will review the case.",Local Fallback,Local Fallback
TXN10132,"RecoverAI stopped automatic recovery because the payment has already reached 3 unsuccessful attempts. Although the failure reason is unknown, further automatic attempts are restricted to avoid repeated failures. The case is therefore escalated for operator review.","Payment recovery for ₹4,019.82 has been paused after multiple unsuccessful attempts. Our support team will review the case.",Local Fallback,Local Fallback
TXN10133,"RecoverAI stopped automatic recovery because the payment has already reached 3 unsuccessful attempts. Although the failure reason is network error, further automatic attempts are restricted to avoid repeated failures. The case is therefore escalated for operator review.","Payment recovery for ₹7,548.76 has been paused after multiple unsuccessful attempts. Our support team will review the case.",Local Fallback,Local Fallback
TXN10134,RecoverAI recommends a controlled retry because the failure is related to network error. The recovery score is 90/100 and the transaction has not exceeded the automatic retry limit.,"Hi Customer 1057, your payment of ₹255.34 could not be completed due to a temporary payment issue. Please try the payment again after a short while.",Local Fallback,Local Fallback
TXN10135,"RecoverAI stopped automatic recovery because the payment has already reached 4 unsuccessful attempts. Although the failure reason is authentication failure, further automatic attempts are restricted to avoid repeated failures. The case is therefore escalated for operator review.","Payment recovery for ₹1,808.38 has been paused after multiple unsuccessful attempts. Our support team will review the case.",Local Fallback,Local Fallback
TXN10136,"RecoverAI stopped automatic recovery because the payment has already reached 4 unsuccessful attempts. Although the failure reason is network error, further automatic attempts are restricted to avoid repeated failures. The case is therefore escalated for operator review.","Payment recovery for ₹3,229.11 has been paused after multiple unsuccessful attempts. Our support team will review the case.",Local Fallback,Local Fallback
TXN10137,"RecoverAI stopped automatic recovery because the payment has already reached 4 unsuccessful attempts. Although the failure reason is authentication failure, further automatic attempts are restricted to avoid repeated failures. The case is therefore escalated for operator review.","Payment recovery for ₹2,009.85 has been paused after multiple unsuccessful attempts. Our support team will review the case.",Local Fallback,Local Fallback
TXN10138,RecoverAI recommends a controlled retry because the failure is related to temporary bank error. The recovery score is 85/100 and the transaction has not exceeded the automatic retry limit.,"Hi Customer 1094, your payment of ₹41,902.36 could not be completed due to a temporary payment issue. Please try the payment again after a short while.",Local Fallback,Local Fallback
TXN10139,"RecoverAI stopped automatic recovery because the payment has already reached 4 unsuccessful attempts. Although the failure reason is authentication failure, further automatic attempts are restricted to avoid repeated failures. The case is therefore escalated for operator review.","Payment recovery for ₹7,255.21 has been paused after multiple unsuccessful attempts. Our support team will review the case.",Local Fallback,Local Fallback
TXN10140,RecoverAI recommends a reminder because the payment remains recoverable but does not require an immediate technical retry.,"Hi Customer 1232, this is a reminder regarding your pending payment of ₹455.49. Please complete the payment at your convenience.",Local Fallback,Local Fallback
TXN10141,RecoverAI recommends a customer prompt because the payment requires customer attention. The customer can verify the payment details and attempt the transaction again.,"Hi Customer 1105, your payment of ₹2,265.59 needs your attention. Please verify your payment details and try again.",Local Fallback,Local Fallback
TXN10142,"RecoverAI stopped automatic recovery because the payment has already reached 3 unsuccessful attempts. Although the failure reason is unknown, further automatic attempts are restricted to avoid repeated failures. The case is therefore escalated for operator review.","Payment recovery for ₹35,457.21 has been paused after multiple unsuccessful attempts. Our support team will review the case.",Local Fallback,Local Fallback
TXN10143,"RecoverAI stopped automatic recovery because the payment has already reached 4 unsuccessful attempts. Although the failure reason is temporary bank error, further automatic attempts are restricted to avoid repeated failures. The case is therefore escalated for operator review.","Payment recovery for ₹7,711.98 has been paused after multiple unsuccessful attempts. Our support team will review the case.",Local Fallback,Local Fallback
TXN10144,"RecoverAI stopped automatic recovery because the payment has already reached 3 unsuccessful attempts. Although the failure reason is temporary bank error, further automatic attempts are restricted to avoid repeated failures. The case is therefore escalated for operator review.","Payment recovery for ₹7,147.98 has been paused after multiple unsuccessful attempts. Our support team will review the case.",Local Fallback,Local Fallback
TXN10145,"RecoverAI stopped automatic recovery because the payment has already reached 4 unsuccessful attempts. Although the failure reason is temporary bank error, further automatic attempts are restricted to avoid repeated failures. The case is therefore escalated for operator review.",Payment recovery for ₹593.59 has been paused after multiple unsuccessful attempts. Our support team will review the case.,Local Fallback,Local Fallback
TXN10146,RecoverAI recommends a controlled retry because the failure is related to network error. The recovery score is 75/100 and the transaction has not exceeded the automatic retry limit.,"Hi Customer 1212, your payment of ₹48,991.73 could not be completed due to a temporary payment issue. Please try the payment again after a short while.",Local Fallback,Local Fallback
TXN10147,"RecoverAI stopped automatic recovery because the payment has already reached 4 unsuccessful attempts. Although the failure reason is card expired, further automatic attempts are restricted to avoid repeated failures. The case is therefore escalated for operator review.","Payment recovery for ₹7,940.91 has been paused after multiple unsuccessful attempts. Our support team will review the case.",Local Fallback,Local Fallback
TXN10148,RecoverAI recommends a customer prompt because the payment requires customer attention. The customer can verify the payment details and attempt the transaction again.,"Hi Customer 1236, your payment of ₹6,848.90 needs your attention. Please verify your payment details and try again.",Local Fallback,Local Fallback
TXN10149,RecoverAI recommends a customer prompt because the payment requires customer attention. The customer can verify the payment details and attempt the transaction again.,"Hi Customer 1001, your payment of ₹8,687.15 needs your attention. Please verify your payment details and try again.",Local Fallback,Local Fallback
TXN10150,"RecoverAI stopped automatic recovery because the payment has already reached 4 unsuccessful attempts. Although the failure reason is insufficient funds, further automatic attempts are restricted to avoid repeated failures. The case is therefore escalated for operator review.","Payment recovery for ₹8,834.23 has been paused after multiple unsuccessful attempts. Our support team will review the case.",Local Fallback,Local Fallback
TXN10151,"RecoverAI stopped automatic recovery because the payment has already reached 4 unsuccessful attempts. Although the failure reason is insufficient funds, further automatic attempts are restricted to avoid repeated failures. The case is therefore escalated for operator review.","Payment recovery for ₹7,216.33 has been paused after multiple unsuccessful attempts. Our support team will review the case.",Local Fallback,Local Fallback
TXN10152,RecoverAI recommends a customer prompt because the payment requires customer attention. The customer can verify the payment details and attempt the transaction again.,"Hi Customer 1170, your payment of ₹2,587.90 needs your attention. Please verify your payment details and try again.",Local Fallback,Local Fallback
TXN10153,RecoverAI recommends a controlled retry because the failure is related to network error. The recovery score is 90/100 and the transaction has not exceeded the automatic retry limit.,"Hi Customer 1043, your payment of ₹1,906.45 could not be completed due to a temporary payment issue. Please try the payment again after a short while.",Local Fallback,Local Fallback
TXN10154,RecoverAI recommends a reminder because the payment remains recoverable but does not require an immediate technical retry.,"Hi Customer 1281, this is a reminder regarding your pending payment of ₹32,325.61. Please complete the payment at your convenience.",Local Fallback,Local Fallback
TXN10155,RecoverAI recommends manual review because the recovery score is 25/100 and automatic recovery is not considered suitable.,Your payment of ₹269.82 has been flagged for manual review. No further automatic recovery action will be taken at this time.,Local Fallback,Local Fallback
TXN10156,"RecoverAI stopped automatic recovery because the payment has already reached 4 unsuccessful attempts. Although the failure reason is authentication failure, further automatic attempts are restricted to avoid repeated failures. The case is therefore escalated for operator review.","Payment recovery for ₹1,062.81 has been paused after multiple unsuccessful attempts. Our support team will review the case.",Local Fallback,Local Fallback
TXN10157,RecoverAI recommends a controlled retry because the failure is related to temporary bank error. The recovery score is 75/100 and the transaction has not exceeded the automatic retry limit.,"Hi Customer 1156, your payment of ₹2,239.76 could not be completed due to a temporary payment issue. Please try the payment again after a short while.",Local Fallback,Local Fallback
TXN10158,RecoverAI recommends a reminder because the payment remains recoverable but does not require an immediate technical retry.,"Hi Customer 1144, this is a reminder regarding your pending payment of ₹8,944.27. Please complete the payment at your convenience.",Local Fallback,Local Fallback
TXN10159,RecoverAI recommends a reminder because the payment remains recoverable but does not require an immediate technical retry.,"Hi Customer 1141, this is a reminder regarding your pending payment of ₹40,740.77. Please complete the payment at your convenience.",Local Fallback,Local Fallback
TXN10160,RecoverAI recommends a payment link because the failure is related to insufficient funds. This gives the customer another way to complete the outstanding payment.,"Hi Customer 1268, your payment of ₹7,209.21 could not be completed. You can complete your payment using the secure payment link provided.",Local Fallback,Local Fallback
TXN10161,"RecoverAI stopped automatic recovery because the payment has already reached 3 unsuccessful attempts. Although the failure reason is unknown, further automatic attempts are restricted to avoid repeated failures. The case is therefore escalated for operator review.","Payment recovery for ₹6,535.56 has been paused after multiple unsuccessful attempts. Our support team will review the case.",Local Fallback,Local Fallback
TXN10162,"RecoverAI stopped automatic recovery because the payment has already reached 4 unsuccessful attempts. Although the failure reason is insufficient funds, further automatic attempts are restricted to avoid repeated failures. The case is therefore escalated for operator review.","Payment recovery for ₹8,541.86 has been paused after multiple unsuccessful attempts. Our support team will review the case.",Local Fallback,Local Fallback
TXN10163,RecoverAI recommends a controlled retry because the failure is related to temporary bank error. The recovery score is 50/100 and the transaction has not exceeded the automatic retry limit.,"Hi Customer 1264, your payment of ₹3,900.12 could not be completed due to a temporary payment issue. Please try the payment again after a short while.",Local Fallback,Local Fallback
TXN10164,"RecoverAI stopped automatic recovery because the payment has already reached 4 unsuccessful attempts. Although the failure reason is temporary bank error, further automatic attempts are restricted to avoid repeated failures. The case is therefore escalated for operator review.","Payment recovery for ₹8,905.81 has been paused after multiple unsuccessful attempts. Our support team will review the case.",Local Fallback,Local Fallback
TXN10165,"RecoverAI stopped automatic recovery because the payment has already reached 3 unsuccessful attempts. Although the failure reason is temporary bank error, further automatic attempts are restricted to avoid repeated failures. The case is therefore escalated for operator review.","Payment recovery for ₹8,118.30 has been paused after multiple unsuccessful attempts. Our support team will review the case.",Local Fallback,Local Fallback
TXN10166,RecoverAI recommends a payment link because the failure is related to insufficient funds. This gives the customer another way to complete the outstanding payment.,"Hi Customer 1051, your payment of ₹47,081.38 could not be completed. You can complete your payment using the secure payment link provided.",Local Fallback,Local Fallback
TXN10167,RecoverAI recommends a payment link because the failure is related to insufficient funds. This gives the customer another way to complete the outstanding payment.,"Hi Customer 1262, your payment of ₹9,435.92 could not be completed. You can complete your payment using the secure payment link provided.",Local Fallback,Local Fallback
TXN10168,RecoverAI recommends a customer prompt because the payment requires customer attention. The customer can verify the payment details and attempt the transaction again.,"Hi Customer 1262, your payment of ₹31,006.54 needs your attention. Please verify your payment details and try again.",Local Fallback,Local Fallback
TXN10169,RecoverAI recommends a customer prompt because the payment requires customer attention. The customer can verify the payment details and attempt the transaction again.,"Hi Customer 1008, your payment of ₹31,059.97 needs your attention. Please verify your payment details and try again.",Local Fallback,Local Fallback
TXN10170,"RecoverAI stopped automatic recovery because the payment has already reached 3 unsuccessful attempts. Although the failure reason is authentication failure, further automatic attempts are restricted to avoid repeated failures. The case is therefore escalated for operator review.","Payment recovery for ₹3,398.01 has been paused after multiple unsuccessful attempts. Our support team will review the case.",Local Fallback,Local Fallback
TXN10171,RecoverAI recommends a payment link because the failure is related to insufficient funds. This gives the customer another way to complete the outstanding payment.,"Hi Customer 1107, your payment of ₹5,389.48 could not be completed. You can complete your payment using the secure payment link provided.",Local Fallback,Local Fallback
TXN10172,"RecoverAI stopped automatic recovery because the payment has already reached 3 unsuccessful attempts. Although the failure reason is temporary bank error, further automatic attempts are restricted to avoid repeated failures. The case is therefore escalated for operator review.","Payment recovery for ₹1,752.03 has been paused after multiple unsuccessful attempts. Our support team will review the case.",Local Fallback,Local Fallback
TXN10173,RecoverAI recommends a payment link because the failure is related to insufficient funds. This gives the customer another way to complete the outstanding payment.,"Hi Customer 1240, your payment of ₹49,511.42 could not be completed. You can complete your payment using the secure payment link provided.",Local Fallback,Local Fallback
TXN10174,RecoverAI recommends a payment link because the failure is related to insufficient funds. This gives the customer another way to complete the outstanding payment.,"Hi Customer 1163, your payment of ₹4,728.38 could not be completed. You can complete your payment using the secure payment link provided.",Local Fallback,Local Fallback
TXN10175,RecoverAI recommends a customer prompt because the payment requires customer attention. The customer can verify the payment details and attempt the transaction again.,"Hi Customer 1026, your payment of ₹544.36 needs your attention. Please verify your payment details and try again.",Local Fallback,Local Fallback
TXN10176,RecoverAI recommends a payment link because the failure is related to insufficient funds. This gives the customer another way to complete the outstanding payment.,"Hi Customer 1171, your payment of ₹33,712.48 could not be completed. You can complete your payment using the secure payment link provided.",Local Fallback,Local Fallback
TXN10177,"RecoverAI stopped automatic recovery because the payment has already reached 4 unsuccessful attempts. Although the failure reason is authentication failure, further automatic attempts are restricted to avoid repeated failures. The case is therefore escalated for operator review.","Payment recovery for ₹6,461.71 has been paused after multiple unsuccessful attempts. Our support team will review the case.",Local Fallback,Local Fallback
TXN10178,"RecoverAI stopped automatic recovery because the payment has already reached 4 unsuccessful attempts. Although the failure reason is temporary bank error, further automatic attempts are restricted to avoid repeated failures. The case is therefore escalated for operator review.","Payment recovery for ₹3,363.65 has been paused after multiple unsuccessful attempts. Our support team will review the case.",Local Fallback,Local Fallback
TXN10179,RecoverAI recommends a controlled retry because the failure is related to network error. The recovery score is 85/100 and the transaction has not exceeded the automatic retry limit.,"Hi Customer 1083, your payment of ₹3,876.90 could not be completed due to a temporary payment issue. Please try the payment again after a short while.",Local Fallback,Local Fallback
TXN10180,RecoverAI recommends a controlled retry because the failure is related to network error. The recovery score is 65/100 and the transaction has not exceeded the automatic retry limit.,"Hi Customer 1150, your payment of ₹1,321.45 could not be completed due to a temporary payment issue. Please try the payment again after a short while.",Local Fallback,Local Fallback
TXN10181,"RecoverAI stopped automatic recovery because the payment has already reached 4 unsuccessful attempts. Although the failure reason is insufficient funds, further automatic attempts are restricted to avoid repeated failures. The case is therefore escalated for operator review.","Payment recovery for ₹13,505.71 has been paused after multiple unsuccessful attempts. Our support team will review the case.",Local Fallback,Local Fallback
TXN10182,"RecoverAI stopped automatic recovery because the payment has already reached 4 unsuccessful attempts. Although the failure reason is insufficient funds, further automatic attempts are restricted to avoid repeated failures. The case is therefore escalated for operator review.","Payment recovery for ₹41,451.04 has been paused after multiple unsuccessful attempts. Our support team will review the case.",Local Fallback,Local Fallback
TXN10183,"RecoverAI stopped automatic recovery because the payment has already reached 4 unsuccessful attempts. Although the failure reason is network error, further automatic attempts are restricted to avoid repeated failures. The case is therefore escalated for operator review.","Payment recovery for ₹5,044.61 has been paused after multiple unsuccessful attempts. Our support team will review the case.",Local Fallback,Local Fallback
TXN10184,RecoverAI recommends a customer prompt because the payment requires customer attention. The customer can verify the payment details and attempt the transaction again.,"Hi Customer 1094, your payment of ₹7,558.91 needs your attention. Please verify your payment details and try again.",Local Fallback,Local Fallback
TXN10185,RecoverAI recommends a payment link because the failure is related to insufficient funds. This gives the customer another way to complete the outstanding payment.,"Hi Customer 1024, your payment of ₹1,075.71 could not be completed. You can complete your payment using the secure payment link provided.",Local Fallback,Local Fallback
TXN10186,"RecoverAI stopped automatic recovery because the payment has already reached 4 unsuccessful attempts. Although the failure reason is insufficient funds, further automatic attempts are restricted to avoid repeated failures. The case is therefore escalated for operator review.",Payment recovery for ₹617.59 has been paused after multiple unsuccessful attempts. Our support team will review the case.,Local Fallback,Local Fallback
TXN10187,RecoverAI recommends a payment link because the failure is related to insufficient funds. This gives the customer another way to complete the outstanding payment.,"Hi Customer 1252, your payment of ₹16,080.99 could not be completed. You can complete your payment using the secure payment link provided.",Local Fallback,Local Fallback
TXN10188,RecoverAI recommends a controlled retry because the failure is related to network error. The recovery score is 70/100 and the transaction has not exceeded the automatic retry limit.,"Hi Customer 1251, your payment of ₹1,314.10 could not be completed due to a temporary payment issue. Please try the payment again after a short while.",Local Fallback,Local Fallback
TXN10189,"RecoverAI stopped automatic recovery because the payment has already reached 4 unsuccessful attempts. Although the failure reason is temporary bank error, further automatic attempts are restricted to avoid repeated failures. The case is therefore escalated for operator review.","Payment recovery for ₹1,311.49 has been paused after multiple unsuccessful attempts. Our support team will review the case.",Local Fallback,Local Fallback
TXN10190,RecoverAI recommends a payment link because the failure is related to insufficient funds. This gives the customer another way to complete the outstanding payment.,"Hi Customer 1085, your payment of ₹434.28 could not be completed. You can complete your payment using the secure payment link provided.",Local Fallback,Local Fallback
TXN10191,"RecoverAI stopped automatic recovery because the payment has already reached 3 unsuccessful attempts. Although the failure reason is authentication failure, further automatic attempts are restricted to avoid repeated failures. The case is therefore escalated for operator review.","Payment recovery for ₹1,933.88 has been paused after multiple unsuccessful attempts. Our support team will review the case.",Local Fallback,Local Fallback
TXN10192,RecoverAI recommends a controlled retry because the failure is related to temporary bank error. The recovery score is 100/100 and the transaction has not exceeded the automatic retry limit.,"Hi Customer 1190, your payment of ₹781.30 could not be completed due to a temporary payment issue. Please try the payment again after a short while.",Local Fallback,Local Fallback
TXN10193,RecoverAI recommends a customer prompt because the payment requires customer attention. The customer can verify the payment details and attempt the transaction again.,"Hi Customer 1041, your payment of ₹4,127.89 needs your attention. Please verify your payment details and try again.",Local Fallback,Local Fallback
TXN10194,"RecoverAI stopped automatic recovery because the payment has already reached 4 unsuccessful attempts. Although the failure reason is network error, further automatic attempts are restricted to avoid repeated failures. The case is therefore escalated for operator review.","Payment recovery for ₹1,612.03 has been paused after multiple unsuccessful attempts. Our support team will review the case.",Local Fallback,Local Fallback
TXN10195,"RecoverAI stopped automatic recovery because the payment has already reached 4 unsuccessful attempts. Although the failure reason is card expired, further automatic attempts are restricted to avoid repeated failures. The case is therefore escalated for operator review.","Payment recovery for ₹28,459.10 has been paused after multiple unsuccessful attempts. Our support team will review the case.",Local Fallback,Local Fallback
TXN10196,RecoverAI recommends a controlled retry because the failure is related to network error. The recovery score is 55/100 and the transaction has not exceeded the automatic retry limit.,"Hi Customer 1151, your payment of ₹469.30 could not be completed due to a temporary payment issue. Please try the payment again after a short while.",Local Fallback,Local Fallback
TXN10197,"RecoverAI stopped automatic recovery because the payment has already reached 3 unsuccessful attempts. Although the failure reason is unknown, further automatic attempts are restricted to avoid repeated failures. The case is therefore escalated for operator review.","Payment recovery for ₹25,503.81 has been paused after multiple unsuccessful attempts. Our support team will review the case.",Local Fallback,Local Fallback
TXN10198,"RecoverAI stopped automatic recovery because the payment has already reached 4 unsuccessful attempts. Although the failure reason is insufficient funds, further automatic attempts are restricted to avoid repeated failures. The case is therefore escalated for operator review.","Payment recovery for ₹2,787.07 has been paused after multiple unsuccessful attempts. Our support team will review the case.",Local Fallback,Local Fallback
TXN10199,RecoverAI recommends a customer prompt because the payment requires customer attention. The customer can verify the payment details and attempt the transaction again.,"Hi Customer 1257, your payment of ₹658.74 needs your attention. Please verify your payment details and try again.",Local Fallback,Local Fallback
TXN10200,RecoverAI recommends a controlled retry because the failure is related to temporary bank error. The recovery score is 65/100 and the transaction has not exceeded the automatic retry limit.,"Hi Customer 1123, your payment of ₹6,658.80 could not be completed due to a temporary payment issue. Please try the payment again after a short while.",Local Fallback,Local Fallback
TXN10201,"RecoverAI stopped automatic recovery because the payment has already reached 4 unsuccessful attempts. Although the failure reason is card expired, further automatic attempts are restricted to avoid repeated failures. The case is therefore escalated for operator review.",Payment recovery for ₹898.58 has been paused after multiple unsuccessful attempts. Our support team will review the case.,Local Fallback,Local Fallback
TXN10202,RecoverAI recommends a controlled retry because the failure is related to temporary bank error. The recovery score is 85/100 and the transaction has not exceeded the automatic retry limit.,"Hi Customer 1237, your payment of ₹20,337.26 could not be completed due to a temporary payment issue. Please try the payment again after a short while.",Local Fallback,Local Fallback
TXN10203,RecoverAI recommends a reminder because the payment remains recoverable but does not require an immediate technical retry.,"Hi Customer 1028, this is a reminder regarding your pending payment of ₹7,248.64. Please complete the payment at your convenience.",Local Fallback,Local Fallback
TXN10204,RecoverAI recommends a payment link because the failure is related to insufficient funds. This gives the customer another way to complete the outstanding payment.,"Hi Customer 1183, your payment of ₹48,605.19 could not be completed. You can complete your payment using the secure payment link provided.",Local Fallback,Local Fallback
TXN10205,RecoverAI recommends a customer prompt because the payment requires customer attention. The customer can verify the payment details and attempt the transaction again.,"Hi Customer 1185, your payment of ₹2,847.34 needs your attention. Please verify your payment details and try again.",Local Fallback,Local Fallback
TXN10206,RecoverAI recommends a payment link because the failure is related to insufficient funds. This gives the customer another way to complete the outstanding payment.,"Hi Customer 1009, your payment of ₹215.80 could not be completed. You can complete your payment using the secure payment link provided.",Local Fallback,Local Fallback
TXN10207,"RecoverAI stopped automatic recovery because the payment has already reached 4 unsuccessful attempts. Although the failure reason is authentication failure, further automatic attempts are restricted to avoid repeated failures. The case is therefore escalated for operator review.","Payment recovery for ₹8,520.13 has been paused after multiple unsuccessful attempts. Our support team will review the case.",Local Fallback,Local Fallback
TXN10208,"RecoverAI stopped automatic recovery because the payment has already reached 3 unsuccessful attempts. Although the failure reason is network error, further automatic attempts are restricted to avoid repeated failures. The case is therefore escalated for operator review.","Payment recovery for ₹1,697.82 has been paused after multiple unsuccessful attempts. Our support team will review the case.",Local Fallback,Local Fallback
TXN10209,RecoverAI recommends a controlled retry because the failure is related to temporary bank error. The recovery score is 95/100 and the transaction has not exceeded the automatic retry limit.,"Hi Customer 1201, your payment of ₹4,946.11 could not be completed due to a temporary payment issue. Please try the payment again after a short while.",Local Fallback,Local Fallback
TXN10210,"RecoverAI stopped automatic recovery because the payment has already reached 3 unsuccessful attempts. Although the failure reason is authentication failure, further automatic attempts are restricted to avoid repeated failures. The case is therefore escalated for operator review.","Payment recovery for ₹1,314.26 has been paused after multiple unsuccessful attempts. Our support team will review the case.",Local Fallback,Local Fallback
TXN10211,"RecoverAI stopped automatic recovery because the payment has already reached 4 unsuccessful attempts. Although the failure reason is insufficient funds, further automatic attempts are restricted to avoid repeated failures. The case is therefore escalated for operator review.","Payment recovery for ₹6,484.72 has been paused after multiple unsuccessful attempts. Our support team will review the case.",Local Fallback,Local Fallback
TXN10212,"RecoverAI stopped automatic recovery because the payment has already reached 4 unsuccessful attempts. Although the failure reason is insufficient funds, further automatic attempts are restricted to avoid repeated failures. The case is therefore escalated for operator review.","Payment recovery for ₹4,673.57 has been paused after multiple unsuccessful attempts. Our support team will review the case.",Local Fallback,Local Fallback
TXN10213,RecoverAI recommends a reminder because the payment remains recoverable but does not require an immediate technical retry.,"Hi Customer 1259, this is a reminder regarding your pending payment of ₹12,501.69. Please complete the payment at your convenience.",Local Fallback,Local Fallback
TXN10214,RecoverAI recommends a controlled retry because the failure is related to network error. The recovery score is 100/100 and the transaction has not exceeded the automatic retry limit.,"Hi Customer 1060, your payment of ₹37,436.45 could not be completed due to a temporary payment issue. Please try the payment again after a short while.",Local Fallback,Local Fallback
TXN10215,"RecoverAI stopped automatic recovery because the payment has already reached 3 unsuccessful attempts. Although the failure reason is network error, further automatic attempts are restricted to avoid repeated failures. The case is therefore escalated for operator review.","Payment recovery for ₹3,322.19 has been paused after multiple unsuccessful attempts. Our support team will review the case.",Local Fallback,Local Fallback
TXN10216,RecoverAI recommends a payment link because the failure is related to insufficient funds. This gives the customer another way to complete the outstanding payment.,"Hi Customer 1259, your payment of ₹972.38 could not be completed. You can complete your payment using the secure payment link provided.",Local Fallback,Local Fallback
TXN10217,"RecoverAI stopped automatic recovery because the payment has already reached 4 unsuccessful attempts. Although the failure reason is temporary bank error, further automatic attempts are restricted to avoid repeated failures. The case is therefore escalated for operator review.",Payment recovery for ₹288.72 has been paused after multiple unsuccessful attempts. Our support team will review the case.,Local Fallback,Local Fallback
TXN10218,"RecoverAI stopped automatic recovery because the payment has already reached 3 unsuccessful attempts. Although the failure reason is insufficient funds, further automatic attempts are restricted to avoid repeated failures. The case is therefore escalated for operator review.","Payment recovery for ₹5,776.01 has been paused after multiple unsuccessful attempts. Our support team will review the case.",Local Fallback,Local Fallback
TXN10219,RecoverAI recommends a controlled retry because the failure is related to temporary bank error. The recovery score is 65/100 and the transaction has not exceeded the automatic retry limit.,"Hi Customer 1020, your payment of ₹971.00 could not be completed due to a temporary payment issue. Please try the payment again after a short while.",Local Fallback,Local Fallback
TXN10220,"RecoverAI stopped automatic recovery because the payment has already reached 3 unsuccessful attempts. Although the failure reason is unknown, further automatic attempts are restricted to avoid repeated failures. The case is therefore escalated for operator review.","Payment recovery for ₹23,893.73 has been paused after multiple unsuccessful attempts. Our support team will review the case.",Local Fallback,Local Fallback
TXN10221,RecoverAI recommends a controlled retry because the failure is related to network error. The recovery score is 95/100 and the transaction has not exceeded the automatic retry limit.,"Hi Customer 1160, your payment of ₹4,081.00 could not be completed due to a temporary payment issue. Please try the payment again after a short while.",Local Fallback,Local Fallback
TXN10222,RecoverAI recommends a customer prompt because the payment requires customer attention. The customer can verify the payment details and attempt the transaction again.,"Hi Customer 1042, your payment of ₹20,038.67 needs your attention. Please verify your payment details and try again.",Local Fallback,Local Fallback
TXN10223,RecoverAI recommends a customer prompt because the payment requires customer attention. The customer can verify the payment details and attempt the transaction again.,"Hi Customer 1111, your payment of ₹7,661.97 needs your attention. Please verify your payment details and try again.",Local Fallback,Local Fallback
TXN10224,"RecoverAI stopped automatic recovery because the payment has already reached 3 unsuccessful attempts. Although the failure reason is insufficient funds, further automatic attempts are restricted to avoid repeated failures. The case is therefore escalated for operator review.","Payment recovery for ₹44,479.48 has been paused after multiple unsuccessful attempts. Our support team will review the case.",Local Fallback,Local Fallback
TXN10225,RecoverAI recommends a controlled retry because the failure is related to network error. The recovery score is 85/100 and the transaction has not exceeded the automatic retry limit.,"Hi Customer 1212, your payment of ₹41,451.13 could not be completed due to a temporary payment issue. Please try the payment again after a short while.",Local Fallback,Local Fallback
TXN10226,RecoverAI recommends a controlled retry because the failure is related to network error. The recovery score is 65/100 and the transaction has not exceeded the automatic retry limit.,"Hi Customer 1247, your payment of ₹1,386.33 could not be completed due to a temporary payment issue. Please try the payment again after a short while.",Local Fallback,Local Fallback
TXN10227,RecoverAI recommends a customer prompt because the payment requires customer attention. The customer can verify the payment details and attempt the transaction again.,"Hi Customer 1266, your payment of ₹31,548.07 needs your attention. Please verify your payment details and try again.",Local Fallback,Local Fallback
TXN10228,RecoverAI recommends a payment link because the failure is related to insufficient funds. This gives the customer another way to complete the outstanding payment.,"Hi Customer 1237, your payment of ₹565.78 could not be completed. You can complete your payment using the secure payment link provided.",Local Fallback,Local Fallback
TXN10229,"RecoverAI stopped automatic recovery because the payment has already reached 3 unsuccessful attempts. Although the failure reason is insufficient funds, further automatic attempts are restricted to avoid repeated failures. The case is therefore escalated for operator review.","Payment recovery for ₹3,263.48 has been paused after multiple unsuccessful attempts. Our support team will review the case.",Local Fallback,Local Fallback
TXN10230,RecoverAI recommends a customer prompt because the payment requires customer attention. The customer can verify the payment details and attempt the transaction again.,"Hi Customer 1011, your payment of ₹45,759.59 needs your attention. Please verify your payment details and try again.",Local Fallback,Local Fallback
TXN10231,RecoverAI recommends a controlled retry because the failure is related to network error. The recovery score is 95/100 and the transaction has not exceeded the automatic retry limit.,"Hi Customer 1222, your payment of ₹1,530.51 could not be completed due to a temporary payment issue. Please try the payment again after a short while.",Local Fallback,Local Fallback
TXN10232,RecoverAI recommends a customer prompt because the payment requires customer attention. The customer can verify the payment details and attempt the transaction again.,"Hi Customer 1226, your payment of ₹37,474.44 needs your attention. Please verify your payment details and try again.",Local Fallback,Local Fallback
TXN10233,"RecoverAI stopped automatic recovery because the payment has already reached 3 unsuccessful attempts. Although the failure reason is authentication failure, further automatic attempts are restricted to avoid repeated failures. The case is therefore escalated for operator review.","Payment recovery for ₹8,864.56 has been paused after multiple unsuccessful attempts. Our support team will review the case.",Local Fallback,Local Fallback
TXN10234,RecoverAI recommends a controlled retry because the failure is related to temporary bank error. The recovery score is 50/100 and the transaction has not exceeded the automatic retry limit.,"Hi Customer 1162, your payment of ₹8,553.22 could not be completed due to a temporary payment issue. Please try the payment again after a short while.",Local Fallback,Local Fallback
TXN10235,RecoverAI recommends a customer prompt because the payment requires customer attention. The customer can verify the payment details and attempt the transaction again.,"Hi Customer 1138, your payment of ₹4,783.18 needs your attention. Please verify your payment details and try again.",Local Fallback,Local Fallback
TXN10236,"RecoverAI stopped automatic recovery because the payment has already reached 4 unsuccessful attempts. Although the failure reason is insufficient funds, further automatic attempts are restricted to avoid repeated failures. The case is therefore escalated for operator review.","Payment recovery for ₹1,717.73 has been paused after multiple unsuccessful attempts. Our support team will review the case.",Local Fallback,Local Fallback
TXN10237,RecoverAI recommends a customer prompt because the payment requires customer attention. The customer can verify the payment details and attempt the transaction again.,"Hi Customer 1226, your payment of ₹12,906.83 needs your attention. Please verify your payment details and try again.",Local Fallback,Local Fallback
TXN10238,"RecoverAI stopped automatic recovery because the payment has already reached 3 unsuccessful attempts. Although the failure reason is temporary bank error, further automatic attempts are restricted to avoid repeated failures. The case is therefore escalated for operator review.","Payment recovery for ₹1,572.68 has been paused after multiple unsuccessful attempts. Our support team will review the case.",Local Fallback,Local Fallback
TXN10239,RecoverAI recommends a payment link because the failure is related to insufficient funds. This gives the customer another way to complete the outstanding payment.,"Hi Customer 1083, your payment of ₹6,482.96 could not be completed. You can complete your payment using the secure payment link provided.",Local Fallback,Local Fallback
TXN10240,RecoverAI recommends a controlled retry because the failure is related to network error. The recovery score is 85/100 and the transaction has not exceeded the automatic retry limit.,"Hi Customer 1274, your payment of ₹5,371.13 could not be completed due to a temporary payment issue. Please try the payment again after a short while.",Local Fallback,Local Fallback
TXN10241,"RecoverAI stopped automatic recovery because the payment has already reached 4 unsuccessful attempts. Although the failure reason is card expired, further automatic attempts are restricted to avoid repeated failures. The case is therefore escalated for operator review.","Payment recovery for ₹48,512.41 has been paused after multiple unsuccessful attempts. Our support team will review the case.",Local Fallback,Local Fallback
TXN10242,RecoverAI recommends a payment link because the failure is related to insufficient funds. This gives the customer another way to complete the outstanding payment.,"Hi Customer 1226, your payment of ₹6,325.05 could not be completed. You can complete your payment using the secure payment link provided.",Local Fallback,Local Fallback
TXN10243,RecoverAI recommends a customer prompt because the payment requires customer attention. The customer can verify the payment details and attempt the transaction again.,"Hi Customer 1119, your payment of ₹33,952.33 needs your attention. Please verify your payment details and try again.",Local Fallback,Local Fallback
TXN10244,"RecoverAI stopped automatic recovery because the payment has already reached 4 unsuccessful attempts. Although the failure reason is authentication failure, further automatic attempts are restricted to avoid repeated failures. The case is therefore escalated for operator review.",Payment recovery for ₹532.59 has been paused after multiple unsuccessful attempts. Our support team will review the case.,Local Fallback,Local Fallback
TXN10245,"RecoverAI stopped automatic recovery because the payment has already reached 4 unsuccessful attempts. Although the failure reason is unknown, further automatic attempts are restricted to avoid repeated failures. The case is therefore escalated for operator review.","Payment recovery for ₹1,384.89 has been paused after multiple unsuccessful attempts. Our support team will review the case.",Local Fallback,Local Fallback
TXN10246,"RecoverAI stopped automatic recovery because the payment has already reached 3 unsuccessful attempts. Although the failure reason is temporary bank error, further automatic attempts are restricted to avoid repeated failures. The case is therefore escalated for operator review.","Payment recovery for ₹2,201.11 has been paused after multiple unsuccessful attempts. Our support team will review the case.",Local Fallback,Local Fallback
TXN10247,"RecoverAI stopped automatic recovery because the payment has already reached 4 unsuccessful attempts. Although the failure reason is temporary bank error, further automatic attempts are restricted to avoid repeated failures. The case is therefore escalated for operator review.","Payment recovery for ₹41,552.09 has been paused after multiple unsuccessful attempts. Our support team will review the case.",Local Fallback,Local Fallback
TXN10248,RecoverAI recommends a controlled retry because the failure is related to network error. The recovery score is 100/100 and the transaction has not exceeded the automatic retry limit.,"Hi Customer 1060, your payment of ₹34,026.04 could not be completed due to a temporary payment issue. Please try the payment again after a short while.",Local Fallback,Local Fallback
TXN10249,"RecoverAI stopped automatic recovery because the payment has already reached 4 unsuccessful attempts. Although the failure reason is authentication failure, further automatic attempts are restricted to avoid repeated failures. The case is therefore escalated for operator review.","Payment recovery for ₹2,365.14 has been paused after multiple unsuccessful attempts. Our support team will review the case.",Local Fallback,Local Fallback
TXN10250,"RecoverAI stopped automatic recovery because the payment has already reached 4 unsuccessful attempts. Although the failure reason is card expired, further automatic attempts are restricted to avoid repeated failures. The case is therefore escalated for operator review.","Payment recovery for ₹1,052.72 has been paused after multiple unsuccessful attempts. Our support team will review the case.",Local Fallback,Local Fallback
TXN10251,RecoverAI recommends a payment link because the failure is related to insufficient funds. This gives the customer another way to complete the outstanding payment.,"Hi Customer 1276, your payment of ₹30,506.71 could not be completed. You can complete your payment using the secure payment link provided.",Local Fallback,Local Fallback
TXN10252,RecoverAI recommends a reminder because the payment remains recoverable but does not require an immediate technical retry.,"Hi Customer 1000, this is a reminder regarding your pending payment of ₹820.40. Please complete the payment at your convenience.",Local Fallback,Local Fallback
TXN10253,RecoverAI recommends a controlled retry because the failure is related to network error. The recovery score is 70/100 and the transaction has not exceeded the automatic retry limit.,"Hi Customer 1249, your payment of ₹900.77 could not be completed due to a temporary payment issue. Please try the payment again after a short while.",Local Fallback,Local Fallback
TXN10254,"RecoverAI stopped automatic recovery because the payment has already reached 4 unsuccessful attempts. Although the failure reason is temporary bank error, further automatic attempts are restricted to avoid repeated failures. The case is therefore escalated for operator review.","Payment recovery for ₹8,902.18 has been paused after multiple unsuccessful attempts. Our support team will review the case.",Local Fallback,Local Fallback
TXN10255,RecoverAI recommends a payment link because the failure is related to insufficient funds. This gives the customer another way to complete the outstanding payment.,"Hi Customer 1284, your payment of ₹1,020.23 could not be completed. You can complete your payment using the secure payment link provided.",Local Fallback,Local Fallback
TXN10256,RecoverAI recommends a reminder because the payment remains recoverable but does not require an immediate technical retry.,"Hi Customer 1083, this is a reminder regarding your pending payment of ₹4,895.00. Please complete the payment at your convenience.",Local Fallback,Local Fallback
TXN10257,RecoverAI recommends a customer prompt because the payment requires customer attention. The customer can verify the payment details and attempt the transaction again.,"Hi Customer 1234, your payment of ₹31,199.66 needs your attention. Please verify your payment details and try again.",Local Fallback,Local Fallback
TXN10258,RecoverAI recommends a customer prompt because the payment requires customer attention. The customer can verify the payment details and attempt the transaction again.,"Hi Customer 1098, your payment of ₹1,073.80 needs your attention. Please verify your payment details and try again.",Local Fallback,Local Fallback
TXN10259,"RecoverAI stopped automatic recovery because the payment has already reached 3 unsuccessful attempts. Although the failure reason is insufficient funds, further automatic attempts are restricted to avoid repeated failures. The case is therefore escalated for operator review.","Payment recovery for ₹6,339.73 has been paused after multiple unsuccessful attempts. Our support team will review the case.",Local Fallback,Local Fallback
TXN10260,RecoverAI recommends a controlled retry because the failure is related to network error. The recovery score is 85/100 and the transaction has not exceeded the automatic retry limit.,"Hi Customer 1155, your payment of ₹4,550.62 could not be completed due to a temporary payment issue. Please try the payment again after a short while.",Local Fallback,Local Fallback
TXN10261,"RecoverAI stopped automatic recovery because the payment has already reached 4 unsuccessful attempts. Although the failure reason is temporary bank error, further automatic attempts are restricted to avoid repeated failures. The case is therefore escalated for operator review.",Payment recovery for ₹973.95 has been paused after multiple unsuccessful attempts. Our support team will review the case.,Local Fallback,Local Fallback
TXN10262,"RecoverAI stopped automatic recovery because the payment has already reached 3 unsuccessful attempts. Although the failure reason is authentication failure, further automatic attempts are restricted to avoid repeated failures. The case is therefore escalated for operator review.","Payment recovery for ₹2,809.98 has been paused after multiple unsuccessful attempts. Our support team will review the case.",Local Fallback,Local Fallback
TXN10263,RecoverAI recommends a payment link because the failure is related to insufficient funds. This gives the customer another way to complete the outstanding payment.,"Hi Customer 1244, your payment of ₹5,073.27 could not be completed. You can complete your payment using the secure payment link provided.",Local Fallback,Local Fallback
TXN10264,"RecoverAI stopped automatic recovery because the payment has already reached 4 unsuccessful attempts. Although the failure reason is card expired, further automatic attempts are restricted to avoid repeated failures. The case is therefore escalated for operator review.","Payment recovery for ₹9,199.77 has been paused after multiple unsuccessful attempts. Our support team will review the case.",Local Fallback,Local Fallback
TXN10265,RecoverAI recommends a customer prompt because the payment requires customer attention. The customer can verify the payment details and attempt the transaction again.,"Hi Customer 1161, your payment of ₹718.13 needs your attention. Please verify your payment details and try again.",Local Fallback,Local Fallback
TXN10266,RecoverAI recommends a controlled retry because the failure is related to network error. The recovery score is 90/100 and the transaction has not exceeded the automatic retry limit.,"Hi Customer 1020, your payment of ₹43,541.97 could not be completed due to a temporary payment issue. Please try the payment again after a short while.",Local Fallback,Local Fallback
TXN10267,RecoverAI recommends a controlled retry because the failure is related to temporary bank error. The recovery score is 55/100 and the transaction has not exceeded the automatic retry limit.,"Hi Customer 1272, your payment of ₹23,891.08 could not be completed due to a temporary payment issue. Please try the payment again after a short while.",Local Fallback,Local Fallback
TXN10268,"RecoverAI stopped automatic recovery because the payment has already reached 4 unsuccessful attempts. Although the failure reason is insufficient funds, further automatic attempts are restricted to avoid repeated failures. The case is therefore escalated for operator review.","Payment recovery for ₹4,403.61 has been paused after multiple unsuccessful attempts. Our support team will review the case.",Local Fallback,Local Fallback
TXN10269,RecoverAI recommends a payment link because the failure is related to insufficient funds. This gives the customer another way to complete the outstanding payment.,"Hi Customer 1004, your payment of ₹3,058.85 could not be completed. You can complete your payment using the secure payment link provided.",Local Fallback,Local Fallback
TXN10270,"RecoverAI stopped automatic recovery because the payment has already reached 4 unsuccessful attempts. Although the failure reason is authentication failure, further automatic attempts are restricted to avoid repeated failures. The case is therefore escalated for operator review.","Payment recovery for ₹4,205.86 has been paused after multiple unsuccessful attempts. Our support team will review the case.",Local Fallback,Local Fallback
TXN10271,"RecoverAI stopped automatic recovery because the payment has already reached 3 unsuccessful attempts. Although the failure reason is insufficient funds, further automatic attempts are restricted to avoid repeated failures. The case is therefore escalated for operator review.","Payment recovery for ₹1,258.72 has been paused after multiple unsuccessful attempts. Our support team will review the case.",Local Fallback,Local Fallback
TXN10272,"RecoverAI stopped automatic recovery because the payment has already reached 3 unsuccessful attempts. Although the failure reason is card expired, further automatic attempts are restricted to avoid repeated failures. The case is therefore escalated for operator review.","Payment recovery for ₹27,738.23 has been paused after multiple unsuccessful attempts. Our support team will review the case.",Local Fallback,Local Fallback
TXN10273,RecoverAI recommends a payment link because the failure is related to insufficient funds. This gives the customer another way to complete the outstanding payment.,"Hi Customer 1286, your payment of ₹21,937.40 could not be completed. You can complete your payment using the secure payment link provided.",Local Fallback,Local Fallback
TXN10274,"RecoverAI stopped automatic recovery because the payment has already reached 4 unsuccessful attempts. Although the failure reason is authentication failure, further automatic attempts are restricted to avoid repeated failures. The case is therefore escalated for operator review.","Payment recovery for ₹8,100.01 has been paused after multiple unsuccessful attempts. Our support team will review the case.",Local Fallback,Local Fallback
TXN10275,"RecoverAI stopped automatic recovery because the payment has already reached 4 unsuccessful attempts. Although the failure reason is unknown, further automatic attempts are restricted to avoid repeated failures. The case is therefore escalated for operator review.","Payment recovery for ₹1,646.99 has been paused after multiple unsuccessful attempts. Our support team will review the case.",Local Fallback,Local Fallback
TXN10276,RecoverAI recommends a controlled retry because the failure is related to network error. The recovery score is 55/100 and the transaction has not exceeded the automatic retry limit.,"Hi Customer 1126, your payment of ₹224.77 could not be completed due to a temporary payment issue. Please try the payment again after a short while.",Local Fallback,Local Fallback
TXN10277,"RecoverAI stopped automatic recovery because the payment has already reached 4 unsuccessful attempts. Although the failure reason is insufficient funds, further automatic attempts are restricted to avoid repeated failures. The case is therefore escalated for operator review.","Payment recovery for ₹14,176.17 has been paused after multiple unsuccessful attempts. Our support team will review the case.",Local Fallback,Local Fallback
TXN10278,"RecoverAI stopped automatic recovery because the payment has already reached 3 unsuccessful attempts. Although the failure reason is unknown, further automatic attempts are restricted to avoid repeated failures. The case is therefore escalated for operator review.",Payment recovery for ₹826.88 has been paused after multiple unsuccessful attempts. Our support team will review the case.,Local Fallback,Local Fallback
TXN10279,"RecoverAI stopped automatic recovery because the payment has already reached 3 unsuccessful attempts. Although the failure reason is network error, further automatic attempts are restricted to avoid repeated failures. The case is therefore escalated for operator review.","Payment recovery for ₹8,355.33 has been paused after multiple unsuccessful attempts. Our support team will review the case.",Local Fallback,Local Fallback
TXN10280,RecoverAI recommends a controlled retry because the failure is related to temporary bank error. The recovery score is 70/100 and the transaction has not exceeded the automatic retry limit.,"Hi Customer 1020, your payment of ₹1,871.61 could not be completed due to a temporary payment issue. Please try the payment again after a short while.",Local Fallback,Local Fallback
TXN10281,"RecoverAI stopped automatic recovery because the payment has already reached 4 unsuccessful attempts. Although the failure reason is authentication failure, further automatic attempts are restricted to avoid repeated failures. The case is therefore escalated for operator review.","Payment recovery for ₹40,384.46 has been paused after multiple unsuccessful attempts. Our support team will review the case.",Local Fallback,Local Fallback
TXN10282,"RecoverAI stopped automatic recovery because the payment has already reached 4 unsuccessful attempts. Although the failure reason is authentication failure, further automatic attempts are restricted to avoid repeated failures. The case is therefore escalated for operator review.","Payment recovery for ₹1,146.30 has been paused after multiple unsuccessful attempts. Our support team will review the case.",Local Fallback,Local Fallback
TXN10283,RecoverAI recommends a payment link because the failure is related to insufficient funds. This gives the customer another way to complete the outstanding payment.,"Hi Customer 1240, your payment of ₹5,973.07 could not be completed. You can complete your payment using the secure payment link provided.",Local Fallback,Local Fallback
TXN10284,RecoverAI recommends a payment link because the failure is related to insufficient funds. This gives the customer another way to complete the outstanding payment.,"Hi Customer 1156, your payment of ₹2,374.77 could not be completed. You can complete your payment using the secure payment link provided.",Local Fallback,Local Fallback
TXN10285,RecoverAI recommends a customer prompt because the payment requires customer attention. The customer can verify the payment details and attempt the transaction again.,"Hi Customer 1082, your payment of ₹1,874.60 needs your attention. Please verify your payment details and try again.",Local Fallback,Local Fallback
TXN10286,RecoverAI recommends a customer prompt because the payment requires customer attention. The customer can verify the payment details and attempt the transaction again.,"Hi Customer 1119, your payment of ₹1,836.90 needs your attention. Please verify your payment details and try again.",Local Fallback,Local Fallback
TXN10287,"RecoverAI stopped automatic recovery because the payment has already reached 3 unsuccessful attempts. Although the failure reason is insufficient funds, further automatic attempts are restricted to avoid repeated failures. The case is therefore escalated for operator review.","Payment recovery for ₹20,169.26 has been paused after multiple unsuccessful attempts. Our support team will review the case.",Local Fallback,Local Fallback
TXN10288,"RecoverAI stopped automatic recovery because the payment has already reached 3 unsuccessful attempts. Although the failure reason is authentication failure, further automatic attempts are restricted to avoid repeated failures. The case is therefore escalated for operator review.",Payment recovery for ₹735.49 has been paused after multiple unsuccessful attempts. Our support team will review the case.,Local Fallback,Local Fallback
TXN10289,"RecoverAI stopped automatic recovery because the payment has already reached 4 unsuccessful attempts. Although the failure reason is authentication failure, further automatic attempts are restricted to avoid repeated failures. The case is therefore escalated for operator review.","Payment recovery for ₹10,115.25 has been paused after multiple unsuccessful attempts. Our support team will review the case.",Local Fallback,Local Fallback
TXN10290,RecoverAI recommends a customer prompt because the payment requires customer attention. The customer can verify the payment details and attempt the transaction again.,"Hi Customer 1262, your payment of ₹1,382.24 needs your attention. Please verify your payment details and try again.",Local Fallback,Local Fallback
TXN10291,"RecoverAI stopped automatic recovery because the payment has already reached 4 unsuccessful attempts. Although the failure reason is temporary bank error, further automatic attempts are restricted to avoid repeated failures. The case is therefore escalated for operator review.",Payment recovery for ₹425.30 has been paused after multiple unsuccessful attempts. Our support team will review the case.,Local Fallback,Local Fallback
TXN10292,RecoverAI recommends a controlled retry because the failure is related to network error. The recovery score is 85/100 and the transaction has not exceeded the automatic retry limit.,"Hi Customer 1257, your payment of ₹1,399.36 could not be completed due to a temporary payment issue. Please try the payment again after a short while.",Local Fallback,Local Fallback
TXN10293,RecoverAI recommends a customer prompt because the payment requires customer attention. The customer can verify the payment details and attempt the transaction again.,"Hi Customer 1170, your payment of ₹233.79 needs your attention. Please verify your payment details and try again.",Local Fallback,Local Fallback
TXN10294,RecoverAI recommends a payment link because the failure is related to insufficient funds. This gives the customer another way to complete the outstanding payment.,"Hi Customer 1282, your payment of ₹1,778.76 could not be completed. You can complete your payment using the secure payment link provided.",Local Fallback,Local Fallback
TXN10295,"RecoverAI stopped automatic recovery because the payment has already reached 4 unsuccessful attempts. Although the failure reason is insufficient funds, further automatic attempts are restricted to avoid repeated failures. The case is therefore escalated for operator review.","Payment recovery for ₹1,234.64 has been paused after multiple unsuccessful attempts. Our support team will review the case.",Local Fallback,Local Fallback
TXN10296,"RecoverAI stopped automatic recovery because the payment has already reached 3 unsuccessful attempts. Although the failure reason is unknown, further automatic attempts are restricted to avoid repeated failures. The case is therefore escalated for operator review.","Payment recovery for ₹24,869.57 has been paused after multiple unsuccessful attempts. Our support team will review the case.",Local Fallback,Local Fallback
TXN10297,RecoverAI recommends a controlled retry because the failure is related to network error. The recovery score is 75/100 and the transaction has not exceeded the automatic retry limit.,"Hi Customer 1204, your payment of ₹8,242.23 could not be completed due to a temporary payment issue. Please try the payment again after a short while.",Local Fallback,Local Fallback
TXN10298,"RecoverAI stopped automatic recovery because the payment has already reached 4 unsuccessful attempts. Although the failure reason is authentication failure, further automatic attempts are restricted to avoid repeated failures. The case is therefore escalated for operator review.","Payment recovery for ₹5,790.00 has been paused after multiple unsuccessful attempts. Our support team will review the case.",Local Fallback,Local Fallback
TXN10299,"RecoverAI stopped automatic recovery because the payment has already reached 3 unsuccessful attempts. Although the failure reason is card expired, further automatic attempts are restricted to avoid repeated failures. The case is therefore escalated for operator review.","Payment recovery for ₹19,015.25 has been paused after multiple unsuccessful attempts. Our support team will review the case.",Local Fallback,Local Fallback
TXN10300,RecoverAI recommends a reminder because the payment remains recoverable but does not require an immediate technical retry.,"Hi Customer 1056, this is a reminder regarding your pending payment of ₹16,555.24. Please complete the payment at your convenience.",Local Fallback,Local Fallback
TXN10301,"RecoverAI stopped automatic recovery because the payment has already reached 3 unsuccessful attempts. Although the failure reason is network error, further automatic attempts are restricted to avoid repeated failures. The case is therefore escalated for operator review.","Payment recovery for ₹1,801.25 has been paused after multiple unsuccessful attempts. Our support team will review the case.",Local Fallback,Local Fallback
TXN10302,RecoverAI recommends a customer prompt because the payment requires customer attention. The customer can verify the payment details and attempt the transaction again.,"Hi Customer 1222, your payment of ₹634.41 needs your attention. Please verify your payment details and try again.",Local Fallback,Local Fallback
TXN10303,"RecoverAI stopped automatic recovery because the payment has already reached 3 unsuccessful attempts. Although the failure reason is temporary bank error, further automatic attempts are restricted to avoid repeated failures. The case is therefore escalated for operator review.",Payment recovery for ₹278.02 has been paused after multiple unsuccessful attempts. Our support team will review the case.,Local Fallback,Local Fallback
TXN10304,RecoverAI recommends a payment link because the failure is related to insufficient funds. This gives the customer another way to complete the outstanding payment.,"Hi Customer 1153, your payment of ₹35,461.55 could not be completed. You can complete your payment using the secure payment link provided.",Local Fallback,Local Fallback
TXN10305,"RecoverAI stopped automatic recovery because the payment has already reached 4 unsuccessful attempts. Although the failure reason is insufficient funds, further automatic attempts are restricted to avoid repeated failures. The case is therefore escalated for operator review.",Payment recovery for ₹224.54 has been paused after multiple unsuccessful attempts. Our support team will review the case.,Local Fallback,Local Fallback
TXN10306,"RecoverAI stopped automatic recovery because the payment has already reached 3 unsuccessful attempts. Although the failure reason is network error, further automatic attempts are restricted to avoid repeated failures. The case is therefore escalated for operator review.","Payment recovery for ₹38,733.25 has been paused after multiple unsuccessful attempts. Our support team will review the case.",Local Fallback,Local Fallback
TXN10307,"RecoverAI stopped automatic recovery because the payment has already reached 3 unsuccessful attempts. Although the failure reason is temporary bank error, further automatic attempts are restricted to avoid repeated failures. The case is therefore escalated for operator review.","Payment recovery for ₹1,097.01 has been paused after multiple unsuccessful attempts. Our support team will review the case.",Local Fallback,Local Fallback
TXN10308,"RecoverAI stopped automatic recovery because the payment has already reached 4 unsuccessful attempts. Although the failure reason is insufficient funds, further automatic attempts are restricted to avoid repeated failures. The case is therefore escalated for operator review.","Payment recovery for ₹6,116.95 has been paused after multiple unsuccessful attempts. Our support team will review the case.",Local Fallback,Local Fallback
TXN10309,RecoverAI recommends a controlled retry because the failure is related to network error. The recovery score is 90/100 and the transaction has not exceeded the automatic retry limit.,"Hi Customer 1116, your payment of ₹46,781.24 could not be completed due to a temporary payment issue. Please try the payment again after a short while.",Local Fallback,Local Fallback
TXN10310,RecoverAI recommends a reminder because the payment remains recoverable but does not require an immediate technical retry.,"Hi Customer 1081, this is a reminder regarding your pending payment of ₹2,461.57. Please complete the payment at your convenience.",Local Fallback,Local Fallback
TXN10311,RecoverAI recommends a customer prompt because the payment requires customer attention. The customer can verify the payment details and attempt the transaction again.,"Hi Customer 1192, your payment of ₹1,380.94 needs your attention. Please verify your payment details and try again.",Local Fallback,Local Fallback
TXN10312,"RecoverAI stopped automatic recovery because the payment has already reached 3 unsuccessful attempts. Although the failure reason is insufficient funds, further automatic attempts are restricted to avoid repeated failures. The case is therefore escalated for operator review.",Payment recovery for ₹514.40 has been paused after multiple unsuccessful attempts. Our support team will review the case.,Local Fallback,Local Fallback
TXN10313,RecoverAI recommends a payment link because the failure is related to insufficient funds. This gives the customer another way to complete the outstanding payment.,"Hi Customer 1083, your payment of ₹27,204.12 could not be completed. You can complete your payment using the secure payment link provided.",Local Fallback,Local Fallback
TXN10314,"RecoverAI stopped automatic recovery because the payment has already reached 4 unsuccessful attempts. Although the failure reason is card expired, further automatic attempts are restricted to avoid repeated failures. The case is therefore escalated for operator review.","Payment recovery for ₹1,094.57 has been paused after multiple unsuccessful attempts. Our support team will review the case.",Local Fallback,Local Fallback
TXN10315,"RecoverAI stopped automatic recovery because the payment has already reached 4 unsuccessful attempts. Although the failure reason is network error, further automatic attempts are restricted to avoid repeated failures. The case is therefore escalated for operator review.","Payment recovery for ₹13,802.12 has been paused after multiple unsuccessful attempts. Our support team will review the case.",Local Fallback,Local Fallback
TXN10316,RecoverAI recommends a controlled retry because the failure is related to network error. The recovery score is 90/100 and the transaction has not exceeded the automatic retry limit.,"Hi Customer 1053, your payment of ₹21,298.90 could not be completed due to a temporary payment issue. Please try the payment again after a short while.",Local Fallback,Local Fallback
TXN10317,"RecoverAI stopped automatic recovery because the payment has already reached 4 unsuccessful attempts. Although the failure reason is insufficient funds, further automatic attempts are restricted to avoid repeated failures. The case is therefore escalated for operator review.","Payment recovery for ₹18,022.41 has been paused after multiple unsuccessful attempts. Our support team will review the case.",Local Fallback,Local Fallback
TXN10318,RecoverAI recommends a customer prompt because the payment requires customer attention. The customer can verify the payment details and attempt the transaction again.,"Hi Customer 1205, your payment of ₹1,516.10 needs your attention. Please verify your payment details and try again.",Local Fallback,Local Fallback
TXN10319,RecoverAI recommends a payment link because the failure is related to insufficient funds. This gives the customer another way to complete the outstanding payment.,"Hi Customer 1058, your payment of ₹49,981.76 could not be completed. You can complete your payment using the secure payment link provided.",Local Fallback,Local Fallback
TXN10320,"RecoverAI stopped automatic recovery because the payment has already reached 4 unsuccessful attempts. Although the failure reason is insufficient funds, further automatic attempts are restricted to avoid repeated failures. The case is therefore escalated for operator review.","Payment recovery for ₹8,029.88 has been paused after multiple unsuccessful attempts. Our support team will review the case.",Local Fallback,Local Fallback
TXN10321,RecoverAI recommends a customer prompt because the payment requires customer attention. The customer can verify the payment details and attempt the transaction again.,"Hi Customer 1087, your payment of ₹1,281.80 needs your attention. Please verify your payment details and try again.",Local Fallback,Local Fallback
TXN10322,RecoverAI recommends a customer prompt because the payment requires customer attention. The customer can verify the payment details and attempt the transaction again.,"Hi Customer 1168, your payment of ₹3,441.39 needs your attention. Please verify your payment details and try again.",Local Fallback,Local Fallback
TXN10323,"RecoverAI stopped automatic recovery because the payment has already reached 3 unsuccessful attempts. Although the failure reason is network error, further automatic attempts are restricted to avoid repeated failures. The case is therefore escalated for operator review.",Payment recovery for ₹550.43 has been paused after multiple unsuccessful attempts. Our support team will review the case.,Local Fallback,Local Fallback
TXN10324,"RecoverAI stopped automatic recovery because the payment has already reached 4 unsuccessful attempts. Although the failure reason is card expired, further automatic attempts are restricted to avoid repeated failures. The case is therefore escalated for operator review.","Payment recovery for ₹5,859.52 has been paused after multiple unsuccessful attempts. Our support team will review the case.",Local Fallback,Local Fallback
TXN10325,"RecoverAI stopped automatic recovery because the payment has already reached 3 unsuccessful attempts. Although the failure reason is unknown, further automatic attempts are restricted to avoid repeated failures. The case is therefore escalated for operator review.","Payment recovery for ₹1,716.90 has been paused after multiple unsuccessful attempts. Our support team will review the case.",Local Fallback,Local Fallback
TXN10326,"RecoverAI stopped automatic recovery because the payment has already reached 3 unsuccessful attempts. Although the failure reason is temporary bank error, further automatic attempts are restricted to avoid repeated failures. The case is therefore escalated for operator review.","Payment recovery for ₹2,947.82 has been paused after multiple unsuccessful attempts. Our support team will review the case.",Local Fallback,Local Fallback
TXN10327,"RecoverAI stopped automatic recovery because the payment has already reached 4 unsuccessful attempts. Although the failure reason is insufficient funds, further automatic attempts are restricted to avoid repeated failures. The case is therefore escalated for operator review.","Payment recovery for ₹44,856.56 has been paused after multiple unsuccessful attempts. Our support team will review the case.",Local Fallback,Local Fallback
TXN10328,RecoverAI recommends a payment link because the failure is related to insufficient funds. This gives the customer another way to complete the outstanding payment.,"Hi Customer 1096, your payment of ₹1,966.43 could not be completed. You can complete your payment using the secure payment link provided.",Local Fallback,Local Fallback
TXN10329,"RecoverAI stopped automatic recovery because the payment has already reached 3 unsuccessful attempts. Although the failure reason is insufficient funds, further automatic attempts are restricted to avoid repeated failures. The case is therefore escalated for operator review.","Payment recovery for ₹34,220.19 has been paused after multiple unsuccessful attempts. Our support team will review the case.",Local Fallback,Local Fallback
TXN10330,"RecoverAI stopped automatic recovery because the payment has already reached 4 unsuccessful attempts. Although the failure reason is network error, further automatic attempts are restricted to avoid repeated failures. The case is therefore escalated for operator review.","Payment recovery for ₹41,394.47 has been paused after multiple unsuccessful attempts. Our support team will review the case.",Local Fallback,Local Fallback
TXN10331,RecoverAI recommends a controlled retry because the failure is related to temporary bank error. The recovery score is 60/100 and the transaction has not exceeded the automatic retry limit.,"Hi Customer 1168, your payment of ₹9,529.24 could not be completed due to a temporary payment issue. Please try the payment again after a short while.",Local Fallback,Local Fallback
TXN10332,RecoverAI recommends a payment link because the failure is related to insufficient funds. This gives the customer another way to complete the outstanding payment.,"Hi Customer 1207, your payment of ₹26,909.15 could not be completed. You can complete your payment using the secure payment link provided.",Local Fallback,Local Fallback
TXN10333,"RecoverAI stopped automatic recovery because the payment has already reached 3 unsuccessful attempts. Although the failure reason is temporary bank error, further automatic attempts are restricted to avoid repeated failures. The case is therefore escalated for operator review.","Payment recovery for ₹6,396.30 has been paused after multiple unsuccessful attempts. Our support team will review the case.",Local Fallback,Local Fallback
TXN10334,"RecoverAI stopped automatic recovery because the payment has already reached 3 unsuccessful attempts. Although the failure reason is temporary bank error, further automatic attempts are restricted to avoid repeated failures. The case is therefore escalated for operator review.","Payment recovery for ₹34,945.95 has been paused after multiple unsuccessful attempts. Our support team will review the case.",Local Fallback,Local Fallback
TXN10335,"RecoverAI stopped automatic recovery because the payment has already reached 4 unsuccessful attempts. Although the failure reason is temporary bank error, further automatic attempts are restricted to avoid repeated failures. The case is therefore escalated for operator review.","Payment recovery for ₹33,342.28 has been paused after multiple unsuccessful attempts. Our support team will review the case.",Local Fallback,Local Fallback
TXN10336,RecoverAI recommends manual review because the recovery score is 25/100 and automatic recovery is not considered suitable.,"Your payment of ₹1,301.06 has been flagged for manual review. No further automatic recovery action will be taken at this time.",Local Fallback,Local Fallback
TXN10337,"RecoverAI stopped automatic recovery because the payment has already reached 4 unsuccessful attempts. Although the failure reason is authentication failure, further automatic attempts are restricted to avoid repeated failures. The case is therefore escalated for operator review.","Payment recovery for ₹6,335.38 has been paused after multiple unsuccessful attempts. Our support team will review the case.",Local Fallback,Local Fallback
TXN10338,"RecoverAI stopped automatic recovery because the payment has already reached 3 unsuccessful attempts. Although the failure reason is insufficient funds, further automatic attempts are restricted to avoid repeated failures. The case is therefore escalated for operator review.","Payment recovery for ₹23,081.79 has been paused after multiple unsuccessful attempts. Our support team will review the case.",Local Fallback,Local Fallback
TXN10339,RecoverAI recommends a controlled retry because the failure is related to network error. The recovery score is 85/100 and the transaction has not exceeded the automatic retry limit.,"Hi Customer 1244, your payment of ₹19,166.88 could not be completed due to a temporary payment issue. Please try the payment again after a short while.",Local Fallback,Local Fallback
TXN10340,"RecoverAI stopped automatic recovery because the payment has already reached 4 unsuccessful attempts. Although the failure reason is insufficient funds, further automatic attempts are restricted to avoid repeated failures. The case is therefore escalated for operator review.","Payment recovery for ₹10,549.82 has been paused after multiple unsuccessful attempts. Our support team will review the case.",Local Fallback,Local Fallback
TXN10341,RecoverAI recommends a customer prompt because the payment requires customer attention. The customer can verify the payment details and attempt the transaction again.,"Hi Customer 1076, your payment of ₹3,722.54 needs your attention. Please verify your payment details and try again.",Local Fallback,Local Fallback
TXN10342,RecoverAI recommends a payment link because the failure is related to insufficient funds. This gives the customer another way to complete the outstanding payment.,"Hi Customer 1106, your payment of ₹30,544.44 could not be completed. You can complete your payment using the secure payment link provided.",Local Fallback,Local Fallback
TXN10343,RecoverAI recommends a controlled retry because the failure is related to network error. The recovery score is 100/100 and the transaction has not exceeded the automatic retry limit.,"Hi Customer 1122, your payment of ₹4,150.56 could not be completed due to a temporary payment issue. Please try the payment again after a short while.",Local Fallback,Local Fallback
TXN10344,RecoverAI recommends a customer prompt because the payment requires customer attention. The customer can verify the payment details and attempt the transaction again.,"Hi Customer 1204, your payment of ₹27,701.82 needs your attention. Please verify your payment details and try again.",Local Fallback,Local Fallback
TXN10345,"RecoverAI stopped automatic recovery because the payment has already reached 3 unsuccessful attempts. Although the failure reason is insufficient funds, further automatic attempts are restricted to avoid repeated failures. The case is therefore escalated for operator review.","Payment recovery for ₹6,020.55 has been paused after multiple unsuccessful attempts. Our support team will review the case.",Local Fallback,Local Fallback
TXN10346,"RecoverAI stopped automatic recovery because the payment has already reached 3 unsuccessful attempts. Although the failure reason is network error, further automatic attempts are restricted to avoid repeated failures. The case is therefore escalated for operator review.",Payment recovery for ₹667.43 has been paused after multiple unsuccessful attempts. Our support team will review the case.,Local Fallback,Local Fallback
TXN10347,RecoverAI recommends a payment link because the failure is related to insufficient funds. This gives the customer another way to complete the outstanding payment.,"Hi Customer 1152, your payment of ₹10,318.58 could not be completed. You can complete your payment using the secure payment link provided.",Local Fallback,Local Fallback
TXN10348,RecoverAI recommends a payment link because the failure is related to insufficient funds. This gives the customer another way to complete the outstanding payment.,"Hi Customer 1212, your payment of ₹1,689.61 could not be completed. You can complete your payment using the secure payment link provided.",Local Fallback,Local Fallback
TXN10349,"RecoverAI stopped automatic recovery because the payment has already reached 3 unsuccessful attempts. Although the failure reason is network error, further automatic attempts are restricted to avoid repeated failures. The case is therefore escalated for operator review.","Payment recovery for ₹43,154.85 has been paused after multiple unsuccessful attempts. Our support team will review the case.",Local Fallback,Local Fallback
TXN10350,RecoverAI recommends a controlled retry because the failure is related to temporary bank error. The recovery score is 85/100 and the transaction has not exceeded the automatic retry limit.,"Hi Customer 1133, your payment of ₹5,673.05 could not be completed due to a temporary payment issue. Please try the payment again after a short while.",Local Fallback,Local Fallback
TXN10351,"RecoverAI stopped automatic recovery because the payment has already reached 3 unsuccessful attempts. Although the failure reason is network error, further automatic attempts are restricted to avoid repeated failures. The case is therefore escalated for operator review.","Payment recovery for ₹4,374.00 has been paused after multiple unsuccessful attempts. Our support team will review the case.",Local Fallback,Local Fallback
TXN10352,"RecoverAI stopped automatic recovery because the payment has already reached 3 unsuccessful attempts. Although the failure reason is insufficient funds, further automatic attempts are restricted to avoid repeated failures. The case is therefore escalated for operator review.","Payment recovery for ₹6,153.28 has been paused after multiple unsuccessful attempts. Our support team will review the case.",Local Fallback,Local Fallback
TXN10353,"RecoverAI stopped automatic recovery because the payment has already reached 3 unsuccessful attempts. Although the failure reason is network error, further automatic attempts are restricted to avoid repeated failures. The case is therefore escalated for operator review.","Payment recovery for ₹6,454.47 has been paused after multiple unsuccessful attempts. Our support team will review the case.",Local Fallback,Local Fallback
TXN10354,RecoverAI recommends a controlled retry because the failure is related to temporary bank error. The recovery score is 85/100 and the transaction has not exceeded the automatic retry limit.,"Hi Customer 1281, your payment of ₹1,765.95 could not be completed due to a temporary payment issue. Please try the payment again after a short while.",Local Fallback,Local Fallback
TXN10355,RecoverAI recommends a reminder because the payment remains recoverable but does not require an immediate technical retry.,"Hi Customer 1170, this is a reminder regarding your pending payment of ₹40,592.04. Please complete the payment at your convenience.",Local Fallback,Local Fallback
TXN10356,RecoverAI recommends a payment link because the failure is related to insufficient funds. This gives the customer another way to complete the outstanding payment.,"Hi Customer 1119, your payment of ₹323.28 could not be completed. You can complete your payment using the secure payment link provided.",Local Fallback,Local Fallback
TXN10357,"RecoverAI stopped automatic recovery because the payment has already reached 3 unsuccessful attempts. Although the failure reason is insufficient funds, further automatic attempts are restricted to avoid repeated failures. The case is therefore escalated for operator review.","Payment recovery for ₹1,553.75 has been paused after multiple unsuccessful attempts. Our support team will review the case.",Local Fallback,Local Fallback
TXN10358,"RecoverAI stopped automatic recovery because the payment has already reached 3 unsuccessful attempts. Although the failure reason is card expired, further automatic attempts are restricted to avoid repeated failures. The case is therefore escalated for operator review.","Payment recovery for ₹1,737.95 has been paused after multiple unsuccessful attempts. Our support team will review the case.",Local Fallback,Local Fallback
TXN10359,RecoverAI recommends a reminder because the payment remains recoverable but does not require an immediate technical retry.,"Hi Customer 1019, this is a reminder regarding your pending payment of ₹39,723.26. Please complete the payment at your convenience.",Local Fallback,Local Fallback
TXN10360,"RecoverAI stopped automatic recovery because the payment has already reached 3 unsuccessful attempts. Although the failure reason is insufficient funds, further automatic attempts are restricted to avoid repeated failures. The case is therefore escalated for operator review.","Payment recovery for ₹22,846.49 has been paused after multiple unsuccessful attempts. Our support team will review the case.",Local Fallback,Local Fallback
TXN10361,RecoverAI recommends a controlled retry because the failure is related to network error. The recovery score is 70/100 and the transaction has not exceeded the automatic retry limit.,"Hi Customer 1123, your payment of ₹38,350.63 could not be completed due to a temporary payment issue. Please try the payment again after a short while.",Local Fallback,Local Fallback
TXN10362,RecoverAI recommends a customer prompt because the payment requires customer attention. The customer can verify the payment details and attempt the transaction again.,"Hi Customer 1208, your payment of ₹370.67 needs your attention. Please verify your payment details and try again.",Local Fallback,Local Fallback
TXN10363,RecoverAI recommends a payment link because the failure is related to insufficient funds. This gives the customer another way to complete the outstanding payment.,"Hi Customer 1214, your payment of ₹38,529.43 could not be completed. You can complete your payment using the secure payment link provided.",Local Fallback,Local Fallback
TXN10364,"RecoverAI stopped automatic recovery because the payment has already reached 4 unsuccessful attempts. Although the failure reason is network error, further automatic attempts are restricted to avoid repeated failures. The case is therefore escalated for operator review.","Payment recovery for ₹5,464.87 has been paused after multiple unsuccessful attempts. Our support team will review the case.",Local Fallback,Local Fallback
TXN10365,RecoverAI recommends manual review because the recovery score is 25/100 and automatic recovery is not considered suitable.,Your payment of ₹686.70 has been flagged for manual review. No further automatic recovery action will be taken at this time.,Local Fallback,Local Fallback
TXN10366,RecoverAI recommends a payment link because the failure is related to insufficient funds. This gives the customer another way to complete the outstanding payment.,"Hi Customer 1194, your payment of ₹27,754.37 could not be completed. You can complete your payment using the secure payment link provided.",Local Fallback,Local Fallback
TXN10367,RecoverAI recommends a controlled retry because the failure is related to network error. The recovery score is 85/100 and the transaction has not exceeded the automatic retry limit.,"Hi Customer 1277, your payment of ₹1,889.32 could not be completed due to a temporary payment issue. Please try the payment again after a short while.",Local Fallback,Local Fallback
TXN10368,"RecoverAI stopped automatic recovery because the payment has already reached 4 unsuccessful attempts. Although the failure reason is network error, further automatic attempts are restricted to avoid repeated failures. The case is therefore escalated for operator review.","Payment recovery for ₹42,865.92 has been paused after multiple unsuccessful attempts. Our support team will review the case.",Local Fallback,Local Fallback
TXN10369,RecoverAI recommends a controlled retry because the failure is related to network error. The recovery score is 85/100 and the transaction has not exceeded the automatic retry limit.,"Hi Customer 1186, your payment of ₹26,609.64 could not be completed due to a temporary payment issue. Please try the payment again after a short while.",Local Fallback,Local Fallback
TXN10370,RecoverAI recommends a controlled retry because the failure is related to network error. The recovery score is 95/100 and the transaction has not exceeded the automatic retry limit.,"Hi Customer 1037, your payment of ₹1,124.56 could not be completed due to a temporary payment issue. Please try the payment again after a short while.",Local Fallback,Local Fallback
TXN10371,"RecoverAI stopped automatic recovery because the payment has already reached 3 unsuccessful attempts. Although the failure reason is temporary bank error, further automatic attempts are restricted to avoid repeated failures. The case is therefore escalated for operator review.","Payment recovery for ₹23,065.57 has been paused after multiple unsuccessful attempts. Our support team will review the case.",Local Fallback,Local Fallback
TXN10372,"RecoverAI stopped automatic recovery because the payment has already reached 4 unsuccessful attempts. Although the failure reason is temporary bank error, further automatic attempts are restricted to avoid repeated failures. The case is therefore escalated for operator review.",Payment recovery for ₹771.59 has been paused after multiple unsuccessful attempts. Our support team will review the case.,Local Fallback,Local Fallback
TXN10373,"RecoverAI stopped automatic recovery because the payment has already reached 3 unsuccessful attempts. Although the failure reason is temporary bank error, further automatic attempts are restricted to avoid repeated failures. The case is therefore escalated for operator review.","Payment recovery for ₹38,246.34 has been paused after multiple unsuccessful attempts. Our support team will review the case.",Local Fallback,Local Fallback
TXN10374,RecoverAI recommends a controlled retry because the failure is related to temporary bank error. The recovery score is 85/100 and the transaction has not exceeded the automatic retry limit.,"Hi Customer 1138, your payment of ₹35,532.89 could not be completed due to a temporary payment issue. Please try the payment again after a short while.",Local Fallback,Local Fallback
TXN10375,"RecoverAI stopped automatic recovery because the payment has already reached 4 unsuccessful attempts. Although the failure reason is unknown, further automatic attempts are restricted to avoid repeated failures. The case is therefore escalated for operator review.","Payment recovery for ₹31,107.10 has been paused after multiple unsuccessful attempts. Our support team will review the case.",Local Fallback,Local Fallback
TXN10376,"RecoverAI stopped automatic recovery because the payment has already reached 3 unsuccessful attempts. Although the failure reason is insufficient funds, further automatic attempts are restricted to avoid repeated failures. The case is therefore escalated for operator review.","Payment recovery for ₹2,426.73 has been paused after multiple unsuccessful attempts. Our support team will review the case.",Local Fallback,Local Fallback
TXN10377,"RecoverAI stopped automatic recovery because the payment has already reached 3 unsuccessful attempts. Although the failure reason is network error, further automatic attempts are restricted to avoid repeated failures. The case is therefore escalated for operator review.","Payment recovery for ₹7,153.41 has been paused after multiple unsuccessful attempts. Our support team will review the case.",Local Fallback,Local Fallback
TXN10378,"RecoverAI stopped automatic recovery because the payment has already reached 4 unsuccessful attempts. Although the failure reason is temporary bank error, further automatic attempts are restricted to avoid repeated failures. The case is therefore escalated for operator review.","Payment recovery for ₹1,468.25 has been paused after multiple unsuccessful attempts. Our support team will review the case.",Local Fallback,Local Fallback
TXN10379,RecoverAI recommends a reminder because the payment remains recoverable but does not require an immediate technical retry.,"Hi Customer 1229, this is a reminder regarding your pending payment of ₹5,638.52. Please complete the payment at your convenience.",Local Fallback,Local Fallback
TXN10380,RecoverAI recommends a payment link because the failure is related to insufficient funds. This gives the customer another way to complete the outstanding payment.,"Hi Customer 1115, your payment of ₹39,622.59 could not be completed. You can complete your payment using the secure payment link provided.",Local Fallback,Local Fallback
TXN10381,"RecoverAI stopped automatic recovery because the payment has already reached 3 unsuccessful attempts. Although the failure reason is insufficient funds, further automatic attempts are restricted to avoid repeated failures. The case is therefore escalated for operator review.",Payment recovery for ₹642.31 has been paused after multiple unsuccessful attempts. Our support team will review the case.,Local Fallback,Local Fallback
TXN10382,"RecoverAI stopped automatic recovery because the payment has already reached 3 unsuccessful attempts. Although the failure reason is insufficient funds, further automatic attempts are restricted to avoid repeated failures. The case is therefore escalated for operator review.","Payment recovery for ₹45,894.63 has been paused after multiple unsuccessful attempts. Our support team will review the case.",Local Fallback,Local Fallback
TXN10383,RecoverAI recommends a customer prompt because the payment requires customer attention. The customer can verify the payment details and attempt the transaction again.,"Hi Customer 1057, your payment of ₹824.51 needs your attention. Please verify your payment details and try again.",Local Fallback,Local Fallback
TXN10384,"RecoverAI stopped automatic recovery because the payment has already reached 3 unsuccessful attempts. Although the failure reason is temporary bank error, further automatic attempts are restricted to avoid repeated failures. The case is therefore escalated for operator review.","Payment recovery for ₹5,752.39 has been paused after multiple unsuccessful attempts. Our support team will review the case.",Local Fallback,Local Fallback
TXN10385,"RecoverAI stopped automatic recovery because the payment has already reached 4 unsuccessful attempts. Although the failure reason is temporary bank error, further automatic attempts are restricted to avoid repeated failures. The case is therefore escalated for operator review.","Payment recovery for ₹16,222.86 has been paused after multiple unsuccessful attempts. Our support team will review the case.",Local Fallback,Local Fallback
TXN10386,RecoverAI recommends a controlled retry because the failure is related to network error. The recovery score is 50/100 and the transaction has not exceeded the automatic retry limit.,"Hi Customer 1277, your payment of ₹838.58 could not be completed due to a temporary payment issue. Please try the payment again after a short while.",Local Fallback,Local Fallback
TXN10387,"RecoverAI stopped automatic recovery because the payment has already reached 4 unsuccessful attempts. Although the failure reason is network error, further automatic attempts are restricted to avoid repeated failures. The case is therefore escalated for operator review.","Payment recovery for ₹4,419.05 has been paused after multiple unsuccessful attempts. Our support team will review the case.",Local Fallback,Local Fallback
TXN10388,RecoverAI recommends a controlled retry because the failure is related to network error. The recovery score is 85/100 and the transaction has not exceeded the automatic retry limit.,"Hi Customer 1277, your payment of ₹27,669.86 could not be completed due to a temporary payment issue. Please try the payment again after a short while.",Local Fallback,Local Fallback
TXN10389,"RecoverAI stopped automatic recovery because the payment has already reached 3 unsuccessful attempts. Although the failure reason is temporary bank error, further automatic attempts are restricted to avoid repeated failures. The case is therefore escalated for operator review.","Payment recovery for ₹1,504.01 has been paused after multiple unsuccessful attempts. Our support team will review the case.",Local Fallback,Local Fallback
TXN10390,"RecoverAI stopped automatic recovery because the payment has already reached 4 unsuccessful attempts. Although the failure reason is authentication failure, further automatic attempts are restricted to avoid repeated failures. The case is therefore escalated for operator review.","Payment recovery for ₹4,971.37 has been paused after multiple unsuccessful attempts. Our support team will review the case.",Local Fallback,Local Fallback
TXN10391,RecoverAI recommends a reminder because the payment remains recoverable but does not require an immediate technical retry.,"Hi Customer 1076, this is a reminder regarding your pending payment of ₹23,129.32. Please complete the payment at your convenience.",Local Fallback,Local Fallback
TXN10392,RecoverAI recommends a controlled retry because the failure is related to network error. The recovery score is 85/100 and the transaction has not exceeded the automatic retry limit.,"Hi Customer 1219, your payment of ₹35,789.81 could not be completed due to a temporary payment issue. Please try the payment again after a short while.",Local Fallback,Local Fallback
TXN10393,RecoverAI recommends a customer prompt because the payment requires customer attention. The customer can verify the payment details and attempt the transaction again.,"Hi Customer 1184, your payment of ₹8,833.23 needs your attention. Please verify your payment details and try again.",Local Fallback,Local Fallback
TXN10394,"RecoverAI stopped automatic recovery because the payment has already reached 3 unsuccessful attempts. Although the failure reason is card expired, further automatic attempts are restricted to avoid repeated failures. The case is therefore escalated for operator review.","Payment recovery for ₹47,555.80 has been paused after multiple unsuccessful attempts. Our support team will review the case.",Local Fallback,Local Fallback
TXN10395,"RecoverAI stopped automatic recovery because the payment has already reached 3 unsuccessful attempts. Although the failure reason is temporary bank error, further automatic attempts are restricted to avoid repeated failures. The case is therefore escalated for operator review.","Payment recovery for ₹44,962.87 has been paused after multiple unsuccessful attempts. Our support team will review the case.",Local Fallback,Local Fallback
TXN10396,"RecoverAI stopped automatic recovery because the payment has already reached 4 unsuccessful attempts. Although the failure reason is insufficient funds, further automatic attempts are restricted to avoid repeated failures. The case is therefore escalated for operator review.",Payment recovery for ₹876.75 has been paused after multiple unsuccessful attempts. Our support team will review the case.,Local Fallback,Local Fallback
TXN10397,RecoverAI recommends a payment link because the failure is related to insufficient funds. This gives the customer another way to complete the outstanding payment.,"Hi Customer 1001, your payment of ₹19,525.87 could not be completed. You can complete your payment using the secure payment link provided.",Local Fallback,Local Fallback
TXN10398,RecoverAI recommends a controlled retry because the failure is related to network error. The recovery score is 65/100 and the transaction has not exceeded the automatic retry limit.,"Hi Customer 1093, your payment of ₹1,567.76 could not be completed due to a temporary payment issue. Please try the payment again after a short while.",Local Fallback,Local Fallback
TXN10399,RecoverAI recommends a controlled retry because the failure is related to network error. The recovery score is 100/100 and the transaction has not exceeded the automatic retry limit.,"Hi Customer 1136, your payment of ₹30,423.23 could not be completed due to a temporary payment issue. Please try the payment again after a short while.",Local Fallback,Local Fallback
TXN10400,RecoverAI recommends a payment link because the failure is related to insufficient funds. This gives the customer another way to complete the outstanding payment.,"Hi Customer 1071, your payment of ₹3,285.28 could not be completed. You can complete your payment using the secure payment link provided.",Local Fallback,Local Fallback
TXN10401,"RecoverAI stopped automatic recovery because the payment has already reached 3 unsuccessful attempts. Although the failure reason is authentication failure, further automatic attempts are restricted to avoid repeated failures. The case is therefore escalated for operator review.","Payment recovery for ₹7,564.30 has been paused after multiple unsuccessful attempts. Our support team will review the case.",Local Fallback,Local Fallback
TXN10402,"RecoverAI stopped automatic recovery because the payment has already reached 3 unsuccessful attempts. Although the failure reason is network error, further automatic attempts are restricted to avoid repeated failures. The case is therefore escalated for operator review.","Payment recovery for ₹8,679.69 has been paused after multiple unsuccessful attempts. Our support team will review the case.",Local Fallback,Local Fallback
TXN10403,"RecoverAI stopped automatic recovery because the payment has already reached 3 unsuccessful attempts. Although the failure reason is network error, further automatic attempts are restricted to avoid repeated failures. The case is therefore escalated for operator review.","Payment recovery for ₹4,339.84 has been paused after multiple unsuccessful attempts. Our support team will review the case.",Local Fallback,Local Fallback
TXN10404,"RecoverAI stopped automatic recovery because the payment has already reached 3 unsuccessful attempts. Although the failure reason is insufficient funds, further automatic attempts are restricted to avoid repeated failures. The case is therefore escalated for operator review.","Payment recovery for ₹47,886.46 has been paused after multiple unsuccessful attempts. Our support team will review the case.",Local Fallback,Local Fallback
TXN10405,"RecoverAI stopped automatic recovery because the payment has already reached 4 unsuccessful attempts. Although the failure reason is insufficient funds, further automatic attempts are restricted to avoid repeated failures. The case is therefore escalated for operator review.","Payment recovery for ₹7,649.26 has been paused after multiple unsuccessful attempts. Our support team will review the case.",Local Fallback,Local Fallback
TXN10406,"RecoverAI stopped automatic recovery because the payment has already reached 3 unsuccessful attempts. Although the failure reason is temporary bank error, further automatic attempts are restricted to avoid repeated failures. The case is therefore escalated for operator review.","Payment recovery for ₹6,327.48 has been paused after multiple unsuccessful attempts. Our support team will review the case.",Local Fallback,Local Fallback
TXN10407,"RecoverAI stopped automatic recovery because the payment has already reached 4 unsuccessful attempts. Although the failure reason is network error, further automatic attempts are restricted to avoid repeated failures. The case is therefore escalated for operator review.","Payment recovery for ₹9,304.95 has been paused after multiple unsuccessful attempts. Our support team will review the case.",Local Fallback,Local Fallback
TXN10408,RecoverAI recommends a controlled retry because the failure is related to network error. The recovery score is 65/100 and the transaction has not exceeded the automatic retry limit.,"Hi Customer 1139, your payment of ₹12,224.22 could not be completed due to a temporary payment issue. Please try the payment again after a short while.",Local Fallback,Local Fallback
TXN10409,RecoverAI recommends a controlled retry because the failure is related to temporary bank error. The recovery score is 75/100 and the transaction has not exceeded the automatic retry limit.,"Hi Customer 1115, your payment of ₹1,835.52 could not be completed due to a temporary payment issue. Please try the payment again after a short while.",Local Fallback,Local Fallback
TXN10410,"RecoverAI stopped automatic recovery because the payment has already reached 4 unsuccessful attempts. Although the failure reason is insufficient funds, further automatic attempts are restricted to avoid repeated failures. The case is therefore escalated for operator review.","Payment recovery for ₹7,878.67 has been paused after multiple unsuccessful attempts. Our support team will review the case.",Local Fallback,Local Fallback
TXN10411,"RecoverAI stopped automatic recovery because the payment has already reached 3 unsuccessful attempts. Although the failure reason is temporary bank error, further automatic attempts are restricted to avoid repeated failures. The case is therefore escalated for operator review.","Payment recovery for ₹24,205.27 has been paused after multiple unsuccessful attempts. Our support team will review the case.",Local Fallback,Local Fallback
TXN10412,"RecoverAI stopped automatic recovery because the payment has already reached 3 unsuccessful attempts. Although the failure reason is temporary bank error, further automatic attempts are restricted to avoid repeated failures. The case is therefore escalated for operator review.","Payment recovery for ₹7,255.59 has been paused after multiple unsuccessful attempts. Our support team will review the case.",Local Fallback,Local Fallback
TXN10413,"RecoverAI stopped automatic recovery because the payment has already reached 4 unsuccessful attempts. Although the failure reason is temporary bank error, further automatic attempts are restricted to avoid repeated failures. The case is therefore escalated for operator review.","Payment recovery for ₹24,461.66 has been paused after multiple unsuccessful attempts. Our support team will review the case.",Local Fallback,Local Fallback
TXN10414,"RecoverAI stopped automatic recovery because the payment has already reached 4 unsuccessful attempts. Although the failure reason is network error, further automatic attempts are restricted to avoid repeated failures. The case is therefore escalated for operator review.","Payment recovery for ₹18,922.48 has been paused after multiple unsuccessful attempts. Our support team will review the case.",Local Fallback,Local Fallback
TXN10415,"RecoverAI stopped automatic recovery because the payment has already reached 4 unsuccessful attempts. Although the failure reason is temporary bank error, further automatic attempts are restricted to avoid repeated failures. The case is therefore escalated for operator review.","Payment recovery for ₹1,969.42 has been paused after multiple unsuccessful attempts. Our support team will review the case.",Local Fallback,Local Fallback
TXN10416,RecoverAI recommends a customer prompt because the payment requires customer attention. The customer can verify the payment details and attempt the transaction again.,"Hi Customer 1207, your payment of ₹20,114.32 needs your attention. Please verify your payment details and try again.",Local Fallback,Local Fallback
TXN10417,RecoverAI recommends a payment link because the failure is related to insufficient funds. This gives the customer another way to complete the outstanding payment.,"Hi Customer 1013, your payment of ₹8,444.91 could not be completed. You can complete your payment using the secure payment link provided.",Local Fallback,Local Fallback
TXN10418,"RecoverAI stopped automatic recovery because the payment has already reached 3 unsuccessful attempts. Although the failure reason is insufficient funds, further automatic attempts are restricted to avoid repeated failures. The case is therefore escalated for operator review.","Payment recovery for ₹42,944.94 has been paused after multiple unsuccessful attempts. Our support team will review the case.",Local Fallback,Local Fallback
TXN10419,"RecoverAI stopped automatic recovery because the payment has already reached 4 unsuccessful attempts. Although the failure reason is temporary bank error, further automatic attempts are restricted to avoid repeated failures. The case is therefore escalated for operator review.","Payment recovery for ₹1,429.96 has been paused after multiple unsuccessful attempts. Our support team will review the case.",Local Fallback,Local Fallback
TXN10420,"RecoverAI stopped automatic recovery because the payment has already reached 4 unsuccessful attempts. Although the failure reason is unknown, further automatic attempts are restricted to avoid repeated failures. The case is therefore escalated for operator review.","Payment recovery for ₹18,959.30 has been paused after multiple unsuccessful attempts. Our support team will review the case.",Local Fallback,Local Fallback
TXN10421,RecoverAI recommends a payment link because the failure is related to insufficient funds. This gives the customer another way to complete the outstanding payment.,"Hi Customer 1140, your payment of ₹1,425.44 could not be completed. You can complete your payment using the secure payment link provided.",Local Fallback,Local Fallback
TXN10422,"RecoverAI stopped automatic recovery because the payment has already reached 4 unsuccessful attempts. Although the failure reason is authentication failure, further automatic attempts are restricted to avoid repeated failures. The case is therefore escalated for operator review.","Payment recovery for ₹21,123.98 has been paused after multiple unsuccessful attempts. Our support team will review the case.",Local Fallback,Local Fallback
TXN10423,RecoverAI recommends a payment link because the failure is related to insufficient funds. This gives the customer another way to complete the outstanding payment.,"Hi Customer 1102, your payment of ₹13,829.16 could not be completed. You can complete your payment using the secure payment link provided.",Local Fallback,Local Fallback
TXN10424,RecoverAI recommends a controlled retry because the failure is related to network error. The recovery score is 80/100 and the transaction has not exceeded the automatic retry limit.,"Hi Customer 1170, your payment of ₹7,037.94 could not be completed due to a temporary payment issue. Please try the payment again after a short while.",Local Fallback,Local Fallback
TXN10425,"RecoverAI stopped automatic recovery because the payment has already reached 4 unsuccessful attempts. Although the failure reason is unknown, further automatic attempts are restricted to avoid repeated failures. The case is therefore escalated for operator review.","Payment recovery for ₹7,263.78 has been paused after multiple unsuccessful attempts. Our support team will review the case.",Local Fallback,Local Fallback
TXN10426,RecoverAI recommends a controlled retry because the failure is related to temporary bank error. The recovery score is 85/100 and the transaction has not exceeded the automatic retry limit.,"Hi Customer 1296, your payment of ₹18,608.18 could not be completed due to a temporary payment issue. Please try the payment again after a short while.",Local Fallback,Local Fallback
TXN10427,"RecoverAI stopped automatic recovery because the payment has already reached 3 unsuccessful attempts. Although the failure reason is insufficient funds, further automatic attempts are restricted to avoid repeated failures. The case is therefore escalated for operator review.","Payment recovery for ₹42,817.07 has been paused after multiple unsuccessful attempts. Our support team will review the case.",Local Fallback,Local Fallback
TXN10428,RecoverAI recommends a controlled retry because the failure is related to temporary bank error. The recovery score is 70/100 and the transaction has not exceeded the automatic retry limit.,"Hi Customer 1068, your payment of ₹3,528.87 could not be completed due to a temporary payment issue. Please try the payment again after a short while.",Local Fallback,Local Fallback
TXN10429,RecoverAI recommends a controlled retry because the failure is related to network error. The recovery score is 50/100 and the transaction has not exceeded the automatic retry limit.,"Hi Customer 1093, your payment of ₹6,371.12 could not be completed due to a temporary payment issue. Please try the payment again after a short while.",Local Fallback,Local Fallback
TXN10430,RecoverAI recommends a controlled retry because the failure is related to temporary bank error. The recovery score is 70/100 and the transaction has not exceeded the automatic retry limit.,"Hi Customer 1208, your payment of ₹2,132.72 could not be completed due to a temporary payment issue. Please try the payment again after a short while.",Local Fallback,Local Fallback
TXN10431,"RecoverAI stopped automatic recovery because the payment has already reached 3 unsuccessful attempts. Although the failure reason is insufficient funds, further automatic attempts are restricted to avoid repeated failures. The case is therefore escalated for operator review.","Payment recovery for ₹8,946.41 has been paused after multiple unsuccessful attempts. Our support team will review the case.",Local Fallback,Local Fallback
TXN10432,RecoverAI recommends a customer prompt because the payment requires customer attention. The customer can verify the payment details and attempt the transaction again.,"Hi Customer 1129, your payment of ₹41,494.88 needs your attention. Please verify your payment details and try again.",Local Fallback,Local Fallback
TXN10433,"RecoverAI stopped automatic recovery because the payment has already reached 4 unsuccessful attempts. Although the failure reason is authentication failure, further automatic attempts are restricted to avoid repeated failures. The case is therefore escalated for operator review.","Payment recovery for ₹32,642.87 has been paused after multiple unsuccessful attempts. Our support team will review the case.",Local Fallback,Local Fallback
TXN10434,"RecoverAI stopped automatic recovery because the payment has already reached 4 unsuccessful attempts. Although the failure reason is temporary bank error, further automatic attempts are restricted to avoid repeated failures. The case is therefore escalated for operator review.",Payment recovery for ₹493.01 has been paused after multiple unsuccessful attempts. Our support team will review the case.,Local Fallback,Local Fallback
TXN10435,"RecoverAI stopped automatic recovery because the payment has already reached 3 unsuccessful attempts. Although the failure reason is insufficient funds, further automatic attempts are restricted to avoid repeated failures. The case is therefore escalated for operator review.","Payment recovery for ₹23,279.93 has been paused after multiple unsuccessful attempts. Our support team will review the case.",Local Fallback,Local Fallback
TXN10436,"RecoverAI stopped automatic recovery because the payment has already reached 4 unsuccessful attempts. Although the failure reason is insufficient funds, further automatic attempts are restricted to avoid repeated failures. The case is therefore escalated for operator review.","Payment recovery for ₹21,855.68 has been paused after multiple unsuccessful attempts. Our support team will review the case.",Local Fallback,Local Fallback
TXN10437,RecoverAI recommends a controlled retry because the failure is related to temporary bank error. The recovery score is 70/100 and the transaction has not exceeded the automatic retry limit.,"Hi Customer 1179, your payment of ₹33,393.55 could not be completed due to a temporary payment issue. Please try the payment again after a short while.",Local Fallback,Local Fallback
TXN10438,RecoverAI recommends a controlled retry because the failure is related to network error. The recovery score is 90/100 and the transaction has not exceeded the automatic retry limit.,"Hi Customer 1049, your payment of ₹19,199.75 could not be completed due to a temporary payment issue. Please try the payment again after a short while.",Local Fallback,Local Fallback
TXN10439,RecoverAI recommends a reminder because the payment remains recoverable but does not require an immediate technical retry.,"Hi Customer 1094, this is a reminder regarding your pending payment of ₹913.59. Please complete the payment at your convenience.",Local Fallback,Local Fallback
TXN10440,"RecoverAI stopped automatic recovery because the payment has already reached 3 unsuccessful attempts. Although the failure reason is network error, further automatic attempts are restricted to avoid repeated failures. The case is therefore escalated for operator review.","Payment recovery for ₹41,752.72 has been paused after multiple unsuccessful attempts. Our support team will review the case.",Local Fallback,Local Fallback
TXN10441,RecoverAI recommends a controlled retry because the failure is related to temporary bank error. The recovery score is 70/100 and the transaction has not exceeded the automatic retry limit.,"Hi Customer 1128, your payment of ₹939.14 could not be completed due to a temporary payment issue. Please try the payment again after a short while.",Local Fallback,Local Fallback
TXN10442,"RecoverAI stopped automatic recovery because the payment has already reached 4 unsuccessful attempts. Although the failure reason is card expired, further automatic attempts are restricted to avoid repeated failures. The case is therefore escalated for operator review.","Payment recovery for ₹34,127.69 has been paused after multiple unsuccessful attempts. Our support team will review the case.",Local Fallback,Local Fallback
TXN10443,RecoverAI recommends a controlled retry because the failure is related to network error. The recovery score is 80/100 and the transaction has not exceeded the automatic retry limit.,"Hi Customer 1282, your payment of ₹44,622.50 could not be completed due to a temporary payment issue. Please try the payment again after a short while.",Local Fallback,Local Fallback
TXN10444,"RecoverAI stopped automatic recovery because the payment has already reached 4 unsuccessful attempts. Although the failure reason is temporary bank error, further automatic attempts are restricted to avoid repeated failures. The case is therefore escalated for operator review.","Payment recovery for ₹6,824.60 has been paused after multiple unsuccessful attempts. Our support team will review the case.",Local Fallback,Local Fallback
TXN10445,RecoverAI recommends a controlled retry because the failure is related to temporary bank error. The recovery score is 65/100 and the transaction has not exceeded the automatic retry limit.,"Hi Customer 1282, your payment of ₹7,002.02 could not be completed due to a temporary payment issue. Please try the payment again after a short while.",Local Fallback,Local Fallback
TXN10446,RecoverAI recommends a payment link because the failure is related to insufficient funds. This gives the customer another way to complete the outstanding payment.,"Hi Customer 1225, your payment of ₹4,730.21 could not be completed. You can complete your payment using the secure payment link provided.",Local Fallback,Local Fallback
TXN10447,RecoverAI recommends a customer prompt because the payment requires customer attention. The customer can verify the payment details and attempt the transaction again.,"Hi Customer 1193, your payment of ₹41,098.22 needs your attention. Please verify your payment details and try again.",Local Fallback,Local Fallback
TXN10448,RecoverAI recommends a controlled retry because the failure is related to temporary bank error. The recovery score is 65/100 and the transaction has not exceeded the automatic retry limit.,"Hi Customer 1161, your payment of ₹289.75 could not be completed due to a temporary payment issue. Please try the payment again after a short while.",Local Fallback,Local Fallback
TXN10449,RecoverAI recommends a controlled retry because the failure is related to network error. The recovery score is 85/100 and the transaction has not exceeded the automatic retry limit.,"Hi Customer 1095, your payment of ₹1,850.08 could not be completed due to a temporary payment issue. Please try the payment again after a short while.",Local Fallback,Local Fallback
TXN10450,"RecoverAI stopped automatic recovery because the payment has already reached 3 unsuccessful attempts. Although the failure reason is insufficient funds, further automatic attempts are restricted to avoid repeated failures. The case is therefore escalated for operator review.","Payment recovery for ₹47,836.99 has been paused after multiple unsuccessful attempts. Our support team will review the case.",Local Fallback,Local Fallback
TXN10451,RecoverAI recommends a controlled retry because the failure is related to temporary bank error. The recovery score is 65/100 and the transaction has not exceeded the automatic retry limit.,"Hi Customer 1168, your payment of ₹428.99 could not be completed due to a temporary payment issue. Please try the payment again after a short while.",Local Fallback,Local Fallback
TXN10452,RecoverAI recommends a payment link because the failure is related to insufficient funds. This gives the customer another way to complete the outstanding payment.,"Hi Customer 1244, your payment of ₹22,730.48 could not be completed. You can complete your payment using the secure payment link provided.",Local Fallback,Local Fallback
TXN10453,"RecoverAI stopped automatic recovery because the payment has already reached 3 unsuccessful attempts. Although the failure reason is unknown, further automatic attempts are restricted to avoid repeated failures. The case is therefore escalated for operator review.","Payment recovery for ₹4,852.41 has been paused after multiple unsuccessful attempts. Our support team will review the case.",Local Fallback,Local Fallback
TXN10454,"RecoverAI stopped automatic recovery because the payment has already reached 3 unsuccessful attempts. Although the failure reason is insufficient funds, further automatic attempts are restricted to avoid repeated failures. The case is therefore escalated for operator review.",Payment recovery for ₹882.96 has been paused after multiple unsuccessful attempts. Our support team will review the case.,Local Fallback,Local Fallback
TXN10455,RecoverAI recommends a customer prompt because the payment requires customer attention. The customer can verify the payment details and attempt the transaction again.,"Hi Customer 1193, your payment of ₹44,944.74 needs your attention. Please verify your payment details and try again.",Local Fallback,Local Fallback
TXN10456,"RecoverAI stopped automatic recovery because the payment has already reached 3 unsuccessful attempts. Although the failure reason is temporary bank error, further automatic attempts are restricted to avoid repeated failures. The case is therefore escalated for operator review.","Payment recovery for ₹22,609.58 has been paused after multiple unsuccessful attempts. Our support team will review the case.",Local Fallback,Local Fallback
TXN10457,RecoverAI recommends a controlled retry because the failure is related to network error. The recovery score is 75/100 and the transaction has not exceeded the automatic retry limit.,"Hi Customer 1051, your payment of ₹27,037.51 could not be completed due to a temporary payment issue. Please try the payment again after a short while.",Local Fallback,Local Fallback
TXN10458,"RecoverAI stopped automatic recovery because the payment has already reached 3 unsuccessful attempts. Although the failure reason is authentication failure, further automatic attempts are restricted to avoid repeated failures. The case is therefore escalated for operator review.","Payment recovery for ₹8,371.27 has been paused after multiple unsuccessful attempts. Our support team will review the case.",Local Fallback,Local Fallback
TXN10459,RecoverAI recommends a controlled retry because the failure is related to temporary bank error. The recovery score is 70/100 and the transaction has not exceeded the automatic retry limit.,"Hi Customer 1097, your payment of ₹49,018.92 could not be completed due to a temporary payment issue. Please try the payment again after a short while.",Local Fallback,Local Fallback
TXN10460,"RecoverAI stopped automatic recovery because the payment has already reached 4 unsuccessful attempts. Although the failure reason is card expired, further automatic attempts are restricted to avoid repeated failures. The case is therefore escalated for operator review.","Payment recovery for ₹7,513.79 has been paused after multiple unsuccessful attempts. Our support team will review the case.",Local Fallback,Local Fallback
TXN10461,RecoverAI recommends a payment link because the failure is related to insufficient funds. This gives the customer another way to complete the outstanding payment.,"Hi Customer 1087, your payment of ₹5,728.99 could not be completed. You can complete your payment using the secure payment link provided.",Local Fallback,Local Fallback
TXN10462,"RecoverAI stopped automatic recovery because the payment has already reached 4 unsuccessful attempts. Although the failure reason is authentication failure, further automatic attempts are restricted to avoid repeated failures. The case is therefore escalated for operator review.","Payment recovery for ₹9,800.46 has been paused after multiple unsuccessful attempts. Our support team will review the case.",Local Fallback,Local Fallback
TXN10463,RecoverAI recommends a reminder because the payment remains recoverable but does not require an immediate technical retry.,"Hi Customer 1163, this is a reminder regarding your pending payment of ₹20,035.16. Please complete the payment at your convenience.",Local Fallback,Local Fallback
TXN10464,RecoverAI recommends a reminder because the payment remains recoverable but does not require an immediate technical retry.,"Hi Customer 1216, this is a reminder regarding your pending payment of ₹29,972.12. Please complete the payment at your convenience.",Local Fallback,Local Fallback
TXN10465,RecoverAI recommends a payment link because the failure is related to insufficient funds. This gives the customer another way to complete the outstanding payment.,"Hi Customer 1209, your payment of ₹5,097.81 could not be completed. You can complete your payment using the secure payment link provided.",Local Fallback,Local Fallback
TXN10466,RecoverAI recommends a payment link because the failure is related to insufficient funds. This gives the customer another way to complete the outstanding payment.,"Hi Customer 1003, your payment of ₹554.75 could not be completed. You can complete your payment using the secure payment link provided.",Local Fallback,Local Fallback
TXN10467,"RecoverAI stopped automatic recovery because the payment has already reached 3 unsuccessful attempts. Although the failure reason is card expired, further automatic attempts are restricted to avoid repeated failures. The case is therefore escalated for operator review.","Payment recovery for ₹1,520.86 has been paused after multiple unsuccessful attempts. Our support team will review the case.",Local Fallback,Local Fallback
TXN10468,"RecoverAI stopped automatic recovery because the payment has already reached 3 unsuccessful attempts. Although the failure reason is temporary bank error, further automatic attempts are restricted to avoid repeated failures. The case is therefore escalated for operator review.","Payment recovery for ₹2,634.16 has been paused after multiple unsuccessful attempts. Our support team will review the case.",Local Fallback,Local Fallback
TXN10469,"RecoverAI stopped automatic recovery because the payment has already reached 3 unsuccessful attempts. Although the failure reason is temporary bank error, further automatic attempts are restricted to avoid repeated failures. The case is therefore escalated for operator review.","Payment recovery for ₹22,764.94 has been paused after multiple unsuccessful attempts. Our support team will review the case.",Local Fallback,Local Fallback
TXN10470,RecoverAI recommends a reminder because the payment remains recoverable but does not require an immediate technical retry.,"Hi Customer 1043, this is a reminder regarding your pending payment of ₹846.63. Please complete the payment at your convenience.",Local Fallback,Local Fallback
TXN10471,RecoverAI recommends a customer prompt because the payment requires customer attention. The customer can verify the payment details and attempt the transaction again.,"Hi Customer 1154, your payment of ₹30,651.33 needs your attention. Please verify your payment details and try again.",Local Fallback,Local Fallback
TXN10472,RecoverAI recommends a payment link because the failure is related to insufficient funds. This gives the customer another way to complete the outstanding payment.,"Hi Customer 1171, your payment of ₹814.33 could not be completed. You can complete your payment using the secure payment link provided.",Local Fallback,Local Fallback
TXN10473,"RecoverAI stopped automatic recovery because the payment has already reached 3 unsuccessful attempts. Although the failure reason is card expired, further automatic attempts are restricted to avoid repeated failures. The case is therefore escalated for operator review.","Payment recovery for ₹6,795.09 has been paused after multiple unsuccessful attempts. Our support team will review the case.",Local Fallback,Local Fallback
TXN10474,"RecoverAI stopped automatic recovery because the payment has already reached 3 unsuccessful attempts. Although the failure reason is insufficient funds, further automatic attempts are restricted to avoid repeated failures. The case is therefore escalated for operator review.","Payment recovery for ₹6,027.87 has been paused after multiple unsuccessful attempts. Our support team will review the case.",Local Fallback,Local Fallback
TXN10475,RecoverAI recommends a controlled retry because the failure is related to temporary bank error. The recovery score is 80/100 and the transaction has not exceeded the automatic retry limit.,"Hi Customer 1041, your payment of ₹34,203.58 could not be completed due to a temporary payment issue. Please try the payment again after a short while.",Local Fallback,Local Fallback
TXN10476,"RecoverAI stopped automatic recovery because the payment has already reached 3 unsuccessful attempts. Although the failure reason is temporary bank error, further automatic attempts are restricted to avoid repeated failures. The case is therefore escalated for operator review.","Payment recovery for ₹8,697.06 has been paused after multiple unsuccessful attempts. Our support team will review the case.",Local Fallback,Local Fallback
TXN10477,"RecoverAI stopped automatic recovery because the payment has already reached 3 unsuccessful attempts. Although the failure reason is insufficient funds, further automatic attempts are restricted to avoid repeated failures. The case is therefore escalated for operator review.",Payment recovery for ₹895.07 has been paused after multiple unsuccessful attempts. Our support team will review the case.,Local Fallback,Local Fallback
TXN10478,RecoverAI recommends a customer prompt because the payment requires customer attention. The customer can verify the payment details and attempt the transaction again.,"Hi Customer 1014, your payment of ₹310.67 needs your attention. Please verify your payment details and try again.",Local Fallback,Local Fallback
TXN10479,"RecoverAI stopped automatic recovery because the payment has already reached 4 unsuccessful attempts. Although the failure reason is insufficient funds, further automatic attempts are restricted to avoid repeated failures. The case is therefore escalated for operator review.","Payment recovery for ₹1,599.06 has been paused after multiple unsuccessful attempts. Our support team will review the case.",Local Fallback,Local Fallback
TXN10480,RecoverAI recommends a controlled retry because the failure is related to temporary bank error. The recovery score is 50/100 and the transaction has not exceeded the automatic retry limit.,"Hi Customer 1024, your payment of ₹8,371.08 could not be completed due to a temporary payment issue. Please try the payment again after a short while.",Local Fallback,Local Fallback
TXN10481,"RecoverAI stopped automatic recovery because the payment has already reached 3 unsuccessful attempts. Although the failure reason is network error, further automatic attempts are restricted to avoid repeated failures. The case is therefore escalated for operator review.","Payment recovery for ₹5,056.73 has been paused after multiple unsuccessful attempts. Our support team will review the case.",Local Fallback,Local Fallback
TXN10482,"RecoverAI stopped automatic recovery because the payment has already reached 4 unsuccessful attempts. Although the failure reason is unknown, further automatic attempts are restricted to avoid repeated failures. The case is therefore escalated for operator review.","Payment recovery for ₹7,223.13 has been paused after multiple unsuccessful attempts. Our support team will review the case.",Local Fallback,Local Fallback
TXN10483,RecoverAI recommends a customer prompt because the payment requires customer attention. The customer can verify the payment details and attempt the transaction again.,"Hi Customer 1075, your payment of ₹3,355.86 needs your attention. Please verify your payment details and try again.",Local Fallback,Local Fallback
TXN10484,RecoverAI recommends a controlled retry because the failure is related to temporary bank error. The recovery score is 85/100 and the transaction has not exceeded the automatic retry limit.,"Hi Customer 1215, your payment of ₹23,997.51 could not be completed due to a temporary payment issue. Please try the payment again after a short while.",Local Fallback,Local Fallback
TXN10485,"RecoverAI stopped automatic recovery because the payment has already reached 3 unsuccessful attempts. Although the failure reason is insufficient funds, further automatic attempts are restricted to avoid repeated failures. The case is therefore escalated for operator review.","Payment recovery for ₹49,128.83 has been paused after multiple unsuccessful attempts. Our support team will review the case.",Local Fallback,Local Fallback
TXN10486,"RecoverAI stopped automatic recovery because the payment has already reached 3 unsuccessful attempts. Although the failure reason is card expired, further automatic attempts are restricted to avoid repeated failures. The case is therefore escalated for operator review.","Payment recovery for ₹6,174.55 has been paused after multiple unsuccessful attempts. Our support team will review the case.",Local Fallback,Local Fallback
TXN10487,"RecoverAI stopped automatic recovery because the payment has already reached 3 unsuccessful attempts. Although the failure reason is temporary bank error, further automatic attempts are restricted to avoid repeated failures. The case is therefore escalated for operator review.","Payment recovery for ₹49,861.05 has been paused after multiple unsuccessful attempts. Our support team will review the case.",Local Fallback,Local Fallback
TXN10488,"RecoverAI stopped automatic recovery because the payment has already reached 3 unsuccessful attempts. Although the failure reason is authentication failure, further automatic attempts are restricted to avoid repeated failures. The case is therefore escalated for operator review.","Payment recovery for ₹18,332.62 has been paused after multiple unsuccessful attempts. Our support team will review the case.",Local Fallback,Local Fallback
TXN10489,"RecoverAI stopped automatic recovery because the payment has already reached 3 unsuccessful attempts. Although the failure reason is temporary bank error, further automatic attempts are restricted to avoid repeated failures. The case is therefore escalated for operator review.","Payment recovery for ₹28,869.59 has been paused after multiple unsuccessful attempts. Our support team will review the case.",Local Fallback,Local Fallback
TXN10490,RecoverAI recommends a payment link because the failure is related to insufficient funds. This gives the customer another way to complete the outstanding payment.,"Hi Customer 1076, your payment of ₹37,973.58 could not be completed. You can complete your payment using the secure payment link provided.",Local Fallback,Local Fallback
TXN10491,RecoverAI recommends a payment link because the failure is related to insufficient funds. This gives the customer another way to complete the outstanding payment.,"Hi Customer 1248, your payment of ₹991.97 could not be completed. You can complete your payment using the secure payment link provided.",Local Fallback,Local Fallback
TXN10492,"RecoverAI stopped automatic recovery because the payment has already reached 4 unsuccessful attempts. Although the failure reason is authentication failure, further automatic attempts are restricted to avoid repeated failures. The case is therefore escalated for operator review.","Payment recovery for ₹2,730.38 has been paused after multiple unsuccessful attempts. Our support team will review the case.",Local Fallback,Local Fallback
TXN10493,RecoverAI recommends manual review because the recovery score is 25/100 and automatic recovery is not considered suitable.,Your payment of ₹849.96 has been flagged for manual review. No further automatic recovery action will be taken at this time.,Local Fallback,Local Fallback
TXN10494,RecoverAI recommends a payment link because the failure is related to insufficient funds. This gives the customer another way to complete the outstanding payment.,"Hi Customer 1033, your payment of ₹8,466.35 could not be completed. You can complete your payment using the secure payment link provided.",Local Fallback,Local Fallback
TXN10495,"RecoverAI stopped automatic recovery because the payment has already reached 3 unsuccessful attempts. Although the failure reason is temporary bank error, further automatic attempts are restricted to avoid repeated failures. The case is therefore escalated for operator review.","Payment recovery for ₹6,751.80 has been paused after multiple unsuccessful attempts. Our support team will review the case.",Local Fallback,Local Fallback
TXN10496,RecoverAI recommends a customer prompt because the payment requires customer attention. The customer can verify the payment details and attempt the transaction again.,"Hi Customer 1208, your payment of ₹24,415.02 needs your attention. Please verify your payment details and try again.",Local Fallback,Local Fallback
TXN10497,RecoverAI recommends a controlled retry because the failure is related to network error. The recovery score is 70/100 and the transaction has not exceeded the automatic retry limit.,"Hi Customer 1108, your payment of ₹45,446.85 could not be completed due to a temporary payment issue. Please try the payment again after a short while.",Local Fallback,Local Fallback
TXN10498,"RecoverAI stopped automatic recovery because the payment has already reached 3 unsuccessful attempts. Although the failure reason is temporary bank error, further automatic attempts are restricted to avoid repeated failures. The case is therefore escalated for operator review.","Payment recovery for ₹45,190.10 has been paused after multiple unsuccessful attempts. Our support team will review the case.",Local Fallback,Local Fallback
TXN10499,RecoverAI recommends a controlled retry because the failure is related to network error. The recovery score is 95/100 and the transaction has not exceeded the automatic retry limit.,"Hi Customer 1278, your payment of ₹5,999.97 could not be completed due to a temporary payment issue. Please try the payment again after a short while.",Local Fallback,Local Fallback
TXN10500,"RecoverAI stopped automatic recovery because the payment has already reached 3 unsuccessful attempts. Although the failure reason is card expired, further automatic attempts are restricted to avoid repeated failures. The case is therefore escalated for operator review.","Payment recovery for ₹1,315.67 has been paused after multiple unsuccessful attempts. Our support team will review the case.",Local Fallback,Local Fallback
TXN10501,RecoverAI recommends a controlled retry because the failure is related to temporary bank error. The recovery score is 85/100 and the transaction has not exceeded the automatic retry limit.,"Hi Customer 1081, your payment of ₹907.40 could not be completed due to a temporary payment issue. Please try the payment again after a short while.",Local Fallback,Local Fallback
TXN10502,RecoverAI recommends a customer prompt because the payment requires customer attention. The customer can verify the payment details and attempt the transaction again.,"Hi Customer 1014, your payment of ₹4,505.82 needs your attention. Please verify your payment details and try again.",Local Fallback,Local Fallback
TXN10503,"RecoverAI stopped automatic recovery because the payment has already reached 3 unsuccessful attempts. Although the failure reason is insufficient funds, further automatic attempts are restricted to avoid repeated failures. The case is therefore escalated for operator review.","Payment recovery for ₹1,551.30 has been paused after multiple unsuccessful attempts. Our support team will review the case.",Local Fallback,Local Fallback
TXN10504,"RecoverAI stopped automatic recovery because the payment has already reached 3 unsuccessful attempts. Although the failure reason is card expired, further automatic attempts are restricted to avoid repeated failures. The case is therefore escalated for operator review.","Payment recovery for ₹13,296.24 has been paused after multiple unsuccessful attempts. Our support team will review the case.",Local Fallback,Local Fallback
TXN10505,RecoverAI recommends a controlled retry because the failure is related to network error. The recovery score is 50/100 and the transaction has not exceeded the automatic retry limit.,"Hi Customer 1283, your payment of ₹1,441.58 could not be completed due to a temporary payment issue. Please try the payment again after a short while.",Local Fallback,Local Fallback
TXN10506,RecoverAI recommends a controlled retry because the failure is related to network error. The recovery score is 50/100 and the transaction has not exceeded the automatic retry limit.,"Hi Customer 1275, your payment of ₹8,890.48 could not be completed due to a temporary payment issue. Please try the payment again after a short while.",Local Fallback,Local Fallback
TXN10507,RecoverAI recommends a controlled retry because the failure is related to temporary bank error. The recovery score is 80/100 and the transaction has not exceeded the automatic retry limit.,"Hi Customer 1245, your payment of ₹719.99 could not be completed due to a temporary payment issue. Please try the payment again after a short while.",Local Fallback,Local Fallback
TXN10508,"RecoverAI stopped automatic recovery because the payment has already reached 3 unsuccessful attempts. Although the failure reason is temporary bank error, further automatic attempts are restricted to avoid repeated failures. The case is therefore escalated for operator review.","Payment recovery for ₹8,876.58 has been paused after multiple unsuccessful attempts. Our support team will review the case.",Local Fallback,Local Fallback
TXN10509,"RecoverAI stopped automatic recovery because the payment has already reached 3 unsuccessful attempts. Although the failure reason is unknown, further automatic attempts are restricted to avoid repeated failures. The case is therefore escalated for operator review.",Payment recovery for ₹922.23 has been paused after multiple unsuccessful attempts. Our support team will review the case.,Local Fallback,Local Fallback
TXN10510,RecoverAI recommends a customer prompt because the payment requires customer attention. The customer can verify the payment details and attempt the transaction again.,"Hi Customer 1078, your payment of ₹37,880.97 needs your attention. Please verify your payment details and try again.",Local Fallback,Local Fallback
TXN10511,RecoverAI recommends a customer prompt because the payment requires customer attention. The customer can verify the payment details and attempt the transaction again.,"Hi Customer 1188, your payment of ₹35,255.04 needs your attention. Please verify your payment details and try again.",Local Fallback,Local Fallback
TXN10512,RecoverAI recommends a payment link because the failure is related to insufficient funds. This gives the customer another way to complete the outstanding payment.,"Hi Customer 1191, your payment of ₹449.66 could not be completed. You can complete your payment using the secure payment link provided.",Local Fallback,Local Fallback
TXN10513,"RecoverAI stopped automatic recovery because the payment has already reached 4 unsuccessful attempts. Although the failure reason is network error, further automatic attempts are restricted to avoid repeated failures. The case is therefore escalated for operator review.","Payment recovery for ₹3,106.83 has been paused after multiple unsuccessful attempts. Our support team will review the case.",Local Fallback,Local Fallback
TXN10514,"RecoverAI stopped automatic recovery because the payment has already reached 4 unsuccessful attempts. Although the failure reason is temporary bank error, further automatic attempts are restricted to avoid repeated failures. The case is therefore escalated for operator review.","Payment recovery for ₹8,540.17 has been paused after multiple unsuccessful attempts. Our support team will review the case.",Local Fallback,Local Fallback
TXN10515,"RecoverAI stopped automatic recovery because the payment has already reached 4 unsuccessful attempts. Although the failure reason is unknown, further automatic attempts are restricted to avoid repeated failures. The case is therefore escalated for operator review.","Payment recovery for ₹33,842.00 has been paused after multiple unsuccessful attempts. Our support team will review the case.",Local Fallback,Local Fallback
TXN10516,RecoverAI recommends a customer prompt because the payment requires customer attention. The customer can verify the payment details and attempt the transaction again.,"Hi Customer 1096, your payment of ₹3,756.86 needs your attention. Please verify your payment details and try again.",Local Fallback,Local Fallback
TXN10517,RecoverAI recommends a controlled retry because the failure is related to network error. The recovery score is 65/100 and the transaction has not exceeded the automatic retry limit.,"Hi Customer 1227, your payment of ₹1,502.25 could not be completed due to a temporary payment issue. Please try the payment again after a short while.",Local Fallback,Local Fallback
TXN10518,RecoverAI recommends a payment link because the failure is related to insufficient funds. This gives the customer another way to complete the outstanding payment.,"Hi Customer 1228, your payment of ₹2,864.12 could not be completed. You can complete your payment using the secure payment link provided.",Local Fallback,Local Fallback
TXN10519,RecoverAI recommends a controlled retry because the failure is related to temporary bank error. The recovery score is 80/100 and the transaction has not exceeded the automatic retry limit.,"Hi Customer 1070, your payment of ₹8,519.76 could not be completed due to a temporary payment issue. Please try the payment again after a short while.",Local Fallback,Local Fallback
TXN10520,"RecoverAI stopped automatic recovery because the payment has already reached 4 unsuccessful attempts. Although the failure reason is unknown, further automatic attempts are restricted to avoid repeated failures. The case is therefore escalated for operator review.","Payment recovery for ₹9,894.18 has been paused after multiple unsuccessful attempts. Our support team will review the case.",Local Fallback,Local Fallback
TXN10521,RecoverAI recommends a controlled retry because the failure is related to temporary bank error. The recovery score is 75/100 and the transaction has not exceeded the automatic retry limit.,"Hi Customer 1023, your payment of ₹19,390.18 could not be completed due to a temporary payment issue. Please try the payment again after a short while.",Local Fallback,Local Fallback
TXN10522,RecoverAI recommends a payment link because the failure is related to insufficient funds. This gives the customer another way to complete the outstanding payment.,"Hi Customer 1125, your payment of ₹1,166.65 could not be completed. You can complete your payment using the secure payment link provided.",Local Fallback,Local Fallback
TXN10523,RecoverAI recommends a payment link because the failure is related to insufficient funds. This gives the customer another way to complete the outstanding payment.,"Hi Customer 1206, your payment of ₹14,272.03 could not be completed. You can complete your payment using the secure payment link provided.",Local Fallback,Local Fallback
TXN10524,RecoverAI recommends a reminder because the payment remains recoverable but does not require an immediate technical retry.,"Hi Customer 1197, this is a reminder regarding your pending payment of ₹35,396.27. Please complete the payment at your convenience.",Local Fallback,Local Fallback
TXN10525,"RecoverAI stopped automatic recovery because the payment has already reached 4 unsuccessful attempts. Although the failure reason is card expired, further automatic attempts are restricted to avoid repeated failures. The case is therefore escalated for operator review.",Payment recovery for ₹339.14 has been paused after multiple unsuccessful attempts. Our support team will review the case.,Local Fallback,Local Fallback
TXN10526,"RecoverAI stopped automatic recovery because the payment has already reached 4 unsuccessful attempts. Although the failure reason is authentication failure, further automatic attempts are restricted to avoid repeated failures. The case is therefore escalated for operator review.","Payment recovery for ₹10,575.25 has been paused after multiple unsuccessful attempts. Our support team will review the case.",Local Fallback,Local Fallback
TXN10527,RecoverAI recommends a customer prompt because the payment requires customer attention. The customer can verify the payment details and attempt the transaction again.,"Hi Customer 1128, your payment of ₹3,278.88 needs your attention. Please verify your payment details and try again.",Local Fallback,Local Fallback
TXN10528,RecoverAI recommends a controlled retry because the failure is related to temporary bank error. The recovery score is 50/100 and the transaction has not exceeded the automatic retry limit.,"Hi Customer 1043, your payment of ₹6,375.82 could not be completed due to a temporary payment issue. Please try the payment again after a short while.",Local Fallback,Local Fallback
TXN10529,RecoverAI recommends a controlled retry because the failure is related to network error. The recovery score is 80/100 and the transaction has not exceeded the automatic retry limit.,"Hi Customer 1086, your payment of ₹37,983.86 could not be completed due to a temporary payment issue. Please try the payment again after a short while.",Local Fallback,Local Fallback
TXN10530,RecoverAI recommends a controlled retry because the failure is related to network error. The recovery score is 75/100 and the transaction has not exceeded the automatic retry limit.,"Hi Customer 1070, your payment of ₹29,126.36 could not be completed due to a temporary payment issue. Please try the payment again after a short while.",Local Fallback,Local Fallback
TXN10531,RecoverAI recommends a controlled retry because the failure is related to network error. The recovery score is 100/100 and the transaction has not exceeded the automatic retry limit.,"Hi Customer 1089, your payment of ₹42,330.73 could not be completed due to a temporary payment issue. Please try the payment again after a short while.",Local Fallback,Local Fallback
TXN10532,RecoverAI recommends a controlled retry because the failure is related to temporary bank error. The recovery score is 80/100 and the transaction has not exceeded the automatic retry limit.,"Hi Customer 1055, your payment of ₹1,272.64 could not be completed due to a temporary payment issue. Please try the payment again after a short while.",Local Fallback,Local Fallback
TXN10533,RecoverAI recommends manual review because the recovery score is 25/100 and automatic recovery is not considered suitable.,"Your payment of ₹1,254.72 has been flagged for manual review. No further automatic recovery action will be taken at this time.",Local Fallback,Local Fallback
TXN10534,RecoverAI recommends a controlled retry because the failure is related to temporary bank error. The recovery score is 70/100 and the transaction has not exceeded the automatic retry limit.,"Hi Customer 1040, your payment of ₹26,494.66 could not be completed due to a temporary payment issue. Please try the payment again after a short while.",Local Fallback,Local Fallback
TXN10535,RecoverAI recommends a controlled retry because the failure is related to temporary bank error. The recovery score is 55/100 and the transaction has not exceeded the automatic retry limit.,"Hi Customer 1136, your payment of ₹344.05 could not be completed due to a temporary payment issue. Please try the payment again after a short while.",Local Fallback,Local Fallback
TXN10536,RecoverAI recommends a controlled retry because the failure is related to temporary bank error. The recovery score is 65/100 and the transaction has not exceeded the automatic retry limit.,"Hi Customer 1073, your payment of ₹2,891.79 could not be completed due to a temporary payment issue. Please try the payment again after a short while.",Local Fallback,Local Fallback
TXN10537,RecoverAI recommends a payment link because the failure is related to insufficient funds. This gives the customer another way to complete the outstanding payment.,"Hi Customer 1046, your payment of ₹1,161.21 could not be completed. You can complete your payment using the secure payment link provided.",Local Fallback,Local Fallback
TXN10538,"RecoverAI stopped automatic recovery because the payment has already reached 4 unsuccessful attempts. Although the failure reason is network error, further automatic attempts are restricted to avoid repeated failures. The case is therefore escalated for operator review.","Payment recovery for ₹20,282.51 has been paused after multiple unsuccessful attempts. Our support team will review the case.",Local Fallback,Local Fallback
TXN10539,"RecoverAI stopped automatic recovery because the payment has already reached 4 unsuccessful attempts. Although the failure reason is authentication failure, further automatic attempts are restricted to avoid repeated failures. The case is therefore escalated for operator review.","Payment recovery for ₹43,175.41 has been paused after multiple unsuccessful attempts. Our support team will review the case.",Local Fallback,Local Fallback
TXN10540,"RecoverAI stopped automatic recovery because the payment has already reached 3 unsuccessful attempts. Although the failure reason is unknown, further automatic attempts are restricted to avoid repeated failures. The case is therefore escalated for operator review.","Payment recovery for ₹43,938.87 has been paused after multiple unsuccessful attempts. Our support team will review the case.",Local Fallback,Local Fallback
TXN10541,"RecoverAI stopped automatic recovery because the payment has already reached 3 unsuccessful attempts. Although the failure reason is authentication failure, further automatic attempts are restricted to avoid repeated failures. The case is therefore escalated for operator review.","Payment recovery for ₹5,567.20 has been paused after multiple unsuccessful attempts. Our support team will review the case.",Local Fallback,Local Fallback
TXN10542,RecoverAI recommends a controlled retry because the failure is related to network error. The recovery score is 80/100 and the transaction has not exceeded the automatic retry limit.,"Hi Customer 1067, your payment of ₹7,994.21 could not be completed due to a temporary payment issue. Please try the payment again after a short while.",Local Fallback,Local Fallback
TXN10543,RecoverAI recommends a customer prompt because the payment requires customer attention. The customer can verify the payment details and attempt the transaction again.,"Hi Customer 1097, your payment of ₹9,656.12 needs your attention. Please verify your payment details and try again.",Local Fallback,Local Fallback
TXN10544,"RecoverAI stopped automatic recovery because the payment has already reached 3 unsuccessful attempts. Although the failure reason is temporary bank error, further automatic attempts are restricted to avoid repeated failures. The case is therefore escalated for operator review.","Payment recovery for ₹6,087.25 has been paused after multiple unsuccessful attempts. Our support team will review the case.",Local Fallback,Local Fallback
TXN10545,RecoverAI recommends a customer prompt because the payment requires customer attention. The customer can verify the payment details and attempt the transaction again.,"Hi Customer 1133, your payment of ₹7,824.20 needs your attention. Please verify your payment details and try again.",Local Fallback,Local Fallback
TXN10546,"RecoverAI stopped automatic recovery because the payment has already reached 3 unsuccessful attempts. Although the failure reason is insufficient funds, further automatic attempts are restricted to avoid repeated failures. The case is therefore escalated for operator review.","Payment recovery for ₹14,326.20 has been paused after multiple unsuccessful attempts. Our support team will review the case.",Local Fallback,Local Fallback
TXN10547,"RecoverAI stopped automatic recovery because the payment has already reached 3 unsuccessful attempts. Although the failure reason is temporary bank error, further automatic attempts are restricted to avoid repeated failures. The case is therefore escalated for operator review.","Payment recovery for ₹1,731.53 has been paused after multiple unsuccessful attempts. Our support team will review the case.",Local Fallback,Local Fallback
TXN10548,"RecoverAI stopped automatic recovery because the payment has already reached 4 unsuccessful attempts. Although the failure reason is card expired, further automatic attempts are restricted to avoid repeated failures. The case is therefore escalated for operator review.",Payment recovery for ₹451.98 has been paused after multiple unsuccessful attempts. Our support team will review the case.,Local Fallback,Local Fallback
TXN10549,RecoverAI recommends a customer prompt because the payment requires customer attention. The customer can verify the payment details and attempt the transaction again.,"Hi Customer 1222, your payment of ₹17,714.82 needs your attention. Please verify your payment details and try again.",Local Fallback,Local Fallback
TXN10550,"RecoverAI stopped automatic recovery because the payment has already reached 4 unsuccessful attempts. Although the failure reason is authentication failure, further automatic attempts are restricted to avoid repeated failures. The case is therefore escalated for operator review.","Payment recovery for ₹1,157.45 has been paused after multiple unsuccessful attempts. Our support team will review the case.",Local Fallback,Local Fallback
TXN10551,"RecoverAI stopped automatic recovery because the payment has already reached 4 unsuccessful attempts. Although the failure reason is temporary bank error, further automatic attempts are restricted to avoid repeated failures. The case is therefore escalated for operator review.",Payment recovery for ₹417.55 has been paused after multiple unsuccessful attempts. Our support team will review the case.,Local Fallback,Local Fallback
TXN10552,RecoverAI recommends a controlled retry because the failure is related to network error. The recovery score is 85/100 and the transaction has not exceeded the automatic retry limit.,"Hi Customer 1148, your payment of ₹801.00 could not be completed due to a temporary payment issue. Please try the payment again after a short while.",Local Fallback,Local Fallback
TXN10553,RecoverAI recommends a controlled retry because the failure is related to network error. The recovery score is 80/100 and the transaction has not exceeded the automatic retry limit.,"Hi Customer 1085, your payment of ₹45,736.19 could not be completed due to a temporary payment issue. Please try the payment again after a short while.",Local Fallback,Local Fallback
TXN10554,RecoverAI recommends a customer prompt because the payment requires customer attention. The customer can verify the payment details and attempt the transaction again.,"Hi Customer 1247, your payment of ₹804.38 needs your attention. Please verify your payment details and try again.",Local Fallback,Local Fallback
TXN10555,"RecoverAI stopped automatic recovery because the payment has already reached 4 unsuccessful attempts. Although the failure reason is network error, further automatic attempts are restricted to avoid repeated failures. The case is therefore escalated for operator review.",Payment recovery for ₹522.28 has been paused after multiple unsuccessful attempts. Our support team will review the case.,Local Fallback,Local Fallback
TXN10556,RecoverAI recommends a controlled retry because the failure is related to network error. The recovery score is 80/100 and the transaction has not exceeded the automatic retry limit.,"Hi Customer 1286, your payment of ₹8,622.98 could not be completed due to a temporary payment issue. Please try the payment again after a short while.",Local Fallback,Local Fallback
TXN10557,"RecoverAI stopped automatic recovery because the payment has already reached 3 unsuccessful attempts. Although the failure reason is temporary bank error, further automatic attempts are restricted to avoid repeated failures. The case is therefore escalated for operator review.","Payment recovery for ₹5,502.76 has been paused after multiple unsuccessful attempts. Our support team will review the case.",Local Fallback,Local Fallback
TXN10558,RecoverAI recommends a payment link because the failure is related to insufficient funds. This gives the customer another way to complete the outstanding payment.,"Hi Customer 1217, your payment of ₹4,801.24 could not be completed. You can complete your payment using the secure payment link provided.",Local Fallback,Local Fallback
TXN10559,RecoverAI recommends a payment link because the failure is related to insufficient funds. This gives the customer another way to complete the outstanding payment.,"Hi Customer 1207, your payment of ₹6,805.74 could not be completed. You can complete your payment using the secure payment link provided.",Local Fallback,Local Fallback
TXN10560,RecoverAI recommends a controlled retry because the failure is related to temporary bank error. The recovery score is 80/100 and the transaction has not exceeded the automatic retry limit.,"Hi Customer 1258, your payment of ₹9,396.21 could not be completed due to a temporary payment issue. Please try the payment again after a short while.",Local Fallback,Local Fallback
TXN10561,RecoverAI recommends a payment link because the failure is related to insufficient funds. This gives the customer another way to complete the outstanding payment.,"Hi Customer 1281, your payment of ₹6,473.19 could not be completed. You can complete your payment using the secure payment link provided.",Local Fallback,Local Fallback
TXN10562,RecoverAI recommends a controlled retry because the failure is related to temporary bank error. The recovery score is 85/100 and the transaction has not exceeded the automatic retry limit.,"Hi Customer 1168, your payment of ₹4,766.53 could not be completed due to a temporary payment issue. Please try the payment again after a short while.",Local Fallback,Local Fallback
TXN10563,"RecoverAI stopped automatic recovery because the payment has already reached 3 unsuccessful attempts. Although the failure reason is network error, further automatic attempts are restricted to avoid repeated failures. The case is therefore escalated for operator review.","Payment recovery for ₹18,071.80 has been paused after multiple unsuccessful attempts. Our support team will review the case.",Local Fallback,Local Fallback
TXN10564,RecoverAI recommends a payment link because the failure is related to insufficient funds. This gives the customer another way to complete the outstanding payment.,"Hi Customer 1150, your payment of ₹1,052.48 could not be completed. You can complete your payment using the secure payment link provided.",Local Fallback,Local Fallback
TXN10565,RecoverAI recommends a controlled retry because the failure is related to temporary bank error. The recovery score is 70/100 and the transaction has not exceeded the automatic retry limit.,"Hi Customer 1219, your payment of ₹49,432.15 could not be completed due to a temporary payment issue. Please try the payment again after a short while.",Local Fallback,Local Fallback
TXN10566,"RecoverAI stopped automatic recovery because the payment has already reached 3 unsuccessful attempts. Although the failure reason is temporary bank error, further automatic attempts are restricted to avoid repeated failures. The case is therefore escalated for operator review.","Payment recovery for ₹35,382.26 has been paused after multiple unsuccessful attempts. Our support team will review the case.",Local Fallback,Local Fallback
TXN10567,"RecoverAI stopped automatic recovery because the payment has already reached 4 unsuccessful attempts. Although the failure reason is network error, further automatic attempts are restricted to avoid repeated failures. The case is therefore escalated for operator review.",Payment recovery for ₹853.13 has been paused after multiple unsuccessful attempts. Our support team will review the case.,Local Fallback,Local Fallback
TXN10568,RecoverAI recommends a reminder because the payment remains recoverable but does not require an immediate technical retry.,"Hi Customer 1214, this is a reminder regarding your pending payment of ₹25,488.93. Please complete the payment at your convenience.",Local Fallback,Local Fallback
TXN10569,"RecoverAI stopped automatic recovery because the payment has already reached 3 unsuccessful attempts. Although the failure reason is unknown, further automatic attempts are restricted to avoid repeated failures. The case is therefore escalated for operator review.",Payment recovery for ₹877.96 has been paused after multiple unsuccessful attempts. Our support team will review the case.,Local Fallback,Local Fallback
TXN10570,"RecoverAI stopped automatic recovery because the payment has already reached 4 unsuccessful attempts. Although the failure reason is unknown, further automatic attempts are restricted to avoid repeated failures. The case is therefore escalated for operator review.","Payment recovery for ₹5,913.33 has been paused after multiple unsuccessful attempts. Our support team will review the case.",Local Fallback,Local Fallback
TXN10571,"RecoverAI stopped automatic recovery because the payment has already reached 3 unsuccessful attempts. Although the failure reason is card expired, further automatic attempts are restricted to avoid repeated failures. The case is therefore escalated for operator review.","Payment recovery for ₹25,999.32 has been paused after multiple unsuccessful attempts. Our support team will review the case.",Local Fallback,Local Fallback
TXN10572,"RecoverAI stopped automatic recovery because the payment has already reached 3 unsuccessful attempts. Although the failure reason is network error, further automatic attempts are restricted to avoid repeated failures. The case is therefore escalated for operator review.","Payment recovery for ₹21,292.55 has been paused after multiple unsuccessful attempts. Our support team will review the case.",Local Fallback,Local Fallback
TXN10573,RecoverAI recommends a customer prompt because the payment requires customer attention. The customer can verify the payment details and attempt the transaction again.,"Hi Customer 1194, your payment of ₹758.29 needs your attention. Please verify your payment details and try again.",Local Fallback,Local Fallback
TXN10574,"RecoverAI stopped automatic recovery because the payment has already reached 4 unsuccessful attempts. Although the failure reason is authentication failure, further automatic attempts are restricted to avoid repeated failures. The case is therefore escalated for operator review.","Payment recovery for ₹44,518.38 has been paused after multiple unsuccessful attempts. Our support team will review the case.",Local Fallback,Local Fallback
TXN10575,RecoverAI recommends a payment link because the failure is related to insufficient funds. This gives the customer another way to complete the outstanding payment.,"Hi Customer 1205, your payment of ₹1,686.64 could not be completed. You can complete your payment using the secure payment link provided.",Local Fallback,Local Fallback
TXN10576,"RecoverAI stopped automatic recovery because the payment has already reached 4 unsuccessful attempts. Although the failure reason is temporary bank error, further automatic attempts are restricted to avoid repeated failures. The case is therefore escalated for operator review.",Payment recovery for ₹431.33 has been paused after multiple unsuccessful attempts. Our support team will review the case.,Local Fallback,Local Fallback
TXN10577,"RecoverAI stopped automatic recovery because the payment has already reached 4 unsuccessful attempts. Although the failure reason is network error, further automatic attempts are restricted to avoid repeated failures. The case is therefore escalated for operator review.","Payment recovery for ₹1,977.62 has been paused after multiple unsuccessful attempts. Our support team will review the case.",Local Fallback,Local Fallback
TXN10578,RecoverAI recommends a controlled retry because the failure is related to network error. The recovery score is 55/100 and the transaction has not exceeded the automatic retry limit.,"Hi Customer 1295, your payment of ₹1,495.82 could not be completed due to a temporary payment issue. Please try the payment again after a short while.",Local Fallback,Local Fallback
TXN10579,"RecoverAI stopped automatic recovery because the payment has already reached 3 unsuccessful attempts. Although the failure reason is authentication failure, further automatic attempts are restricted to avoid repeated failures. The case is therefore escalated for operator review.",Payment recovery for ₹970.03 has been paused after multiple unsuccessful attempts. Our support team will review the case.,Local Fallback,Local Fallback
TXN10580,"RecoverAI stopped automatic recovery because the payment has already reached 4 unsuccessful attempts. Although the failure reason is unknown, further automatic attempts are restricted to avoid repeated failures. The case is therefore escalated for operator review.","Payment recovery for ₹9,098.51 has been paused after multiple unsuccessful attempts. Our support team will review the case.",Local Fallback,Local Fallback
TXN10581,RecoverAI recommends a customer prompt because the payment requires customer attention. The customer can verify the payment details and attempt the transaction again.,"Hi Customer 1276, your payment of ₹28,889.94 needs your attention. Please verify your payment details and try again.",Local Fallback,Local Fallback
TXN10582,"RecoverAI stopped automatic recovery because the payment has already reached 4 unsuccessful attempts. Although the failure reason is temporary bank error, further automatic attempts are restricted to avoid repeated failures. The case is therefore escalated for operator review.",Payment recovery for ₹905.08 has been paused after multiple unsuccessful attempts. Our support team will review the case.,Local Fallback,Local Fallback
TXN10583,RecoverAI recommends a controlled retry because the failure is related to temporary bank error. The recovery score is 80/100 and the transaction has not exceeded the automatic retry limit.,"Hi Customer 1117, your payment of ₹1,938.81 could not be completed due to a temporary payment issue. Please try the payment again after a short while.",Local Fallback,Local Fallback
TXN10584,"RecoverAI stopped automatic recovery because the payment has already reached 4 unsuccessful attempts. Although the failure reason is insufficient funds, further automatic attempts are restricted to avoid repeated failures. The case is therefore escalated for operator review.",Payment recovery for ₹489.61 has been paused after multiple unsuccessful attempts. Our support team will review the case.,Local Fallback,Local Fallback
TXN10585,"RecoverAI stopped automatic recovery because the payment has already reached 4 unsuccessful attempts. Although the failure reason is card expired, further automatic attempts are restricted to avoid repeated failures. The case is therefore escalated for operator review.","Payment recovery for ₹1,167.80 has been paused after multiple unsuccessful attempts. Our support team will review the case.",Local Fallback,Local Fallback
TXN10586,"RecoverAI stopped automatic recovery because the payment has already reached 4 unsuccessful attempts. Although the failure reason is insufficient funds, further automatic attempts are restricted to avoid repeated failures. The case is therefore escalated for operator review.","Payment recovery for ₹1,177.82 has been paused after multiple unsuccessful attempts. Our support team will review the case.",Local Fallback,Local Fallback
TXN10587,"RecoverAI stopped automatic recovery because the payment has already reached 4 unsuccessful attempts. Although the failure reason is insufficient funds, further automatic attempts are restricted to avoid repeated failures. The case is therefore escalated for operator review.","Payment recovery for ₹1,811.31 has been paused after multiple unsuccessful attempts. Our support team will review the case.",Local Fallback,Local Fallback
TXN10588,RecoverAI recommends a payment link because the failure is related to insufficient funds. This gives the customer another way to complete the outstanding payment.,"Hi Customer 1166, your payment of ₹4,086.53 could not be completed. You can complete your payment using the secure payment link provided.",Local Fallback,Local Fallback
TXN10589,"RecoverAI stopped automatic recovery because the payment has already reached 4 unsuccessful attempts. Although the failure reason is insufficient funds, further automatic attempts are restricted to avoid repeated failures. The case is therefore escalated for operator review.","Payment recovery for ₹28,004.39 has been paused after multiple unsuccessful attempts. Our support team will review the case.",Local Fallback,Local Fallback
TXN10590,"RecoverAI stopped automatic recovery because the payment has already reached 4 unsuccessful attempts. Although the failure reason is card expired, further automatic attempts are restricted to avoid repeated failures. The case is therefore escalated for operator review.",Payment recovery for ₹638.19 has been paused after multiple unsuccessful attempts. Our support team will review the case.,Local Fallback,Local Fallback
TXN10591,RecoverAI recommends a payment link because the failure is related to insufficient funds. This gives the customer another way to complete the outstanding payment.,"Hi Customer 1139, your payment of ₹1,145.97 could not be completed. You can complete your payment using the secure payment link provided.",Local Fallback,Local Fallback
TXN10592,"RecoverAI stopped automatic recovery because the payment has already reached 4 unsuccessful attempts. Although the failure reason is authentication failure, further automatic attempts are restricted to avoid repeated failures. The case is therefore escalated for operator review.","Payment recovery for ₹10,271.86 has been paused after multiple unsuccessful attempts. Our support team will review the case.",Local Fallback,Local Fallback
TXN10593,RecoverAI recommends a customer prompt because the payment requires customer attention. The customer can verify the payment details and attempt the transaction again.,"Hi Customer 1043, your payment of ₹13,543.13 needs your attention. Please verify your payment details and try again.",Local Fallback,Local Fallback
TXN10594,"RecoverAI stopped automatic recovery because the payment has already reached 3 unsuccessful attempts. Although the failure reason is unknown, further automatic attempts are restricted to avoid repeated failures. The case is therefore escalated for operator review.","Payment recovery for ₹26,695.66 has been paused after multiple unsuccessful attempts. Our support team will review the case.",Local Fallback,Local Fallback
TXN10595,"RecoverAI stopped automatic recovery because the payment has already reached 3 unsuccessful attempts. Although the failure reason is insufficient funds, further automatic attempts are restricted to avoid repeated failures. The case is therefore escalated for operator review.","Payment recovery for ₹4,031.62 has been paused after multiple unsuccessful attempts. Our support team will review the case.",Local Fallback,Local Fallback
TXN10596,"RecoverAI stopped automatic recovery because the payment has already reached 4 unsuccessful attempts. Although the failure reason is temporary bank error, further automatic attempts are restricted to avoid repeated failures. The case is therefore escalated for operator review.","Payment recovery for ₹44,649.08 has been paused after multiple unsuccessful attempts. Our support team will review the case.",Local Fallback,Local Fallback
TXN10597,"RecoverAI stopped automatic recovery because the payment has already reached 4 unsuccessful attempts. Although the failure reason is network error, further automatic attempts are restricted to avoid repeated failures. The case is therefore escalated for operator review.","Payment recovery for ₹8,221.05 has been paused after multiple unsuccessful attempts. Our support team will review the case.",Local Fallback,Local Fallback
TXN10598,"RecoverAI stopped automatic recovery because the payment has already reached 3 unsuccessful attempts. Although the failure reason is insufficient funds, further automatic attempts are restricted to avoid repeated failures. The case is therefore escalated for operator review.","Payment recovery for ₹23,175.17 has been paused after multiple unsuccessful attempts. Our support team will review the case.",Local Fallback,Local Fallback
TXN10599,RecoverAI recommends a customer prompt because the payment requires customer attention. The customer can verify the payment details and attempt the transaction again.,"Hi Customer 1127, your payment of ₹1,836.54 needs your attention. Please verify your payment details and try again.",Local Fallback,Local Fallback
TXN10600,RecoverAI recommends a customer prompt because the payment requires customer attention. The customer can verify the payment details and attempt the transaction again.,"Hi Customer 1199, your payment of ₹23,351.06 needs your attention. Please verify your payment details and try again.",Local Fallback,Local Fallback
TXN10601,"RecoverAI stopped automatic recovery because the payment has already reached 4 unsuccessful attempts. Although the failure reason is temporary bank error, further automatic attempts are restricted to avoid repeated failures. The case is therefore escalated for operator review.","Payment recovery for ₹5,593.70 has been paused after multiple unsuccessful attempts. Our support team will review the case.",Local Fallback,Local Fallback
TXN10602,RecoverAI recommends a customer prompt because the payment requires customer attention. The customer can verify the payment details and attempt the transaction again.,"Hi Customer 1251, your payment of ₹38,304.82 needs your attention. Please verify your payment details and try again.",Local Fallback,Local Fallback
TXN10603,RecoverAI recommends a payment link because the failure is related to insufficient funds. This gives the customer another way to complete the outstanding payment.,"Hi Customer 1292, your payment of ₹268.76 could not be completed. You can complete your payment using the secure payment link provided.",Local Fallback,Local Fallback
TXN10604,RecoverAI recommends a controlled retry because the failure is related to network error. The recovery score is 85/100 and the transaction has not exceeded the automatic retry limit.,"Hi Customer 1097, your payment of ₹4,340.95 could not be completed due to a temporary payment issue. Please try the payment again after a short while.",Local Fallback,Local Fallback
TXN10605,"RecoverAI stopped automatic recovery because the payment has already reached 4 unsuccessful attempts. Although the failure reason is temporary bank error, further automatic attempts are restricted to avoid repeated failures. The case is therefore escalated for operator review.","Payment recovery for ₹28,690.44 has been paused after multiple unsuccessful attempts. Our support team will review the case.",Local Fallback,Local Fallback
TXN10606,"RecoverAI stopped automatic recovery because the payment has already reached 4 unsuccessful attempts. Although the failure reason is unknown, further automatic attempts are restricted to avoid repeated failures. The case is therefore escalated for operator review.",Payment recovery for ₹999.71 has been paused after multiple unsuccessful attempts. Our support team will review the case.,Local Fallback,Local Fallback
TXN10607,"RecoverAI stopped automatic recovery because the payment has already reached 4 unsuccessful attempts. Although the failure reason is insufficient funds, further automatic attempts are restricted to avoid repeated failures. The case is therefore escalated for operator review.","Payment recovery for ₹35,564.31 has been paused after multiple unsuccessful attempts. Our support team will review the case.",Local Fallback,Local Fallback
TXN10608,"RecoverAI stopped automatic recovery because the payment has already reached 4 unsuccessful attempts. Although the failure reason is temporary bank error, further automatic attempts are restricted to avoid repeated failures. The case is therefore escalated for operator review.","Payment recovery for ₹18,920.39 has been paused after multiple unsuccessful attempts. Our support team will review the case.",Local Fallback,Local Fallback
TXN10609,"RecoverAI stopped automatic recovery because the payment has already reached 3 unsuccessful attempts. Although the failure reason is insufficient funds, further automatic attempts are restricted to avoid repeated failures. The case is therefore escalated for operator review.","Payment recovery for ₹36,007.49 has been paused after multiple unsuccessful attempts. Our support team will review the case.",Local Fallback,Local Fallback
TXN10610,"RecoverAI stopped automatic recovery because the payment has already reached 3 unsuccessful attempts. Although the failure reason is network error, further automatic attempts are restricted to avoid repeated failures. The case is therefore escalated for operator review.",Payment recovery for ₹314.63 has been paused after multiple unsuccessful attempts. Our support team will review the case.,Local Fallback,Local Fallback
TXN10611,RecoverAI recommends a payment link because the failure is related to insufficient funds. This gives the customer another way to complete the outstanding payment.,"Hi Customer 1229, your payment of ₹1,144.57 could not be completed. You can complete your payment using the secure payment link provided.",Local Fallback,Local Fallback
TXN10612,"RecoverAI stopped automatic recovery because the payment has already reached 3 unsuccessful attempts. Although the failure reason is temporary bank error, further automatic attempts are restricted to avoid repeated failures. The case is therefore escalated for operator review.","Payment recovery for ₹23,722.07 has been paused after multiple unsuccessful attempts. Our support team will review the case.",Local Fallback,Local Fallback
TXN10613,"RecoverAI stopped automatic recovery because the payment has already reached 3 unsuccessful attempts. Although the failure reason is temporary bank error, further automatic attempts are restricted to avoid repeated failures. The case is therefore escalated for operator review.","Payment recovery for ₹5,673.97 has been paused after multiple unsuccessful attempts. Our support team will review the case.",Local Fallback,Local Fallback
TXN10614,"RecoverAI stopped automatic recovery because the payment has already reached 4 unsuccessful attempts. Although the failure reason is network error, further automatic attempts are restricted to avoid repeated failures. The case is therefore escalated for operator review.","Payment recovery for ₹23,356.10 has been paused after multiple unsuccessful attempts. Our support team will review the case.",Local Fallback,Local Fallback
TXN10615,"RecoverAI stopped automatic recovery because the payment has already reached 4 unsuccessful attempts. Although the failure reason is network error, further automatic attempts are restricted to avoid repeated failures. The case is therefore escalated for operator review.","Payment recovery for ₹6,215.87 has been paused after multiple unsuccessful attempts. Our support team will review the case.",Local Fallback,Local Fallback
TXN10616,RecoverAI recommends a controlled retry because the failure is related to temporary bank error. The recovery score is 75/100 and the transaction has not exceeded the automatic retry limit.,"Hi Customer 1248, your payment of ₹6,701.80 could not be completed due to a temporary payment issue. Please try the payment again after a short while.",Local Fallback,Local Fallback
TXN10617,"RecoverAI stopped automatic recovery because the payment has already reached 3 unsuccessful attempts. Although the failure reason is authentication failure, further automatic attempts are restricted to avoid repeated failures. The case is therefore escalated for operator review.","Payment recovery for ₹11,064.33 has been paused after multiple unsuccessful attempts. Our support team will review the case.",Local Fallback,Local Fallback
TXN10618,"RecoverAI stopped automatic recovery because the payment has already reached 3 unsuccessful attempts. Although the failure reason is authentication failure, further automatic attempts are restricted to avoid repeated failures. The case is therefore escalated for operator review.","Payment recovery for ₹4,270.10 has been paused after multiple unsuccessful attempts. Our support team will review the case.",Local Fallback,Local Fallback
TXN10619,"RecoverAI stopped automatic recovery because the payment has already reached 3 unsuccessful attempts. Although the failure reason is network error, further automatic attempts are restricted to avoid repeated failures. The case is therefore escalated for operator review.","Payment recovery for ₹8,501.99 has been paused after multiple unsuccessful attempts. Our support team will review the case.",Local Fallback,Local Fallback
TXN10620,RecoverAI recommends a controlled retry because the failure is related to temporary bank error. The recovery score is 65/100 and the transaction has not exceeded the automatic retry limit.,"Hi Customer 1258, your payment of ₹1,094.01 could not be completed due to a temporary payment issue. Please try the payment again after a short while.",Local Fallback,Local Fallback
TXN10621,RecoverAI recommends a controlled retry because the failure is related to temporary bank error. The recovery score is 95/100 and the transaction has not exceeded the automatic retry limit.,"Hi Customer 1015, your payment of ₹1,481.00 could not be completed due to a temporary payment issue. Please try the payment again after a short while.",Local Fallback,Local Fallback
TXN10622,RecoverAI recommends a customer prompt because the payment requires customer attention. The customer can verify the payment details and attempt the transaction again.,"Hi Customer 1074, your payment of ₹45,803.06 needs your attention. Please verify your payment details and try again.",Local Fallback,Local Fallback
TXN10623,"RecoverAI stopped automatic recovery because the payment has already reached 3 unsuccessful attempts. Although the failure reason is unknown, further automatic attempts are restricted to avoid repeated failures. The case is therefore escalated for operator review.","Payment recovery for ₹24,181.93 has been paused after multiple unsuccessful attempts. Our support team will review the case.",Local Fallback,Local Fallback
TXN10624,RecoverAI recommends a controlled retry because the failure is related to network error. The recovery score is 70/100 and the transaction has not exceeded the automatic retry limit.,"Hi Customer 1111, your payment of ₹9,254.98 could not be completed due to a temporary payment issue. Please try the payment again after a short while.",Local Fallback,Local Fallback
TXN10625,RecoverAI recommends a controlled retry because the failure is related to temporary bank error. The recovery score is 80/100 and the transaction has not exceeded the automatic retry limit.,"Hi Customer 1180, your payment of ₹4,685.12 could not be completed due to a temporary payment issue. Please try the payment again after a short while.",Local Fallback,Local Fallback
TXN10626,RecoverAI recommends a payment link because the failure is related to insufficient funds. This gives the customer another way to complete the outstanding payment.,"Hi Customer 1299, your payment of ₹2,694.18 could not be completed. You can complete your payment using the secure payment link provided.",Local Fallback,Local Fallback
TXN10627,RecoverAI recommends a customer prompt because the payment requires customer attention. The customer can verify the payment details and attempt the transaction again.,"Hi Customer 1100, your payment of ₹1,330.72 needs your attention. Please verify your payment details and try again.",Local Fallback,Local Fallback
TXN10628,"RecoverAI stopped automatic recovery because the payment has already reached 3 unsuccessful attempts. Although the failure reason is temporary bank error, further automatic attempts are restricted to avoid repeated failures. The case is therefore escalated for operator review.",Payment recovery for ₹529.16 has been paused after multiple unsuccessful attempts. Our support team will review the case.,Local Fallback,Local Fallback
TXN10629,RecoverAI recommends a controlled retry because the failure is related to temporary bank error. The recovery score is 90/100 and the transaction has not exceeded the automatic retry limit.,"Hi Customer 1031, your payment of ₹1,604.26 could not be completed due to a temporary payment issue. Please try the payment again after a short while.",Local Fallback,Local Fallback
TXN10630,RecoverAI recommends a controlled retry because the failure is related to temporary bank error. The recovery score is 70/100 and the transaction has not exceeded the automatic retry limit.,"Hi Customer 1113, your payment of ₹1,892.35 could not be completed due to a temporary payment issue. Please try the payment again after a short while.",Local Fallback,Local Fallback
TXN10631,RecoverAI recommends a customer prompt because the payment requires customer attention. The customer can verify the payment details and attempt the transaction again.,"Hi Customer 1207, your payment of ₹1,496.90 needs your attention. Please verify your payment details and try again.",Local Fallback,Local Fallback
TXN10632,RecoverAI recommends manual review because the recovery score is 25/100 and automatic recovery is not considered suitable.,"Your payment of ₹9,837.45 has been flagged for manual review. No further automatic recovery action will be taken at this time.",Local Fallback,Local Fallback
TXN10633,"RecoverAI stopped automatic recovery because the payment has already reached 4 unsuccessful attempts. Although the failure reason is unknown, further automatic attempts are restricted to avoid repeated failures. The case is therefore escalated for operator review.","Payment recovery for ₹3,691.24 has been paused after multiple unsuccessful attempts. Our support team will review the case.",Local Fallback,Local Fallback
TXN10634,"RecoverAI stopped automatic recovery because the payment has already reached 3 unsuccessful attempts. Although the failure reason is insufficient funds, further automatic attempts are restricted to avoid repeated failures. The case is therefore escalated for operator review.","Payment recovery for ₹9,713.86 has been paused after multiple unsuccessful attempts. Our support team will review the case.",Local Fallback,Local Fallback
TXN10635,"RecoverAI stopped automatic recovery because the payment has already reached 3 unsuccessful attempts. Although the failure reason is unknown, further automatic attempts are restricted to avoid repeated failures. The case is therefore escalated for operator review.",Payment recovery for ₹365.55 has been paused after multiple unsuccessful attempts. Our support team will review the case.,Local Fallback,Local Fallback
TXN10636,RecoverAI recommends manual review because the recovery score is 25/100 and automatic recovery is not considered suitable.,"Your payment of ₹2,962.90 has been flagged for manual review. No further automatic recovery action will be taken at this time.",Local Fallback,Local Fallback
TXN10637,"RecoverAI stopped automatic recovery because the payment has already reached 3 unsuccessful attempts. Although the failure reason is authentication failure, further automatic attempts are restricted to avoid repeated failures. The case is therefore escalated for operator review.","Payment recovery for ₹4,886.09 has been paused after multiple unsuccessful attempts. Our support team will review the case.",Local Fallback,Local Fallback
TXN10638,"RecoverAI stopped automatic recovery because the payment has already reached 3 unsuccessful attempts. Although the failure reason is network error, further automatic attempts are restricted to avoid repeated failures. The case is therefore escalated for operator review.","Payment recovery for ₹1,745.08 has been paused after multiple unsuccessful attempts. Our support team will review the case.",Local Fallback,Local Fallback
TXN10639,"RecoverAI stopped automatic recovery because the payment has already reached 3 unsuccessful attempts. Although the failure reason is temporary bank error, further automatic attempts are restricted to avoid repeated failures. The case is therefore escalated for operator review.","Payment recovery for ₹2,748.38 has been paused after multiple unsuccessful attempts. Our support team will review the case.",Local Fallback,Local Fallback
TXN10640,"RecoverAI stopped automatic recovery because the payment has already reached 4 unsuccessful attempts. Although the failure reason is network error, further automatic attempts are restricted to avoid repeated failures. The case is therefore escalated for operator review.","Payment recovery for ₹1,786.56 has been paused after multiple unsuccessful attempts. Our support team will review the case.",Local Fallback,Local Fallback
TXN10641,RecoverAI recommends a controlled retry because the failure is related to network error. The recovery score is 75/100 and the transaction has not exceeded the automatic retry limit.,"Hi Customer 1096, your payment of ₹5,481.91 could not be completed due to a temporary payment issue. Please try the payment again after a short while.",Local Fallback,Local Fallback
TXN10642,RecoverAI recommends a customer prompt because the payment requires customer attention. The customer can verify the payment details and attempt the transaction again.,"Hi Customer 1268, your payment of ₹618.43 needs your attention. Please verify your payment details and try again.",Local Fallback,Local Fallback
TXN10643,RecoverAI recommends a reminder because the payment remains recoverable but does not require an immediate technical retry.,"Hi Customer 1175, this is a reminder regarding your pending payment of ₹6,329.36. Please complete the payment at your convenience.",Local Fallback,Local Fallback
TXN10644,"RecoverAI stopped automatic recovery because the payment has already reached 3 unsuccessful attempts. Although the failure reason is network error, further automatic attempts are restricted to avoid repeated failures. The case is therefore escalated for operator review.","Payment recovery for ₹6,526.25 has been paused after multiple unsuccessful attempts. Our support team will review the case.",Local Fallback,Local Fallback
TXN10645,"RecoverAI stopped automatic recovery because the payment has already reached 3 unsuccessful attempts. Although the failure reason is authentication failure, further automatic attempts are restricted to avoid repeated failures. The case is therefore escalated for operator review.","Payment recovery for ₹3,966.30 has been paused after multiple unsuccessful attempts. Our support team will review the case.",Local Fallback,Local Fallback
TXN10646,RecoverAI recommends a payment link because the failure is related to insufficient funds. This gives the customer another way to complete the outstanding payment.,"Hi Customer 1268, your payment of ₹1,020.72 could not be completed. You can complete your payment using the secure payment link provided.",Local Fallback,Local Fallback
TXN10647,"RecoverAI stopped automatic recovery because the payment has already reached 4 unsuccessful attempts. Although the failure reason is network error, further automatic attempts are restricted to avoid repeated failures. The case is therefore escalated for operator review.","Payment recovery for ₹15,009.20 has been paused after multiple unsuccessful attempts. Our support team will review the case.",Local Fallback,Local Fallback
TXN10648,"RecoverAI stopped automatic recovery because the payment has already reached 3 unsuccessful attempts. Although the failure reason is network error, further automatic attempts are restricted to avoid repeated failures. The case is therefore escalated for operator review.","Payment recovery for ₹35,921.21 has been paused after multiple unsuccessful attempts. Our support team will review the case.",Local Fallback,Local Fallback
TXN10649,RecoverAI recommends a controlled retry because the failure is related to network error. The recovery score is 65/100 and the transaction has not exceeded the automatic retry limit.,"Hi Customer 1142, your payment of ₹10,986.80 could not be completed due to a temporary payment issue. Please try the payment again after a short while.",Local Fallback,Local Fallback
TXN10650,"RecoverAI stopped automatic recovery because the payment has already reached 3 unsuccessful attempts. Although the failure reason is insufficient funds, further automatic attempts are restricted to avoid repeated failures. The case is therefore escalated for operator review.","Payment recovery for ₹3,874.37 has been paused after multiple unsuccessful attempts. Our support team will review the case.",Local Fallback,Local Fallback
TXN10651,RecoverAI recommends a customer prompt because the payment requires customer attention. The customer can verify the payment details and attempt the transaction again.,"Hi Customer 1086, your payment of ₹462.89 needs your attention. Please verify your payment details and try again.",Local Fallback,Local Fallback
TXN10652,"RecoverAI stopped automatic recovery because the payment has already reached 4 unsuccessful attempts. Although the failure reason is temporary bank error, further automatic attempts are restricted to avoid repeated failures. The case is therefore escalated for operator review.","Payment recovery for ₹43,767.44 has been paused after multiple unsuccessful attempts. Our support team will review the case.",Local Fallback,Local Fallback
TXN10653,RecoverAI recommends a reminder because the payment remains recoverable but does not require an immediate technical retry.,"Hi Customer 1068, this is a reminder regarding your pending payment of ₹3,724.66. Please complete the payment at your convenience.",Local Fallback,Local Fallback
TXN10654,"RecoverAI stopped automatic recovery because the payment has already reached 4 unsuccessful attempts. Although the failure reason is temporary bank error, further automatic attempts are restricted to avoid repeated failures. The case is therefore escalated for operator review.",Payment recovery for ₹288.75 has been paused after multiple unsuccessful attempts. Our support team will review the case.,Local Fallback,Local Fallback
TXN10655,RecoverAI recommends a reminder because the payment remains recoverable but does not require an immediate technical retry.,"Hi Customer 1037, this is a reminder regarding your pending payment of ₹1,461.45. Please complete the payment at your convenience.",Local Fallback,Local Fallback
TXN10656,RecoverAI recommends a customer prompt because the payment requires customer attention. The customer can verify the payment details and attempt the transaction again.,"Hi Customer 1047, your payment of ₹3,004.53 needs your attention. Please verify your payment details and try again.",Local Fallback,Local Fallback
TXN10657,"RecoverAI stopped automatic recovery because the payment has already reached 3 unsuccessful attempts. Although the failure reason is insufficient funds, further automatic attempts are restricted to avoid repeated failures. The case is therefore escalated for operator review.",Payment recovery for ₹481.97 has been paused after multiple unsuccessful attempts. Our support team will review the case.,Local Fallback,Local Fallback
TXN10658,"RecoverAI stopped automatic recovery because the payment has already reached 4 unsuccessful attempts. Although the failure reason is temporary bank error, further automatic attempts are restricted to avoid repeated failures. The case is therefore escalated for operator review.","Payment recovery for ₹8,027.05 has been paused after multiple unsuccessful attempts. Our support team will review the case.",Local Fallback,Local Fallback
TXN10659,"RecoverAI stopped automatic recovery because the payment has already reached 4 unsuccessful attempts. Although the failure reason is network error, further automatic attempts are restricted to avoid repeated failures. The case is therefore escalated for operator review.","Payment recovery for ₹40,582.73 has been paused after multiple unsuccessful attempts. Our support team will review the case.",Local Fallback,Local Fallback
TXN10660,"RecoverAI stopped automatic recovery because the payment has already reached 3 unsuccessful attempts. Although the failure reason is temporary bank error, further automatic attempts are restricted to avoid repeated failures. The case is therefore escalated for operator review.",Payment recovery for ₹619.64 has been paused after multiple unsuccessful attempts. Our support team will review the case.,Local Fallback,Local Fallback
TXN10661,RecoverAI recommends a customer prompt because the payment requires customer attention. The customer can verify the payment details and attempt the transaction again.,"Hi Customer 1278, your payment of ₹719.45 needs your attention. Please verify your payment details and try again.",Local Fallback,Local Fallback
TXN10662,RecoverAI recommends a payment link because the failure is related to insufficient funds. This gives the customer another way to complete the outstanding payment.,"Hi Customer 1288, your payment of ₹9,601.28 could not be completed. You can complete your payment using the secure payment link provided.",Local Fallback,Local Fallback
TXN10663,"RecoverAI stopped automatic recovery because the payment has already reached 3 unsuccessful attempts. Although the failure reason is temporary bank error, further automatic attempts are restricted to avoid repeated failures. The case is therefore escalated for operator review.","Payment recovery for ₹1,696.49 has been paused after multiple unsuccessful attempts. Our support team will review the case.",Local Fallback,Local Fallback
TXN10664,RecoverAI recommends a controlled retry because the failure is related to temporary bank error. The recovery score is 65/100 and the transaction has not exceeded the automatic retry limit.,"Hi Customer 1006, your payment of ₹40,926.71 could not be completed due to a temporary payment issue. Please try the payment again after a short while.",Local Fallback,Local Fallback
TXN10665,"RecoverAI stopped automatic recovery because the payment has already reached 4 unsuccessful attempts. Although the failure reason is insufficient funds, further automatic attempts are restricted to avoid repeated failures. The case is therefore escalated for operator review.","Payment recovery for ₹32,068.49 has been paused after multiple unsuccessful attempts. Our support team will review the case.",Local Fallback,Local Fallback
TXN10666,"RecoverAI stopped automatic recovery because the payment has already reached 3 unsuccessful attempts. Although the failure reason is authentication failure, further automatic attempts are restricted to avoid repeated failures. The case is therefore escalated for operator review.","Payment recovery for ₹1,022.98 has been paused after multiple unsuccessful attempts. Our support team will review the case.",Local Fallback,Local Fallback
TXN10667,"RecoverAI stopped automatic recovery because the payment has already reached 3 unsuccessful attempts. Although the failure reason is temporary bank error, further automatic attempts are restricted to avoid repeated failures. The case is therefore escalated for operator review.","Payment recovery for ₹7,935.22 has been paused after multiple unsuccessful attempts. Our support team will review the case.",Local Fallback,Local Fallback
TXN10668,"RecoverAI stopped automatic recovery because the payment has already reached 3 unsuccessful attempts. Although the failure reason is authentication failure, further automatic attempts are restricted to avoid repeated failures. The case is therefore escalated for operator review.","Payment recovery for ₹3,427.98 has been paused after multiple unsuccessful attempts. Our support team will review the case.",Local Fallback,Local Fallback
TXN10669,RecoverAI recommends a controlled retry because the failure is related to network error. The recovery score is 100/100 and the transaction has not exceeded the automatic retry limit.,"Hi Customer 1234, your payment of ₹38,095.95 could not be completed due to a temporary payment issue. Please try the payment again after a short while.",Local Fallback,Local Fallback
TXN10670,"RecoverAI stopped automatic recovery because the payment has already reached 3 unsuccessful attempts. Although the failure reason is authentication failure, further automatic attempts are restricted to avoid repeated failures. The case is therefore escalated for operator review.","Payment recovery for ₹8,417.39 has been paused after multiple unsuccessful attempts. Our support team will review the case.",Local Fallback,Local Fallback
TXN10671,"RecoverAI stopped automatic recovery because the payment has already reached 3 unsuccessful attempts. Although the failure reason is unknown, further automatic attempts are restricted to avoid repeated failures. The case is therefore escalated for operator review.","Payment recovery for ₹10,721.16 has been paused after multiple unsuccessful attempts. Our support team will review the case.",Local Fallback,Local Fallback
TXN10672,"RecoverAI stopped automatic recovery because the payment has already reached 3 unsuccessful attempts. Although the failure reason is authentication failure, further automatic attempts are restricted to avoid repeated failures. The case is therefore escalated for operator review.","Payment recovery for ₹41,326.40 has been paused after multiple unsuccessful attempts. Our support team will review the case.",Local Fallback,Local Fallback
TXN10673,"RecoverAI stopped automatic recovery because the payment has already reached 3 unsuccessful attempts. Although the failure reason is network error, further automatic attempts are restricted to avoid repeated failures. The case is therefore escalated for operator review.","Payment recovery for ₹38,991.48 has been paused after multiple unsuccessful attempts. Our support team will review the case.",Local Fallback,Local Fallback
TXN10674,RecoverAI recommends a payment link because the failure is related to insufficient funds. This gives the customer another way to complete the outstanding payment.,"Hi Customer 1148, your payment of ₹477.61 could not be completed. You can complete your payment using the secure payment link provided.",Local Fallback,Local Fallback
TXN10675,RecoverAI recommends a customer prompt because the payment requires customer attention. The customer can verify the payment details and attempt the transaction again.,"Hi Customer 1011, your payment of ₹454.93 needs your attention. Please verify your payment details and try again.",Local Fallback,Local Fallback
TXN10676,"RecoverAI stopped automatic recovery because the payment has already reached 4 unsuccessful attempts. Although the failure reason is unknown, further automatic attempts are restricted to avoid repeated failures. The case is therefore escalated for operator review.",Payment recovery for ₹554.84 has been paused after multiple unsuccessful attempts. Our support team will review the case.,Local Fallback,Local Fallback
TXN10677,RecoverAI recommends a controlled retry because the failure is related to temporary bank error. The recovery score is 80/100 and the transaction has not exceeded the automatic retry limit.,"Hi Customer 1273, your payment of ₹2,740.04 could not be completed due to a temporary payment issue. Please try the payment again after a short while.",Local Fallback,Local Fallback
TXN10678,RecoverAI recommends a customer prompt because the payment requires customer attention. The customer can verify the payment details and attempt the transaction again.,"Hi Customer 1041, your payment of ₹12,900.89 needs your attention. Please verify your payment details and try again.",Local Fallback,Local Fallback
TXN10679,"RecoverAI stopped automatic recovery because the payment has already reached 3 unsuccessful attempts. Although the failure reason is insufficient funds, further automatic attempts are restricted to avoid repeated failures. The case is therefore escalated for operator review.","Payment recovery for ₹4,697.36 has been paused after multiple unsuccessful attempts. Our support team will review the case.",Local Fallback,Local Fallback
TXN10680,"RecoverAI stopped automatic recovery because the payment has already reached 3 unsuccessful attempts. Although the failure reason is insufficient funds, further automatic attempts are restricted to avoid repeated failures. The case is therefore escalated for operator review.","Payment recovery for ₹1,135.35 has been paused after multiple unsuccessful attempts. Our support team will review the case.",Local Fallback,Local Fallback
TXN10681,"RecoverAI stopped automatic recovery because the payment has already reached 4 unsuccessful attempts. Although the failure reason is temporary bank error, further automatic attempts are restricted to avoid repeated failures. The case is therefore escalated for operator review.",Payment recovery for ₹417.47 has been paused after multiple unsuccessful attempts. Our support team will review the case.,Local Fallback,Local Fallback
TXN10682,RecoverAI recommends a reminder because the payment remains recoverable but does not require an immediate technical retry.,"Hi Customer 1057, this is a reminder regarding your pending payment of ₹36,028.98. Please complete the payment at your convenience.",Local Fallback,Local Fallback
TXN10683,RecoverAI recommends a controlled retry because the failure is related to temporary bank error. The recovery score is 90/100 and the transaction has not exceeded the automatic retry limit.,"Hi Customer 1026, your payment of ₹1,099.52 could not be completed due to a temporary payment issue. Please try the payment again after a short while.",Local Fallback,Local Fallback
TXN10684,"RecoverAI stopped automatic recovery because the payment has already reached 4 unsuccessful attempts. Although the failure reason is unknown, further automatic attempts are restricted to avoid repeated failures. The case is therefore escalated for operator review.","Payment recovery for ₹31,995.08 has been paused after multiple unsuccessful attempts. Our support team will review the case.",Local Fallback,Local Fallback
TXN10685,"RecoverAI stopped automatic recovery because the payment has already reached 4 unsuccessful attempts. Although the failure reason is temporary bank error, further automatic attempts are restricted to avoid repeated failures. The case is therefore escalated for operator review.","Payment recovery for ₹9,797.11 has been paused after multiple unsuccessful attempts. Our support team will review the case.",Local Fallback,Local Fallback
TXN10686,RecoverAI recommends a controlled retry because the failure is related to network error. The recovery score is 65/100 and the transaction has not exceeded the automatic retry limit.,"Hi Customer 1005, your payment of ₹7,314.73 could not be completed due to a temporary payment issue. Please try the payment again after a short while.",Local Fallback,Local Fallback
TXN10687,"RecoverAI stopped automatic recovery because the payment has already reached 4 unsuccessful attempts. Although the failure reason is insufficient funds, further automatic attempts are restricted to avoid repeated failures. The case is therefore escalated for operator review.","Payment recovery for ₹32,506.22 has been paused after multiple unsuccessful attempts. Our support team will review the case.",Local Fallback,Local Fallback
TXN10688,"RecoverAI stopped automatic recovery because the payment has already reached 4 unsuccessful attempts. Although the failure reason is insufficient funds, further automatic attempts are restricted to avoid repeated failures. The case is therefore escalated for operator review.","Payment recovery for ₹15,711.43 has been paused after multiple unsuccessful attempts. Our support team will review the case.",Local Fallback,Local Fallback
TXN10689,"RecoverAI stopped automatic recovery because the payment has already reached 3 unsuccessful attempts. Although the failure reason is temporary bank error, further automatic attempts are restricted to avoid repeated failures. The case is therefore escalated for operator review.","Payment recovery for ₹7,616.55 has been paused after multiple unsuccessful attempts. Our support team will review the case.",Local Fallback,Local Fallback
TXN10690,RecoverAI recommends a customer prompt because the payment requires customer attention. The customer can verify the payment details and attempt the transaction again.,"Hi Customer 1220, your payment of ₹24,693.62 needs your attention. Please verify your payment details and try again.",Local Fallback,Local Fallback
TXN10691,"RecoverAI stopped automatic recovery because the payment has already reached 4 unsuccessful attempts. Although the failure reason is temporary bank error, further automatic attempts are restricted to avoid repeated failures. The case is therefore escalated for operator review.",Payment recovery for ₹698.54 has been paused after multiple unsuccessful attempts. Our support team will review the case.,Local Fallback,Local Fallback
TXN10692,RecoverAI recommends a controlled retry because the failure is related to network error. The recovery score is 80/100 and the transaction has not exceeded the automatic retry limit.,"Hi Customer 1216, your payment of ₹337.10 could not be completed due to a temporary payment issue. Please try the payment again after a short while.",Local Fallback,Local Fallback
TXN10693,"RecoverAI stopped automatic recovery because the payment has already reached 4 unsuccessful attempts. Although the failure reason is temporary bank error, further automatic attempts are restricted to avoid repeated failures. The case is therefore escalated for operator review.","Payment recovery for ₹6,304.22 has been paused after multiple unsuccessful attempts. Our support team will review the case.",Local Fallback,Local Fallback
TXN10694,RecoverAI recommends a controlled retry because the failure is related to network error. The recovery score is 65/100 and the transaction has not exceeded the automatic retry limit.,"Hi Customer 1102, your payment of ₹42,980.68 could not be completed due to a temporary payment issue. Please try the payment again after a short while.",Local Fallback,Local Fallback
TXN10695,RecoverAI recommends a customer prompt because the payment requires customer attention. The customer can verify the payment details and attempt the transaction again.,"Hi Customer 1291, your payment of ₹2,300.19 needs your attention. Please verify your payment details and try again.",Local Fallback,Local Fallback
TXN10696,"RecoverAI stopped automatic recovery because the payment has already reached 3 unsuccessful attempts. Although the failure reason is card expired, further automatic attempts are restricted to avoid repeated failures. The case is therefore escalated for operator review.","Payment recovery for ₹31,663.88 has been paused after multiple unsuccessful attempts. Our support team will review the case.",Local Fallback,Local Fallback
TXN10697,RecoverAI recommends a controlled retry because the failure is related to network error. The recovery score is 55/100 and the transaction has not exceeded the automatic retry limit.,"Hi Customer 1140, your payment of ₹7,311.43 could not be completed due to a temporary payment issue. Please try the payment again after a short while.",Local Fallback,Local Fallback
TXN10698,RecoverAI recommends a customer prompt because the payment requires customer attention. The customer can verify the payment details and attempt the transaction again.,"Hi Customer 1085, your payment of ₹19,866.26 needs your attention. Please verify your payment details and try again.",Local Fallback,Local Fallback
TXN10699,"RecoverAI stopped automatic recovery because the payment has already reached 4 unsuccessful attempts. Although the failure reason is authentication failure, further automatic attempts are restricted to avoid repeated failures. The case is therefore escalated for operator review.","Payment recovery for ₹5,308.91 has been paused after multiple unsuccessful attempts. Our support team will review the case.",Local Fallback,Local Fallback
TXN10700,RecoverAI recommends a payment link because the failure is related to insufficient funds. This gives the customer another way to complete the outstanding payment.,"Hi Customer 1104, your payment of ₹1,787.39 could not be completed. You can complete your payment using the secure payment link provided.",Local Fallback,Local Fallback
TXN10701,"RecoverAI stopped automatic recovery because the payment has already reached 4 unsuccessful attempts. Although the failure reason is insufficient funds, further automatic attempts are restricted to avoid repeated failures. The case is therefore escalated for operator review.","Payment recovery for ₹18,208.80 has been paused after multiple unsuccessful attempts. Our support team will review the case.",Local Fallback,Local Fallback
TXN10702,RecoverAI recommends a payment link because the failure is related to insufficient funds. This gives the customer another way to complete the outstanding payment.,"Hi Customer 1209, your payment of ₹49,534.82 could not be completed. You can complete your payment using the secure payment link provided.",Local Fallback,Local Fallback
TXN10703,"RecoverAI stopped automatic recovery because the payment has already reached 4 unsuccessful attempts. Although the failure reason is card expired, further automatic attempts are restricted to avoid repeated failures. The case is therefore escalated for operator review.","Payment recovery for ₹8,274.46 has been paused after multiple unsuccessful attempts. Our support team will review the case.",Local Fallback,Local Fallback
TXN10704,"RecoverAI stopped automatic recovery because the payment has already reached 4 unsuccessful attempts. Although the failure reason is insufficient funds, further automatic attempts are restricted to avoid repeated failures. The case is therefore escalated for operator review.","Payment recovery for ₹9,634.43 has been paused after multiple unsuccessful attempts. Our support team will review the case.",Local Fallback,Local Fallback
TXN10705,"RecoverAI stopped automatic recovery because the payment has already reached 3 unsuccessful attempts. Although the failure reason is card expired, further automatic attempts are restricted to avoid repeated failures. The case is therefore escalated for operator review.","Payment recovery for ₹29,368.53 has been paused after multiple unsuccessful attempts. Our support team will review the case.",Local Fallback,Local Fallback
TXN10706,"RecoverAI stopped automatic recovery because the payment has already reached 4 unsuccessful attempts. Although the failure reason is unknown, further automatic attempts are restricted to avoid repeated failures. The case is therefore escalated for operator review.","Payment recovery for ₹34,617.16 has been paused after multiple unsuccessful attempts. Our support team will review the case.",Local Fallback,Local Fallback
TXN10707,RecoverAI recommends a payment link because the failure is related to insufficient funds. This gives the customer another way to complete the outstanding payment.,"Hi Customer 1174, your payment of ₹47,361.32 could not be completed. You can complete your payment using the secure payment link provided.",Local Fallback,Local Fallback
TXN10708,RecoverAI recommends a customer prompt because the payment requires customer attention. The customer can verify the payment details and attempt the transaction again.,"Hi Customer 1082, your payment of ₹6,136.54 needs your attention. Please verify your payment details and try again.",Local Fallback,Local Fallback
TXN10709,RecoverAI recommends a payment link because the failure is related to insufficient funds. This gives the customer another way to complete the outstanding payment.,"Hi Customer 1128, your payment of ₹20,740.20 could not be completed. You can complete your payment using the secure payment link provided.",Local Fallback,Local Fallback
TXN10710,RecoverAI recommends a customer prompt because the payment requires customer attention. The customer can verify the payment details and attempt the transaction again.,"Hi Customer 1279, your payment of ₹45,652.56 needs your attention. Please verify your payment details and try again.",Local Fallback,Local Fallback
TXN10711,"RecoverAI stopped automatic recovery because the payment has already reached 3 unsuccessful attempts. Although the failure reason is network error, further automatic attempts are restricted to avoid repeated failures. The case is therefore escalated for operator review.",Payment recovery for ₹216.94 has been paused after multiple unsuccessful attempts. Our support team will review the case.,Local Fallback,Local Fallback
TXN10712,"RecoverAI stopped automatic recovery because the payment has already reached 3 unsuccessful attempts. Although the failure reason is unknown, further automatic attempts are restricted to avoid repeated failures. The case is therefore escalated for operator review.","Payment recovery for ₹1,637.35 has been paused after multiple unsuccessful attempts. Our support team will review the case.",Local Fallback,Local Fallback
TXN10713,RecoverAI recommends a customer prompt because the payment requires customer attention. The customer can verify the payment details and attempt the transaction again.,"Hi Customer 1296, your payment of ₹1,625.57 needs your attention. Please verify your payment details and try again.",Local Fallback,Local Fallback
TXN10714,RecoverAI recommends a controlled retry because the failure is related to network error. The recovery score is 90/100 and the transaction has not exceeded the automatic retry limit.,"Hi Customer 1274, your payment of ₹10,363.93 could not be completed due to a temporary payment issue. Please try the payment again after a short while.",Local Fallback,Local Fallback
TXN10715,RecoverAI recommends a reminder because the payment remains recoverable but does not require an immediate technical retry.,"Hi Customer 1261, this is a reminder regarding your pending payment of ₹1,321.14. Please complete the payment at your convenience.",Local Fallback,Local Fallback
TXN10716,RecoverAI recommends a controlled retry because the failure is related to temporary bank error. The recovery score is 60/100 and the transaction has not exceeded the automatic retry limit.,"Hi Customer 1092, your payment of ₹458.99 could not be completed due to a temporary payment issue. Please try the payment again after a short while.",Local Fallback,Local Fallback
TXN10717,"RecoverAI stopped automatic recovery because the payment has already reached 4 unsuccessful attempts. Although the failure reason is network error, further automatic attempts are restricted to avoid repeated failures. The case is therefore escalated for operator review.",Payment recovery for ₹708.79 has been paused after multiple unsuccessful attempts. Our support team will review the case.,Local Fallback,Local Fallback
TXN10718,"RecoverAI stopped automatic recovery because the payment has already reached 4 unsuccessful attempts. Although the failure reason is temporary bank error, further automatic attempts are restricted to avoid repeated failures. The case is therefore escalated for operator review.","Payment recovery for ₹26,809.98 has been paused after multiple unsuccessful attempts. Our support team will review the case.",Local Fallback,Local Fallback
TXN10719,RecoverAI recommends a reminder because the payment remains recoverable but does not require an immediate technical retry.,"Hi Customer 1149, this is a reminder regarding your pending payment of ₹25,049.18. Please complete the payment at your convenience.",Local Fallback,Local Fallback
TXN10720,"RecoverAI stopped automatic recovery because the payment has already reached 4 unsuccessful attempts. Although the failure reason is insufficient funds, further automatic attempts are restricted to avoid repeated failures. The case is therefore escalated for operator review.","Payment recovery for ₹5,765.14 has been paused after multiple unsuccessful attempts. Our support team will review the case.",Local Fallback,Local Fallback
TXN10721,RecoverAI recommends a customer prompt because the payment requires customer attention. The customer can verify the payment details and attempt the transaction again.,"Hi Customer 1202, your payment of ₹901.59 needs your attention. Please verify your payment details and try again.",Local Fallback,Local Fallback
TXN10722,"RecoverAI stopped automatic recovery because the payment has already reached 3 unsuccessful attempts. Although the failure reason is insufficient funds, further automatic attempts are restricted to avoid repeated failures. The case is therefore escalated for operator review.","Payment recovery for ₹5,797.29 has been paused after multiple unsuccessful attempts. Our support team will review the case.",Local Fallback,Local Fallback
TXN10723,"RecoverAI stopped automatic recovery because the payment has already reached 4 unsuccessful attempts. Although the failure reason is insufficient funds, further automatic attempts are restricted to avoid repeated failures. The case is therefore escalated for operator review.",Payment recovery for ₹301.77 has been paused after multiple unsuccessful attempts. Our support team will review the case.,Local Fallback,Local Fallback
TXN10724,RecoverAI recommends a controlled retry because the failure is related to network error. The recovery score is 70/100 and the transaction has not exceeded the automatic retry limit.,"Hi Customer 1138, your payment of ₹8,235.08 could not be completed due to a temporary payment issue. Please try the payment again after a short while.",Local Fallback,Local Fallback
TXN10725,"RecoverAI stopped automatic recovery because the payment has already reached 3 unsuccessful attempts. Although the failure reason is insufficient funds, further automatic attempts are restricted to avoid repeated failures. The case is therefore escalated for operator review.","Payment recovery for ₹1,671.02 has been paused after multiple unsuccessful attempts. Our support team will review the case.",Local Fallback,Local Fallback
TXN10726,"RecoverAI stopped automatic recovery because the payment has already reached 3 unsuccessful attempts. Although the failure reason is insufficient funds, further automatic attempts are restricted to avoid repeated failures. The case is therefore escalated for operator review.","Payment recovery for ₹41,765.38 has been paused after multiple unsuccessful attempts. Our support team will review the case.",Local Fallback,Local Fallback
TXN10727,RecoverAI recommends a payment link because the failure is related to insufficient funds. This gives the customer another way to complete the outstanding payment.,"Hi Customer 1042, your payment of ₹27,237.65 could not be completed. You can complete your payment using the secure payment link provided.",Local Fallback,Local Fallback
TXN10728,RecoverAI recommends a payment link because the failure is related to insufficient funds. This gives the customer another way to complete the outstanding payment.,"Hi Customer 1148, your payment of ₹15,399.14 could not be completed. You can complete your payment using the secure payment link provided.",Local Fallback,Local Fallback
TXN10729,RecoverAI recommends a payment link because the failure is related to insufficient funds. This gives the customer another way to complete the outstanding payment.,"Hi Customer 1023, your payment of ₹4,655.67 could not be completed. You can complete your payment using the secure payment link provided.",Local Fallback,Local Fallback
TXN10730,RecoverAI recommends a controlled retry because the failure is related to temporary bank error. The recovery score is 60/100 and the transaction has not exceeded the automatic retry limit.,"Hi Customer 1074, your payment of ₹1,694.14 could not be completed due to a temporary payment issue. Please try the payment again after a short while.",Local Fallback,Local Fallback
TXN10731,"RecoverAI stopped automatic recovery because the payment has already reached 3 unsuccessful attempts. Although the failure reason is insufficient funds, further automatic attempts are restricted to avoid repeated failures. The case is therefore escalated for operator review.","Payment recovery for ₹4,474.64 has been paused after multiple unsuccessful attempts. Our support team will review the case.",Local Fallback,Local Fallback
TXN10732,RecoverAI recommends a payment link because the failure is related to insufficient funds. This gives the customer another way to complete the outstanding payment.,"Hi Customer 1157, your payment of ₹5,321.68 could not be completed. You can complete your payment using the secure payment link provided.",Local Fallback,Local Fallback
TXN10733,"RecoverAI stopped automatic recovery because the payment has already reached 4 unsuccessful attempts. Although the failure reason is network error, further automatic attempts are restricted to avoid repeated failures. The case is therefore escalated for operator review.","Payment recovery for ₹2,031.31 has been paused after multiple unsuccessful attempts. Our support team will review the case.",Local Fallback,Local Fallback
TXN10734,RecoverAI recommends a controlled retry because the failure is related to temporary bank error. The recovery score is 100/100 and the transaction has not exceeded the automatic retry limit.,"Hi Customer 1238, your payment of ₹5,985.09 could not be completed due to a temporary payment issue. Please try the payment again after a short while.",Local Fallback,Local Fallback
TXN10735,RecoverAI recommends a payment link because the failure is related to insufficient funds. This gives the customer another way to complete the outstanding payment.,"Hi Customer 1160, your payment of ₹614.32 could not be completed. You can complete your payment using the secure payment link provided.",Local Fallback,Local Fallback
TXN10736,RecoverAI recommends a controlled retry because the failure is related to network error. The recovery score is 90/100 and the transaction has not exceeded the automatic retry limit.,"Hi Customer 1252, your payment of ₹10,164.25 could not be completed due to a temporary payment issue. Please try the payment again after a short while.",Local Fallback,Local Fallback
TXN10737,RecoverAI recommends a customer prompt because the payment requires customer attention. The customer can verify the payment details and attempt the transaction again.,"Hi Customer 1084, your payment of ₹16,843.44 needs your attention. Please verify your payment details and try again.",Local Fallback,Local Fallback
TXN10738,"RecoverAI stopped automatic recovery because the payment has already reached 3 unsuccessful attempts. Although the failure reason is authentication failure, further automatic attempts are restricted to avoid repeated failures. The case is therefore escalated for operator review.",Payment recovery for ₹980.00 has been paused after multiple unsuccessful attempts. Our support team will review the case.,Local Fallback,Local Fallback
TXN10739,"RecoverAI stopped automatic recovery because the payment has already reached 3 unsuccessful attempts. Although the failure reason is insufficient funds, further automatic attempts are restricted to avoid repeated failures. The case is therefore escalated for operator review.","Payment recovery for ₹32,892.61 has been paused after multiple unsuccessful attempts. Our support team will review the case.",Local Fallback,Local Fallback
TXN10740,"RecoverAI stopped automatic recovery because the payment has already reached 4 unsuccessful attempts. Although the failure reason is temporary bank error, further automatic attempts are restricted to avoid repeated failures. The case is therefore escalated for operator review.","Payment recovery for ₹1,949.54 has been paused after multiple unsuccessful attempts. Our support team will review the case.",Local Fallback,Local Fallback
TXN10741,RecoverAI recommends a controlled retry because the failure is related to temporary bank error. The recovery score is 80/100 and the transaction has not exceeded the automatic retry limit.,"Hi Customer 1064, your payment of ₹972.70 could not be completed due to a temporary payment issue. Please try the payment again after a short while.",Local Fallback,Local Fallback
TXN10742,RecoverAI recommends a customer prompt because the payment requires customer attention. The customer can verify the payment details and attempt the transaction again.,"Hi Customer 1181, your payment of ₹26,001.19 needs your attention. Please verify your payment details and try again.",Local Fallback,Local Fallback
TXN10743,RecoverAI recommends a reminder because the payment remains recoverable but does not require an immediate technical retry.,"Hi Customer 1138, this is a reminder regarding your pending payment of ₹37,534.30. Please complete the payment at your convenience.",Local Fallback,Local Fallback
TXN10744,RecoverAI recommends a payment link because the failure is related to insufficient funds. This gives the customer another way to complete the outstanding payment.,"Hi Customer 1196, your payment of ₹31,416.53 could not be completed. You can complete your payment using the secure payment link provided.",Local Fallback,Local Fallback
TXN10745,RecoverAI recommends a controlled retry because the failure is related to temporary bank error. The recovery score is 60/100 and the transaction has not exceeded the automatic retry limit.,"Hi Customer 1264, your payment of ₹378.57 could not be completed due to a temporary payment issue. Please try the payment again after a short while.",Local Fallback,Local Fallback
TXN10746,RecoverAI recommends a controlled retry because the failure is related to temporary bank error. The recovery score is 100/100 and the transaction has not exceeded the automatic retry limit.,"Hi Customer 1203, your payment of ₹8,400.42 could not be completed due to a temporary payment issue. Please try the payment again after a short while.",Local Fallback,Local Fallback
TXN10747,RecoverAI recommends a reminder because the payment remains recoverable but does not require an immediate technical retry.,"Hi Customer 1165, this is a reminder regarding your pending payment of ₹44,117.77. Please complete the payment at your convenience.",Local Fallback,Local Fallback
TXN10748,RecoverAI recommends a controlled retry because the failure is related to temporary bank error. The recovery score is 60/100 and the transaction has not exceeded the automatic retry limit.,"Hi Customer 1114, your payment of ₹1,313.42 could not be completed due to a temporary payment issue. Please try the payment again after a short while.",Local Fallback,Local Fallback
TXN10749,"RecoverAI stopped automatic recovery because the payment has already reached 3 unsuccessful attempts. Although the failure reason is insufficient funds, further automatic attempts are restricted to avoid repeated failures. The case is therefore escalated for operator review.","Payment recovery for ₹4,478.62 has been paused after multiple unsuccessful attempts. Our support team will review the case.",Local Fallback,Local Fallback
TXN10750,RecoverAI recommends a controlled retry because the failure is related to network error. The recovery score is 95/100 and the transaction has not exceeded the automatic retry limit.,"Hi Customer 1018, your payment of ₹4,615.73 could not be completed due to a temporary payment issue. Please try the payment again after a short while.",Local Fallback,Local Fallback
TXN10751,RecoverAI recommends a payment link because the failure is related to insufficient funds. This gives the customer another way to complete the outstanding payment.,"Hi Customer 1168, your payment of ₹18,025.28 could not be completed. You can complete your payment using the secure payment link provided.",Local Fallback,Local Fallback
TXN10752,RecoverAI recommends a controlled retry because the failure is related to temporary bank error. The recovery score is 80/100 and the transaction has not exceeded the automatic retry limit.,"Hi Customer 1104, your payment of ₹23,608.92 could not be completed due to a temporary payment issue. Please try the payment again after a short while.",Local Fallback,Local Fallback
TXN10753,"RecoverAI stopped automatic recovery because the payment has already reached 4 unsuccessful attempts. Although the failure reason is unknown, further automatic attempts are restricted to avoid repeated failures. The case is therefore escalated for operator review.","Payment recovery for ₹2,600.91 has been paused after multiple unsuccessful attempts. Our support team will review the case.",Local Fallback,Local Fallback
TXN10754,RecoverAI recommends a customer prompt because the payment requires customer attention. The customer can verify the payment details and attempt the transaction again.,"Hi Customer 1169, your payment of ₹5,684.20 needs your attention. Please verify your payment details and try again.",Local Fallback,Local Fallback
TXN10755,"RecoverAI stopped automatic recovery because the payment has already reached 4 unsuccessful attempts. Although the failure reason is network error, further automatic attempts are restricted to avoid repeated failures. The case is therefore escalated for operator review.","Payment recovery for ₹1,641.77 has been paused after multiple unsuccessful attempts. Our support team will review the case.",Local Fallback,Local Fallback
TXN10756,RecoverAI recommends a reminder because the payment remains recoverable but does not require an immediate technical retry.,"Hi Customer 1135, this is a reminder regarding your pending payment of ₹1,642.45. Please complete the payment at your convenience.",Local Fallback,Local Fallback
TXN10757,"RecoverAI stopped automatic recovery because the payment has already reached 4 unsuccessful attempts. Although the failure reason is temporary bank error, further automatic attempts are restricted to avoid repeated failures. The case is therefore escalated for operator review.","Payment recovery for ₹6,249.08 has been paused after multiple unsuccessful attempts. Our support team will review the case.",Local Fallback,Local Fallback
TXN10758,RecoverAI recommends a payment link because the failure is related to insufficient funds. This gives the customer another way to complete the outstanding payment.,"Hi Customer 1274, your payment of ₹270.20 could not be completed. You can complete your payment using the secure payment link provided.",Local Fallback,Local Fallback
TXN10759,RecoverAI recommends a payment link because the failure is related to insufficient funds. This gives the customer another way to complete the outstanding payment.,"Hi Customer 1083, your payment of ₹295.23 could not be completed. You can complete your payment using the secure payment link provided.",Local Fallback,Local Fallback
TXN10760,"RecoverAI stopped automatic recovery because the payment has already reached 4 unsuccessful attempts. Although the failure reason is unknown, further automatic attempts are restricted to avoid repeated failures. The case is therefore escalated for operator review.","Payment recovery for ₹4,322.66 has been paused after multiple unsuccessful attempts. Our support team will review the case.",Local Fallback,Local Fallback
TXN10761,RecoverAI recommends a payment link because the failure is related to insufficient funds. This gives the customer another way to complete the outstanding payment.,"Hi Customer 1245, your payment of ₹2,056.77 could not be completed. You can complete your payment using the secure payment link provided.",Local Fallback,Local Fallback
TXN10762,RecoverAI recommends a customer prompt because the payment requires customer attention. The customer can verify the payment details and attempt the transaction again.,"Hi Customer 1198, your payment of ₹35,684.41 needs your attention. Please verify your payment details and try again.",Local Fallback,Local Fallback
TXN10763,RecoverAI recommends a payment link because the failure is related to insufficient funds. This gives the customer another way to complete the outstanding payment.,"Hi Customer 1051, your payment of ₹2,604.97 could not be completed. You can complete your payment using the secure payment link provided.",Local Fallback,Local Fallback
TXN10764,RecoverAI recommends a payment link because the failure is related to insufficient funds. This gives the customer another way to complete the outstanding payment.,"Hi Customer 1060, your payment of ₹1,587.24 could not be completed. You can complete your payment using the secure payment link provided.",Local Fallback,Local Fallback
TXN10765,RecoverAI recommends a controlled retry because the failure is related to network error. The recovery score is 50/100 and the transaction has not exceeded the automatic retry limit.,"Hi Customer 1066, your payment of ₹1,046.27 could not be completed due to a temporary payment issue. Please try the payment again after a short while.",Local Fallback,Local Fallback
TXN10766,"RecoverAI stopped automatic recovery because the payment has already reached 3 unsuccessful attempts. Although the failure reason is insufficient funds, further automatic attempts are restricted to avoid repeated failures. The case is therefore escalated for operator review.","Payment recovery for ₹1,469.37 has been paused after multiple unsuccessful attempts. Our support team will review the case.",Local Fallback,Local Fallback
TXN10767,RecoverAI recommends a controlled retry because the failure is related to temporary bank error. The recovery score is 80/100 and the transaction has not exceeded the automatic retry limit.,"Hi Customer 1250, your payment of ₹1,159.40 could not be completed due to a temporary payment issue. Please try the payment again after a short while.",Local Fallback,Local Fallback
TXN10768,RecoverAI recommends a customer prompt because the payment requires customer attention. The customer can verify the payment details and attempt the transaction again.,"Hi Customer 1140, your payment of ₹13,141.45 needs your attention. Please verify your payment details and try again.",Local Fallback,Local Fallback
TXN10769,"RecoverAI stopped automatic recovery because the payment has already reached 4 unsuccessful attempts. Although the failure reason is temporary bank error, further automatic attempts are restricted to avoid repeated failures. The case is therefore escalated for operator review.","Payment recovery for ₹5,946.24 has been paused after multiple unsuccessful attempts. Our support team will review the case.",Local Fallback,Local Fallback
TXN10770,"RecoverAI stopped automatic recovery because the payment has already reached 3 unsuccessful attempts. Although the failure reason is temporary bank error, further automatic attempts are restricted to avoid repeated failures. The case is therefore escalated for operator review.","Payment recovery for ₹5,633.26 has been paused after multiple unsuccessful attempts. Our support team will review the case.",Local Fallback,Local Fallback
TXN10771,RecoverAI recommends a controlled retry because the failure is related to network error. The recovery score is 90/100 and the transaction has not exceeded the automatic retry limit.,"Hi Customer 1104, your payment of ₹47,310.85 could not be completed due to a temporary payment issue. Please try the payment again after a short while.",Local Fallback,Local Fallback
TXN10772,RecoverAI recommends a controlled retry because the failure is related to temporary bank error. The recovery score is 80/100 and the transaction has not exceeded the automatic retry limit.,"Hi Customer 1206, your payment of ₹5,869.89 could not be completed due to a temporary payment issue. Please try the payment again after a short while.",Local Fallback,Local Fallback
TXN10773,RecoverAI recommends a payment link because the failure is related to insufficient funds. This gives the customer another way to complete the outstanding payment.,"Hi Customer 1214, your payment of ₹41,140.64 could not be completed. You can complete your payment using the secure payment link provided.",Local Fallback,Local Fallback
TXN10774,"RecoverAI stopped automatic recovery because the payment has already reached 4 unsuccessful attempts. Although the failure reason is temporary bank error, further automatic attempts are restricted to avoid repeated failures. The case is therefore escalated for operator review.","Payment recovery for ₹34,926.90 has been paused after multiple unsuccessful attempts. Our support team will review the case.",Local Fallback,Local Fallback
TXN10775,"RecoverAI stopped automatic recovery because the payment has already reached 3 unsuccessful attempts. Although the failure reason is authentication failure, further automatic attempts are restricted to avoid repeated failures. The case is therefore escalated for operator review.","Payment recovery for ₹8,120.09 has been paused after multiple unsuccessful attempts. Our support team will review the case.",Local Fallback,Local Fallback
TXN10776,RecoverAI recommends manual review because the recovery score is 25/100 and automatic recovery is not considered suitable.,Your payment of ₹353.43 has been flagged for manual review. No further automatic recovery action will be taken at this time.,Local Fallback,Local Fallback
TXN10777,"RecoverAI stopped automatic recovery because the payment has already reached 3 unsuccessful attempts. Although the failure reason is temporary bank error, further automatic attempts are restricted to avoid repeated failures. The case is therefore escalated for operator review.","Payment recovery for ₹9,740.95 has been paused after multiple unsuccessful attempts. Our support team will review the case.",Local Fallback,Local Fallback
TXN10778,"RecoverAI stopped automatic recovery because the payment has already reached 3 unsuccessful attempts. Although the failure reason is insufficient funds, further automatic attempts are restricted to avoid repeated failures. The case is therefore escalated for operator review.","Payment recovery for ₹9,051.01 has been paused after multiple unsuccessful attempts. Our support team will review the case.",Local Fallback,Local Fallback
TXN10779,"RecoverAI stopped automatic recovery because the payment has already reached 4 unsuccessful attempts. Although the failure reason is network error, further automatic attempts are restricted to avoid repeated failures. The case is therefore escalated for operator review.",Payment recovery for ₹758.87 has been paused after multiple unsuccessful attempts. Our support team will review the case.,Local Fallback,Local Fallback
TXN10780,RecoverAI recommends a payment link because the failure is related to insufficient funds. This gives the customer another way to complete the outstanding payment.,"Hi Customer 1287, your payment of ₹2,563.61 could not be completed. You can complete your payment using the secure payment link provided.",Local Fallback,Local Fallback
TXN10781,"RecoverAI stopped automatic recovery because the payment has already reached 3 unsuccessful attempts. Although the failure reason is network error, further automatic attempts are restricted to avoid repeated failures. The case is therefore escalated for operator review.","Payment recovery for ₹17,897.95 has been paused after multiple unsuccessful attempts. Our support team will review the case.",Local Fallback,Local Fallback
TXN10782,"RecoverAI stopped automatic recovery because the payment has already reached 4 unsuccessful attempts. Although the failure reason is authentication failure, further automatic attempts are restricted to avoid repeated failures. The case is therefore escalated for operator review.","Payment recovery for ₹6,991.05 has been paused after multiple unsuccessful attempts. Our support team will review the case.",Local Fallback,Local Fallback
TXN10783,RecoverAI recommends a controlled retry because the failure is related to network error. The recovery score is 90/100 and the transaction has not exceeded the automatic retry limit.,"Hi Customer 1025, your payment of ₹33,372.79 could not be completed due to a temporary payment issue. Please try the payment again after a short while.",Local Fallback,Local Fallback
TXN10784,"RecoverAI stopped automatic recovery because the payment has already reached 4 unsuccessful attempts. Although the failure reason is insufficient funds, further automatic attempts are restricted to avoid repeated failures. The case is therefore escalated for operator review.","Payment recovery for ₹27,540.32 has been paused after multiple unsuccessful attempts. Our support team will review the case.",Local Fallback,Local Fallback
TXN10785,RecoverAI recommends a reminder because the payment remains recoverable but does not require an immediate technical retry.,"Hi Customer 1272, this is a reminder regarding your pending payment of ₹4,769.78. Please complete the payment at your convenience.",Local Fallback,Local Fallback
TXN10786,RecoverAI recommends a customer prompt because the payment requires customer attention. The customer can verify the payment details and attempt the transaction again.,"Hi Customer 1281, your payment of ₹3,077.84 needs your attention. Please verify your payment details and try again.",Local Fallback,Local Fallback
TXN10787,"RecoverAI stopped automatic recovery because the payment has already reached 4 unsuccessful attempts. Although the failure reason is card expired, further automatic attempts are restricted to avoid repeated failures. The case is therefore escalated for operator review.","Payment recovery for ₹1,845.15 has been paused after multiple unsuccessful attempts. Our support team will review the case.",Local Fallback,Local Fallback
TXN10788,RecoverAI recommends a controlled retry because the failure is related to temporary bank error. The recovery score is 100/100 and the transaction has not exceeded the automatic retry limit.,"Hi Customer 1222, your payment of ₹9,577.51 could not be completed due to a temporary payment issue. Please try the payment again after a short while.",Local Fallback,Local Fallback
TXN10789,RecoverAI recommends manual review because the recovery score is 25/100 and automatic recovery is not considered suitable.,"Your payment of ₹5,064.93 has been flagged for manual review. No further automatic recovery action will be taken at this time.",Local Fallback,Local Fallback
TXN10790,"RecoverAI stopped automatic recovery because the payment has already reached 4 unsuccessful attempts. Although the failure reason is insufficient funds, further automatic attempts are restricted to avoid repeated failures. The case is therefore escalated for operator review.","Payment recovery for ₹10,453.30 has been paused after multiple unsuccessful attempts. Our support team will review the case.",Local Fallback,Local Fallback
TXN10791,"RecoverAI stopped automatic recovery because the payment has already reached 4 unsuccessful attempts. Although the failure reason is insufficient funds, further automatic attempts are restricted to avoid repeated failures. The case is therefore escalated for operator review.","Payment recovery for ₹6,370.58 has been paused after multiple unsuccessful attempts. Our support team will review the case.",Local Fallback,Local Fallback
TXN10792,RecoverAI recommends a reminder because the payment remains recoverable but does not require an immediate technical retry.,"Hi Customer 1279, this is a reminder regarding your pending payment of ₹3,142.45. Please complete the payment at your convenience.",Local Fallback,Local Fallback
TXN10793,RecoverAI recommends a customer prompt because the payment requires customer attention. The customer can verify the payment details and attempt the transaction again.,"Hi Customer 1073, your payment of ₹36,741.87 needs your attention. Please verify your payment details and try again.",Local Fallback,Local Fallback
TXN10794,"RecoverAI stopped automatic recovery because the payment has already reached 3 unsuccessful attempts. Although the failure reason is network error, further automatic attempts are restricted to avoid repeated failures. The case is therefore escalated for operator review.","Payment recovery for ₹4,031.99 has been paused after multiple unsuccessful attempts. Our support team will review the case.",Local Fallback,Local Fallback
TXN10795,RecoverAI recommends a payment link because the failure is related to insufficient funds. This gives the customer another way to complete the outstanding payment.,"Hi Customer 1287, your payment of ₹13,169.98 could not be completed. You can complete your payment using the secure payment link provided.",Local Fallback,Local Fallback
TXN10796,RecoverAI recommends a controlled retry because the failure is related to temporary bank error. The recovery score is 90/100 and the transaction has not exceeded the automatic retry limit.,"Hi Customer 1037, your payment of ₹2,187.44 could not be completed due to a temporary payment issue. Please try the payment again after a short while.",Local Fallback,Local Fallback
TXN10797,"RecoverAI stopped automatic recovery because the payment has already reached 4 unsuccessful attempts. Although the failure reason is card expired, further automatic attempts are restricted to avoid repeated failures. The case is therefore escalated for operator review.",Payment recovery for ₹289.82 has been paused after multiple unsuccessful attempts. Our support team will review the case.,Local Fallback,Local Fallback
TXN10798,RecoverAI recommends a controlled retry because the failure is related to temporary bank error. The recovery score is 70/100 and the transaction has not exceeded the automatic retry limit.,"Hi Customer 1001, your payment of ₹1,715.44 could not be completed due to a temporary payment issue. Please try the payment again after a short while.",Local Fallback,Local Fallback
TXN10799,RecoverAI recommends a controlled retry because the failure is related to temporary bank error. The recovery score is 100/100 and the transaction has not exceeded the automatic retry limit.,"Hi Customer 1049, your payment of ₹1,641.92 could not be completed due to a temporary payment issue. Please try the payment again after a short while.",Local Fallback,Local Fallback
TXN10800,RecoverAI recommends a payment link because the failure is related to insufficient funds. This gives the customer another way to complete the outstanding payment.,"Hi Customer 1079, your payment of ₹48,674.62 could not be completed. You can complete your payment using the secure payment link provided.",Local Fallback,Local Fallback
TXN10801,RecoverAI recommends a customer prompt because the payment requires customer attention. The customer can verify the payment details and attempt the transaction again.,"Hi Customer 1026, your payment of ₹5,541.44 needs your attention. Please verify your payment details and try again.",Local Fallback,Local Fallback
TXN10802,RecoverAI recommends a customer prompt because the payment requires customer attention. The customer can verify the payment details and attempt the transaction again.,"Hi Customer 1045, your payment of ₹7,292.07 needs your attention. Please verify your payment details and try again.",Local Fallback,Local Fallback
TXN10803,"RecoverAI stopped automatic recovery because the payment has already reached 4 unsuccessful attempts. Although the failure reason is unknown, further automatic attempts are restricted to avoid repeated failures. The case is therefore escalated for operator review.","Payment recovery for ₹46,879.50 has been paused after multiple unsuccessful attempts. Our support team will review the case.",Local Fallback,Local Fallback
TXN10804,RecoverAI recommends a reminder because the payment remains recoverable but does not require an immediate technical retry.,"Hi Customer 1131, this is a reminder regarding your pending payment of ₹4,141.93. Please complete the payment at your convenience.",Local Fallback,Local Fallback
TXN10805,"RecoverAI stopped automatic recovery because the payment has already reached 3 unsuccessful attempts. Although the failure reason is network error, further automatic attempts are restricted to avoid repeated failures. The case is therefore escalated for operator review.","Payment recovery for ₹13,039.74 has been paused after multiple unsuccessful attempts. Our support team will review the case.",Local Fallback,Local Fallback
TXN10806,RecoverAI recommends a customer prompt because the payment requires customer attention. The customer can verify the payment details and attempt the transaction again.,"Hi Customer 1001, your payment of ₹1,015.92 needs your attention. Please verify your payment details and try again.",Local Fallback,Local Fallback
TXN10807,RecoverAI recommends a controlled retry because the failure is related to temporary bank error. The recovery score is 65/100 and the transaction has not exceeded the automatic retry limit.,"Hi Customer 1006, your payment of ₹1,133.49 could not be completed due to a temporary payment issue. Please try the payment again after a short while.",Local Fallback,Local Fallback
TXN10808,"RecoverAI stopped automatic recovery because the payment has already reached 3 unsuccessful attempts. Although the failure reason is network error, further automatic attempts are restricted to avoid repeated failures. The case is therefore escalated for operator review.","Payment recovery for ₹5,447.43 has been paused after multiple unsuccessful attempts. Our support team will review the case.",Local Fallback,Local Fallback
TXN10809,RecoverAI recommends a customer prompt because the payment requires customer attention. The customer can verify the payment details and attempt the transaction again.,"Hi Customer 1274, your payment of ₹38,872.02 needs your attention. Please verify your payment details and try again.",Local Fallback,Local Fallback
TXN10810,RecoverAI recommends a controlled retry because the failure is related to temporary bank error. The recovery score is 65/100 and the transaction has not exceeded the automatic retry limit.,"Hi Customer 1234, your payment of ₹430.44 could not be completed due to a temporary payment issue. Please try the payment again after a short while.",Local Fallback,Local Fallback
TXN10811,"RecoverAI stopped automatic recovery because the payment has already reached 3 unsuccessful attempts. Although the failure reason is insufficient funds, further automatic attempts are restricted to avoid repeated failures. The case is therefore escalated for operator review.","Payment recovery for ₹48,826.72 has been paused after multiple unsuccessful attempts. Our support team will review the case.",Local Fallback,Local Fallback
TXN10812,"RecoverAI stopped automatic recovery because the payment has already reached 3 unsuccessful attempts. Although the failure reason is authentication failure, further automatic attempts are restricted to avoid repeated failures. The case is therefore escalated for operator review.","Payment recovery for ₹44,558.19 has been paused after multiple unsuccessful attempts. Our support team will review the case.",Local Fallback,Local Fallback
TXN10813,"RecoverAI stopped automatic recovery because the payment has already reached 4 unsuccessful attempts. Although the failure reason is network error, further automatic attempts are restricted to avoid repeated failures. The case is therefore escalated for operator review.",Payment recovery for ₹947.39 has been paused after multiple unsuccessful attempts. Our support team will review the case.,Local Fallback,Local Fallback
TXN10814,RecoverAI recommends a customer prompt because the payment requires customer attention. The customer can verify the payment details and attempt the transaction again.,"Hi Customer 1240, your payment of ₹529.13 needs your attention. Please verify your payment details and try again.",Local Fallback,Local Fallback
TXN10815,RecoverAI recommends a payment link because the failure is related to insufficient funds. This gives the customer another way to complete the outstanding payment.,"Hi Customer 1212, your payment of ₹23,586.42 could not be completed. You can complete your payment using the secure payment link provided.",Local Fallback,Local Fallback
TXN10816,"RecoverAI stopped automatic recovery because the payment has already reached 3 unsuccessful attempts. Although the failure reason is insufficient funds, further automatic attempts are restricted to avoid repeated failures. The case is therefore escalated for operator review.","Payment recovery for ₹37,079.07 has been paused after multiple unsuccessful attempts. Our support team will review the case.",Local Fallback,Local Fallback
TXN10817,RecoverAI recommends a customer prompt because the payment requires customer attention. The customer can verify the payment details and attempt the transaction again.,"Hi Customer 1160, your payment of ₹34,438.38 needs your attention. Please verify your payment details and try again.",Local Fallback,Local Fallback
TXN10818,RecoverAI recommends a customer prompt because the payment requires customer attention. The customer can verify the payment details and attempt the transaction again.,"Hi Customer 1076, your payment of ₹1,671.23 needs your attention. Please verify your payment details and try again.",Local Fallback,Local Fallback
TXN10819,RecoverAI recommends a controlled retry because the failure is related to temporary bank error. The recovery score is 90/100 and the transaction has not exceeded the automatic retry limit.,"Hi Customer 1119, your payment of ₹15,529.82 could not be completed due to a temporary payment issue. Please try the payment again after a short while.",Local Fallback,Local Fallback
TXN10820,RecoverAI recommends a customer prompt because the payment requires customer attention. The customer can verify the payment details and attempt the transaction again.,"Hi Customer 1096, your payment of ₹8,459.02 needs your attention. Please verify your payment details and try again.",Local Fallback,Local Fallback
TXN10821,RecoverAI recommends a controlled retry because the failure is related to network error. The recovery score is 80/100 and the transaction has not exceeded the automatic retry limit.,"Hi Customer 1038, your payment of ₹3,702.59 could not be completed due to a temporary payment issue. Please try the payment again after a short while.",Local Fallback,Local Fallback
TXN10822,"RecoverAI stopped automatic recovery because the payment has already reached 3 unsuccessful attempts. Although the failure reason is temporary bank error, further automatic attempts are restricted to avoid repeated failures. The case is therefore escalated for operator review.",Payment recovery for ₹787.50 has been paused after multiple unsuccessful attempts. Our support team will review the case.,Local Fallback,Local Fallback
TXN10823,"RecoverAI stopped automatic recovery because the payment has already reached 4 unsuccessful attempts. Although the failure reason is authentication failure, further automatic attempts are restricted to avoid repeated failures. The case is therefore escalated for operator review.","Payment recovery for ₹12,255.27 has been paused after multiple unsuccessful attempts. Our support team will review the case.",Local Fallback,Local Fallback
TXN10824,"RecoverAI stopped automatic recovery because the payment has already reached 3 unsuccessful attempts. Although the failure reason is temporary bank error, further automatic attempts are restricted to avoid repeated failures. The case is therefore escalated for operator review.","Payment recovery for ₹35,619.33 has been paused after multiple unsuccessful attempts. Our support team will review the case.",Local Fallback,Local Fallback
TXN10825,RecoverAI recommends a controlled retry because the failure is related to temporary bank error. The recovery score is 75/100 and the transaction has not exceeded the automatic retry limit.,"Hi Customer 1220, your payment of ₹1,619.27 could not be completed due to a temporary payment issue. Please try the payment again after a short while.",Local Fallback,Local Fallback
TXN10826,RecoverAI recommends a reminder because the payment remains recoverable but does not require an immediate technical retry.,"Hi Customer 1263, this is a reminder regarding your pending payment of ₹8,235.47. Please complete the payment at your convenience.",Local Fallback,Local Fallback
TXN10827,"RecoverAI stopped automatic recovery because the payment has already reached 4 unsuccessful attempts. Although the failure reason is authentication failure, further automatic attempts are restricted to avoid repeated failures. The case is therefore escalated for operator review.","Payment recovery for ₹37,025.76 has been paused after multiple unsuccessful attempts. Our support team will review the case.",Local Fallback,Local Fallback
TXN10828,RecoverAI recommends a controlled retry because the failure is related to network error. The recovery score is 100/100 and the transaction has not exceeded the automatic retry limit.,"Hi Customer 1183, your payment of ₹30,012.21 could not be completed due to a temporary payment issue. Please try the payment again after a short while.",Local Fallback,Local Fallback
TXN10829,"RecoverAI stopped automatic recovery because the payment has already reached 3 unsuccessful attempts. Although the failure reason is authentication failure, further automatic attempts are restricted to avoid repeated failures. The case is therefore escalated for operator review.","Payment recovery for ₹7,969.76 has been paused after multiple unsuccessful attempts. Our support team will review the case.",Local Fallback,Local Fallback
TXN10830,RecoverAI recommends a payment link because the failure is related to insufficient funds. This gives the customer another way to complete the outstanding payment.,"Hi Customer 1000, your payment of ₹908.81 could not be completed. You can complete your payment using the secure payment link provided.",Local Fallback,Local Fallback
TXN10831,RecoverAI recommends a reminder because the payment remains recoverable but does not require an immediate technical retry.,"Hi Customer 1024, this is a reminder regarding your pending payment of ₹9,551.02. Please complete the payment at your convenience.",Local Fallback,Local Fallback
TXN10832,RecoverAI recommends a reminder because the payment remains recoverable but does not require an immediate technical retry.,"Hi Customer 1037, this is a reminder regarding your pending payment of ₹4,436.30. Please complete the payment at your convenience.",Local Fallback,Local Fallback
TXN10833,"RecoverAI stopped automatic recovery because the payment has already reached 4 unsuccessful attempts. Although the failure reason is temporary bank error, further automatic attempts are restricted to avoid repeated failures. The case is therefore escalated for operator review.","Payment recovery for ₹1,649.34 has been paused after multiple unsuccessful attempts. Our support team will review the case.",Local Fallback,Local Fallback
TXN10834,RecoverAI recommends a controlled retry because the failure is related to network error. The recovery score is 70/100 and the transaction has not exceeded the automatic retry limit.,"Hi Customer 1209, your payment of ₹1,866.30 could not be completed due to a temporary payment issue. Please try the payment again after a short while.",Local Fallback,Local Fallback
TXN10835,RecoverAI recommends a reminder because the payment remains recoverable but does not require an immediate technical retry.,"Hi Customer 1093, this is a reminder regarding your pending payment of ₹1,821.12. Please complete the payment at your convenience.",Local Fallback,Local Fallback
TXN10836,"RecoverAI stopped automatic recovery because the payment has already reached 3 unsuccessful attempts. Although the failure reason is temporary bank error, further automatic attempts are restricted to avoid repeated failures. The case is therefore escalated for operator review.","Payment recovery for ₹3,029.85 has been paused after multiple unsuccessful attempts. Our support team will review the case.",Local Fallback,Local Fallback
TXN10837,RecoverAI recommends a controlled retry because the failure is related to temporary bank error. The recovery score is 60/100 and the transaction has not exceeded the automatic retry limit.,"Hi Customer 1058, your payment of ₹2,958.98 could not be completed due to a temporary payment issue. Please try the payment again after a short while.",Local Fallback,Local Fallback
TXN10838,"RecoverAI stopped automatic recovery because the payment has already reached 3 unsuccessful attempts. Although the failure reason is card expired, further automatic attempts are restricted to avoid repeated failures. The case is therefore escalated for operator review.","Payment recovery for ₹14,406.88 has been paused after multiple unsuccessful attempts. Our support team will review the case.",Local Fallback,Local Fallback
TXN10839,RecoverAI recommends a payment link because the failure is related to insufficient funds. This gives the customer another way to complete the outstanding payment.,"Hi Customer 1046, your payment of ₹1,099.65 could not be completed. You can complete your payment using the secure payment link provided.",Local Fallback,Local Fallback
TXN10840,RecoverAI recommends a reminder because the payment remains recoverable but does not require an immediate technical retry.,"Hi Customer 1130, this is a reminder regarding your pending payment of ₹6,221.97. Please complete the payment at your convenience.",Local Fallback,Local Fallback
TXN10841,"RecoverAI stopped automatic recovery because the payment has already reached 3 unsuccessful attempts. Although the failure reason is insufficient funds, further automatic attempts are restricted to avoid repeated failures. The case is therefore escalated for operator review.","Payment recovery for ₹32,221.00 has been paused after multiple unsuccessful attempts. Our support team will review the case.",Local Fallback,Local Fallback
TXN10842,RecoverAI recommends a reminder because the payment remains recoverable but does not require an immediate technical retry.,"Hi Customer 1089, this is a reminder regarding your pending payment of ₹45,244.21. Please complete the payment at your convenience.",Local Fallback,Local Fallback
TXN10843,"RecoverAI stopped automatic recovery because the payment has already reached 4 unsuccessful attempts. Although the failure reason is authentication failure, further automatic attempts are restricted to avoid repeated failures. The case is therefore escalated for operator review.","Payment recovery for ₹1,814.61 has been paused after multiple unsuccessful attempts. Our support team will review the case.",Local Fallback,Local Fallback
TXN10844,RecoverAI recommends a payment link because the failure is related to insufficient funds. This gives the customer another way to complete the outstanding payment.,"Hi Customer 1164, your payment of ₹210.75 could not be completed. You can complete your payment using the secure payment link provided.",Local Fallback,Local Fallback
TXN10845,RecoverAI recommends a payment link because the failure is related to insufficient funds. This gives the customer another way to complete the outstanding payment.,"Hi Customer 1039, your payment of ₹459.24 could not be completed. You can complete your payment using the secure payment link provided.",Local Fallback,Local Fallback
TXN10846,"RecoverAI stopped automatic recovery because the payment has already reached 3 unsuccessful attempts. Although the failure reason is temporary bank error, further automatic attempts are restricted to avoid repeated failures. The case is therefore escalated for operator review.","Payment recovery for ₹38,301.42 has been paused after multiple unsuccessful attempts. Our support team will review the case.",Local Fallback,Local Fallback
TXN10847,"RecoverAI stopped automatic recovery because the payment has already reached 3 unsuccessful attempts. Although the failure reason is temporary bank error, further automatic attempts are restricted to avoid repeated failures. The case is therefore escalated for operator review.","Payment recovery for ₹9,316.02 has been paused after multiple unsuccessful attempts. Our support team will review the case.",Local Fallback,Local Fallback
TXN10848,"RecoverAI stopped automatic recovery because the payment has already reached 4 unsuccessful attempts. Although the failure reason is temporary bank error, further automatic attempts are restricted to avoid repeated failures. The case is therefore escalated for operator review.",Payment recovery for ₹282.58 has been paused after multiple unsuccessful attempts. Our support team will review the case.,Local Fallback,Local Fallback
TXN10849,"RecoverAI stopped automatic recovery because the payment has already reached 4 unsuccessful attempts. Although the failure reason is insufficient funds, further automatic attempts are restricted to avoid repeated failures. The case is therefore escalated for operator review.","Payment recovery for ₹45,672.81 has been paused after multiple unsuccessful attempts. Our support team will review the case.",Local Fallback,Local Fallback
TXN10850,RecoverAI recommends a payment link because the failure is related to insufficient funds. This gives the customer another way to complete the outstanding payment.,"Hi Customer 1004, your payment of ₹1,149.10 could not be completed. You can complete your payment using the secure payment link provided.",Local Fallback,Local Fallback
TXN10851,RecoverAI recommends a customer prompt because the payment requires customer attention. The customer can verify the payment details and attempt the transaction again.,"Hi Customer 1280, your payment of ₹23,641.91 needs your attention. Please verify your payment details and try again.",Local Fallback,Local Fallback
TXN10852,RecoverAI recommends a customer prompt because the payment requires customer attention. The customer can verify the payment details and attempt the transaction again.,"Hi Customer 1032, your payment of ₹21,745.30 needs your attention. Please verify your payment details and try again.",Local Fallback,Local Fallback
TXN10853,"RecoverAI stopped automatic recovery because the payment has already reached 4 unsuccessful attempts. Although the failure reason is temporary bank error, further automatic attempts are restricted to avoid repeated failures. The case is therefore escalated for operator review.","Payment recovery for ₹39,085.25 has been paused after multiple unsuccessful attempts. Our support team will review the case.",Local Fallback,Local Fallback
TXN10854,"RecoverAI stopped automatic recovery because the payment has already reached 4 unsuccessful attempts. Although the failure reason is unknown, further automatic attempts are restricted to avoid repeated failures. The case is therefore escalated for operator review.","Payment recovery for ₹36,821.62 has been paused after multiple unsuccessful attempts. Our support team will review the case.",Local Fallback,Local Fallback
TXN10855,"RecoverAI stopped automatic recovery because the payment has already reached 3 unsuccessful attempts. Although the failure reason is insufficient funds, further automatic attempts are restricted to avoid repeated failures. The case is therefore escalated for operator review.","Payment recovery for ₹3,784.50 has been paused after multiple unsuccessful attempts. Our support team will review the case.",Local Fallback,Local Fallback
TXN10856,RecoverAI recommends a payment link because the failure is related to insufficient funds. This gives the customer another way to complete the outstanding payment.,"Hi Customer 1299, your payment of ₹25,245.88 could not be completed. You can complete your payment using the secure payment link provided.",Local Fallback,Local Fallback
TXN10857,"RecoverAI stopped automatic recovery because the payment has already reached 3 unsuccessful attempts. Although the failure reason is card expired, further automatic attempts are restricted to avoid repeated failures. The case is therefore escalated for operator review.","Payment recovery for ₹2,760.36 has been paused after multiple unsuccessful attempts. Our support team will review the case.",Local Fallback,Local Fallback
TXN10858,"RecoverAI stopped automatic recovery because the payment has already reached 3 unsuccessful attempts. Although the failure reason is network error, further automatic attempts are restricted to avoid repeated failures. The case is therefore escalated for operator review.","Payment recovery for ₹1,829.53 has been paused after multiple unsuccessful attempts. Our support team will review the case.",Local Fallback,Local Fallback
TXN10859,RecoverAI recommends a payment link because the failure is related to insufficient funds. This gives the customer another way to complete the outstanding payment.,"Hi Customer 1295, your payment of ₹29,760.47 could not be completed. You can complete your payment using the secure payment link provided.",Local Fallback,Local Fallback
TXN10860,"RecoverAI stopped automatic recovery because the payment has already reached 3 unsuccessful attempts. Although the failure reason is card expired, further automatic attempts are restricted to avoid repeated failures. The case is therefore escalated for operator review.","Payment recovery for ₹32,839.66 has been paused after multiple unsuccessful attempts. Our support team will review the case.",Local Fallback,Local Fallback
TXN10861,"RecoverAI stopped automatic recovery because the payment has already reached 3 unsuccessful attempts. Although the failure reason is insufficient funds, further automatic attempts are restricted to avoid repeated failures. The case is therefore escalated for operator review.","Payment recovery for ₹7,017.44 has been paused after multiple unsuccessful attempts. Our support team will review the case.",Local Fallback,Local Fallback
TXN10862,"RecoverAI stopped automatic recovery because the payment has already reached 4 unsuccessful attempts. Although the failure reason is network error, further automatic attempts are restricted to avoid repeated failures. The case is therefore escalated for operator review.","Payment recovery for ₹9,135.70 has been paused after multiple unsuccessful attempts. Our support team will review the case.",Local Fallback,Local Fallback
TXN10863,RecoverAI recommends a reminder because the payment remains recoverable but does not require an immediate technical retry.,"Hi Customer 1246, this is a reminder regarding your pending payment of ₹29,766.30. Please complete the payment at your convenience.",Local Fallback,Local Fallback
TXN10864,RecoverAI recommends a payment link because the failure is related to insufficient funds. This gives the customer another way to complete the outstanding payment.,"Hi Customer 1096, your payment of ₹29,320.47 could not be completed. You can complete your payment using the secure payment link provided.",Local Fallback,Local Fallback
TXN10865,"RecoverAI stopped automatic recovery because the payment has already reached 3 unsuccessful attempts. Although the failure reason is network error, further automatic attempts are restricted to avoid repeated failures. The case is therefore escalated for operator review.",Payment recovery for ₹597.07 has been paused after multiple unsuccessful attempts. Our support team will review the case.,Local Fallback,Local Fallback
TXN10866,"RecoverAI stopped automatic recovery because the payment has already reached 3 unsuccessful attempts. Although the failure reason is network error, further automatic attempts are restricted to avoid repeated failures. The case is therefore escalated for operator review.","Payment recovery for ₹27,288.53 has been paused after multiple unsuccessful attempts. Our support team will review the case.",Local Fallback,Local Fallback
TXN10867,"RecoverAI stopped automatic recovery because the payment has already reached 3 unsuccessful attempts. Although the failure reason is insufficient funds, further automatic attempts are restricted to avoid repeated failures. The case is therefore escalated for operator review.","Payment recovery for ₹5,489.52 has been paused after multiple unsuccessful attempts. Our support team will review the case.",Local Fallback,Local Fallback
TXN10868,RecoverAI recommends a payment link because the failure is related to insufficient funds. This gives the customer another way to complete the outstanding payment.,"Hi Customer 1126, your payment of ₹1,589.54 could not be completed. You can complete your payment using the secure payment link provided.",Local Fallback,Local Fallback
TXN10869,RecoverAI recommends a reminder because the payment remains recoverable but does not require an immediate technical retry.,"Hi Customer 1235, this is a reminder regarding your pending payment of ₹45,553.70. Please complete the payment at your convenience.",Local Fallback,Local Fallback
TXN10870,RecoverAI recommends a controlled retry because the failure is related to temporary bank error. The recovery score is 70/100 and the transaction has not exceeded the automatic retry limit.,"Hi Customer 1037, your payment of ₹41,590.47 could not be completed due to a temporary payment issue. Please try the payment again after a short while.",Local Fallback,Local Fallback
TXN10871,"RecoverAI stopped automatic recovery because the payment has already reached 4 unsuccessful attempts. Although the failure reason is network error, further automatic attempts are restricted to avoid repeated failures. The case is therefore escalated for operator review.","Payment recovery for ₹36,773.93 has been paused after multiple unsuccessful attempts. Our support team will review the case.",Local Fallback,Local Fallback
TXN10872,"RecoverAI stopped automatic recovery because the payment has already reached 3 unsuccessful attempts. Although the failure reason is card expired, further automatic attempts are restricted to avoid repeated failures. The case is therefore escalated for operator review.","Payment recovery for ₹2,247.73 has been paused after multiple unsuccessful attempts. Our support team will review the case.",Local Fallback,Local Fallback
TXN10873,RecoverAI recommends a controlled retry because the failure is related to temporary bank error. The recovery score is 85/100 and the transaction has not exceeded the automatic retry limit.,"Hi Customer 1196, your payment of ₹233.07 could not be completed due to a temporary payment issue. Please try the payment again after a short while.",Local Fallback,Local Fallback
TXN10874,RecoverAI recommends a payment link because the failure is related to insufficient funds. This gives the customer another way to complete the outstanding payment.,"Hi Customer 1040, your payment of ₹7,505.66 could not be completed. You can complete your payment using the secure payment link provided.",Local Fallback,Local Fallback
TXN10875,"RecoverAI stopped automatic recovery because the payment has already reached 3 unsuccessful attempts. Although the failure reason is authentication failure, further automatic attempts are restricted to avoid repeated failures. The case is therefore escalated for operator review.","Payment recovery for ₹9,305.48 has been paused after multiple unsuccessful attempts. Our support team will review the case.",Local Fallback,Local Fallback
TXN10876,RecoverAI recommends a controlled retry because the failure is related to network error. The recovery score is 100/100 and the transaction has not exceeded the automatic retry limit.,"Hi Customer 1129, your payment of ₹1,522.79 could not be completed due to a temporary payment issue. Please try the payment again after a short while.",Local Fallback,Local Fallback
TXN10877,RecoverAI recommends a controlled retry because the failure is related to network error. The recovery score is 85/100 and the transaction has not exceeded the automatic retry limit.,"Hi Customer 1137, your payment of ₹35,467.72 could not be completed due to a temporary payment issue. Please try the payment again after a short while.",Local Fallback,Local Fallback
TXN10878,RecoverAI recommends a controlled retry because the failure is related to network error. The recovery score is 80/100 and the transaction has not exceeded the automatic retry limit.,"Hi Customer 1124, your payment of ₹3,649.37 could not be completed due to a temporary payment issue. Please try the payment again after a short while.",Local Fallback,Local Fallback
TXN10879,"RecoverAI stopped automatic recovery because the payment has already reached 3 unsuccessful attempts. Although the failure reason is temporary bank error, further automatic attempts are restricted to avoid repeated failures. The case is therefore escalated for operator review.","Payment recovery for ₹8,447.97 has been paused after multiple unsuccessful attempts. Our support team will review the case.",Local Fallback,Local Fallback
TXN10880,"RecoverAI stopped automatic recovery because the payment has already reached 3 unsuccessful attempts. Although the failure reason is card expired, further automatic attempts are restricted to avoid repeated failures. The case is therefore escalated for operator review.","Payment recovery for ₹31,339.14 has been paused after multiple unsuccessful attempts. Our support team will review the case.",Local Fallback,Local Fallback
TXN10881,"RecoverAI stopped automatic recovery because the payment has already reached 4 unsuccessful attempts. Although the failure reason is temporary bank error, further automatic attempts are restricted to avoid repeated failures. The case is therefore escalated for operator review.","Payment recovery for ₹44,807.87 has been paused after multiple unsuccessful attempts. Our support team will review the case.",Local Fallback,Local Fallback
TXN10882,"RecoverAI stopped automatic recovery because the payment has already reached 4 unsuccessful attempts. Although the failure reason is network error, further automatic attempts are restricted to avoid repeated failures. The case is therefore escalated for operator review.",Payment recovery for ₹914.74 has been paused after multiple unsuccessful attempts. Our support team will review the case.,Local Fallback,Local Fallback
TXN10883,"RecoverAI stopped automatic recovery because the payment has already reached 3 unsuccessful attempts. Although the failure reason is temporary bank error, further automatic attempts are restricted to avoid repeated failures. The case is therefore escalated for operator review.","Payment recovery for ₹10,393.87 has been paused after multiple unsuccessful attempts. Our support team will review the case.",Local Fallback,Local Fallback
TXN10884,RecoverAI recommends a customer prompt because the payment requires customer attention. The customer can verify the payment details and attempt the transaction again.,"Hi Customer 1016, your payment of ₹4,649.34 needs your attention. Please verify your payment details and try again.",Local Fallback,Local Fallback
TXN10885,"RecoverAI stopped automatic recovery because the payment has already reached 4 unsuccessful attempts. Although the failure reason is temporary bank error, further automatic attempts are restricted to avoid repeated failures. The case is therefore escalated for operator review.","Payment recovery for ₹45,718.58 has been paused after multiple unsuccessful attempts. Our support team will review the case.",Local Fallback,Local Fallback
TXN10886,RecoverAI recommends a controlled retry because the failure is related to temporary bank error. The recovery score is 80/100 and the transaction has not exceeded the automatic retry limit.,"Hi Customer 1234, your payment of ₹613.62 could not be completed due to a temporary payment issue. Please try the payment again after a short while.",Local Fallback,Local Fallback
TXN10887,RecoverAI recommends a reminder because the payment remains recoverable but does not require an immediate technical retry.,"Hi Customer 1244, this is a reminder regarding your pending payment of ₹25,446.24. Please complete the payment at your convenience.",Local Fallback,Local Fallback
TXN10888,RecoverAI recommends a payment link because the failure is related to insufficient funds. This gives the customer another way to complete the outstanding payment.,"Hi Customer 1111, your payment of ₹3,003.41 could not be completed. You can complete your payment using the secure payment link provided.",Local Fallback,Local Fallback
TXN10889,RecoverAI recommends a controlled retry because the failure is related to temporary bank error. The recovery score is 55/100 and the transaction has not exceeded the automatic retry limit.,"Hi Customer 1060, your payment of ₹720.98 could not be completed due to a temporary payment issue. Please try the payment again after a short while.",Local Fallback,Local Fallback
TXN10890,RecoverAI recommends a controlled retry because the failure is related to network error. The recovery score is 95/100 and the transaction has not exceeded the automatic retry limit.,"Hi Customer 1252, your payment of ₹6,160.94 could not be completed due to a temporary payment issue. Please try the payment again after a short while.",Local Fallback,Local Fallback
TXN10891,RecoverAI recommends a controlled retry because the failure is related to network error. The recovery score is 65/100 and the transaction has not exceeded the automatic retry limit.,"Hi Customer 1190, your payment of ₹6,311.31 could not be completed due to a temporary payment issue. Please try the payment again after a short while.",Local Fallback,Local Fallback
TXN10892,"RecoverAI stopped automatic recovery because the payment has already reached 3 unsuccessful attempts. Although the failure reason is temporary bank error, further automatic attempts are restricted to avoid repeated failures. The case is therefore escalated for operator review.","Payment recovery for ₹24,636.78 has been paused after multiple unsuccessful attempts. Our support team will review the case.",Local Fallback,Local Fallback
TXN10893,RecoverAI recommends a customer prompt because the payment requires customer attention. The customer can verify the payment details and attempt the transaction again.,"Hi Customer 1221, your payment of ₹26,091.79 needs your attention. Please verify your payment details and try again.",Local Fallback,Local Fallback
TXN10894,RecoverAI recommends a customer prompt because the payment requires customer attention. The customer can verify the payment details and attempt the transaction again.,"Hi Customer 1118, your payment of ₹37,421.54 needs your attention. Please verify your payment details and try again.",Local Fallback,Local Fallback
TXN10895,"RecoverAI stopped automatic recovery because the payment has already reached 4 unsuccessful attempts. Although the failure reason is card expired, further automatic attempts are restricted to avoid repeated failures. The case is therefore escalated for operator review.","Payment recovery for ₹19,440.32 has been paused after multiple unsuccessful attempts. Our support team will review the case.",Local Fallback,Local Fallback
TXN10896,RecoverAI recommends a customer prompt because the payment requires customer attention. The customer can verify the payment details and attempt the transaction again.,"Hi Customer 1272, your payment of ₹15,970.72 needs your attention. Please verify your payment details and try again.",Local Fallback,Local Fallback
TXN10897,"RecoverAI stopped automatic recovery because the payment has already reached 4 unsuccessful attempts. Although the failure reason is authentication failure, further automatic attempts are restricted to avoid repeated failures. The case is therefore escalated for operator review.","Payment recovery for ₹2,961.89 has been paused after multiple unsuccessful attempts. Our support team will review the case.",Local Fallback,Local Fallback
TXN10898,RecoverAI recommends a reminder because the payment remains recoverable but does not require an immediate technical retry.,"Hi Customer 1127, this is a reminder regarding your pending payment of ₹2,887.25. Please complete the payment at your convenience.",Local Fallback,Local Fallback
TXN10899,RecoverAI recommends a customer prompt because the payment requires customer attention. The customer can verify the payment details and attempt the transaction again.,"Hi Customer 1297, your payment of ₹512.22 needs your attention. Please verify your payment details and try again.",Local Fallback,Local Fallback
TXN10900,RecoverAI recommends a controlled retry because the failure is related to temporary bank error. The recovery score is 80/100 and the transaction has not exceeded the automatic retry limit.,"Hi Customer 1085, your payment of ₹1,870.71 could not be completed due to a temporary payment issue. Please try the payment again after a short while.",Local Fallback,Local Fallback
TXN10901,"RecoverAI stopped automatic recovery because the payment has already reached 4 unsuccessful attempts. Although the failure reason is temporary bank error, further automatic attempts are restricted to avoid repeated failures. The case is therefore escalated for operator review.","Payment recovery for ₹22,531.04 has been paused after multiple unsuccessful attempts. Our support team will review the case.",Local Fallback,Local Fallback
TXN10902,RecoverAI recommends a controlled retry because the failure is related to network error. The recovery score is 80/100 and the transaction has not exceeded the automatic retry limit.,"Hi Customer 1292, your payment of ₹2,393.17 could not be completed due to a temporary payment issue. Please try the payment again after a short while.",Local Fallback,Local Fallback
TXN10903,"RecoverAI stopped automatic recovery because the payment has already reached 4 unsuccessful attempts. Although the failure reason is temporary bank error, further automatic attempts are restricted to avoid repeated failures. The case is therefore escalated for operator review.","Payment recovery for ₹25,630.12 has been paused after multiple unsuccessful attempts. Our support team will review the case.",Local Fallback,Local Fallback
TXN10904,"RecoverAI stopped automatic recovery because the payment has already reached 3 unsuccessful attempts. Although the failure reason is unknown, further automatic attempts are restricted to avoid repeated failures. The case is therefore escalated for operator review.","Payment recovery for ₹6,909.05 has been paused after multiple unsuccessful attempts. Our support team will review the case.",Local Fallback,Local Fallback
TXN10905,"RecoverAI stopped automatic recovery because the payment has already reached 3 unsuccessful attempts. Although the failure reason is temporary bank error, further automatic attempts are restricted to avoid repeated failures. The case is therefore escalated for operator review.","Payment recovery for ₹34,459.79 has been paused after multiple unsuccessful attempts. Our support team will review the case.",Local Fallback,Local Fallback
TXN10906,"RecoverAI stopped automatic recovery because the payment has already reached 3 unsuccessful attempts. Although the failure reason is temporary bank error, further automatic attempts are restricted to avoid repeated failures. The case is therefore escalated for operator review.",Payment recovery for ₹493.38 has been paused after multiple unsuccessful attempts. Our support team will review the case.,Local Fallback,Local Fallback
TXN10907,"RecoverAI stopped automatic recovery because the payment has already reached 4 unsuccessful attempts. Although the failure reason is insufficient funds, further automatic attempts are restricted to avoid repeated failures. The case is therefore escalated for operator review.","Payment recovery for ₹3,020.42 has been paused after multiple unsuccessful attempts. Our support team will review the case.",Local Fallback,Local Fallback
TXN10908,RecoverAI recommends a controlled retry because the failure is related to temporary bank error. The recovery score is 90/100 and the transaction has not exceeded the automatic retry limit.,"Hi Customer 1136, your payment of ₹43,657.59 could not be completed due to a temporary payment issue. Please try the payment again after a short while.",Local Fallback,Local Fallback
TXN10909,"RecoverAI stopped automatic recovery because the payment has already reached 4 unsuccessful attempts. Although the failure reason is unknown, further automatic attempts are restricted to avoid repeated failures. The case is therefore escalated for operator review.","Payment recovery for ₹1,123.67 has been paused after multiple unsuccessful attempts. Our support team will review the case.",Local Fallback,Local Fallback
TXN10910,RecoverAI recommends a payment link because the failure is related to insufficient funds. This gives the customer another way to complete the outstanding payment.,"Hi Customer 1062, your payment of ₹44,410.13 could not be completed. You can complete your payment using the secure payment link provided.",Local Fallback,Local Fallback
TXN10911,RecoverAI recommends a controlled retry because the failure is related to temporary bank error. The recovery score is 85/100 and the transaction has not exceeded the automatic retry limit.,"Hi Customer 1039, your payment of ₹1,089.97 could not be completed due to a temporary payment issue. Please try the payment again after a short while.",Local Fallback,Local Fallback
TXN10912,"RecoverAI stopped automatic recovery because the payment has already reached 3 unsuccessful attempts. Although the failure reason is network error, further automatic attempts are restricted to avoid repeated failures. The case is therefore escalated for operator review.","Payment recovery for ₹7,954.20 has been paused after multiple unsuccessful attempts. Our support team will review the case.",Local Fallback,Local Fallback
TXN10913,RecoverAI recommends a controlled retry because the failure is related to temporary bank error. The recovery score is 55/100 and the transaction has not exceeded the automatic retry limit.,"Hi Customer 1133, your payment of ₹1,031.71 could not be completed due to a temporary payment issue. Please try the payment again after a short while.",Local Fallback,Local Fallback
TXN10914,"RecoverAI stopped automatic recovery because the payment has already reached 4 unsuccessful attempts. Although the failure reason is card expired, further automatic attempts are restricted to avoid repeated failures. The case is therefore escalated for operator review.","Payment recovery for ₹5,742.41 has been paused after multiple unsuccessful attempts. Our support team will review the case.",Local Fallback,Local Fallback
TXN10915,RecoverAI recommends a controlled retry because the failure is related to temporary bank error. The recovery score is 95/100 and the transaction has not exceeded the automatic retry limit.,"Hi Customer 1165, your payment of ₹1,804.88 could not be completed due to a temporary payment issue. Please try the payment again after a short while.",Local Fallback,Local Fallback
TXN10916,"RecoverAI stopped automatic recovery because the payment has already reached 3 unsuccessful attempts. Although the failure reason is insufficient funds, further automatic attempts are restricted to avoid repeated failures. The case is therefore escalated for operator review.","Payment recovery for ₹27,953.27 has been paused after multiple unsuccessful attempts. Our support team will review the case.",Local Fallback,Local Fallback
TXN10917,"RecoverAI stopped automatic recovery because the payment has already reached 4 unsuccessful attempts. Although the failure reason is insufficient funds, further automatic attempts are restricted to avoid repeated failures. The case is therefore escalated for operator review.","Payment recovery for ₹30,009.26 has been paused after multiple unsuccessful attempts. Our support team will review the case.",Local Fallback,Local Fallback
TXN10918,RecoverAI recommends a reminder because the payment remains recoverable but does not require an immediate technical retry.,"Hi Customer 1082, this is a reminder regarding your pending payment of ₹663.29. Please complete the payment at your convenience.",Local Fallback,Local Fallback
TXN10919,"RecoverAI stopped automatic recovery because the payment has already reached 3 unsuccessful attempts. Although the failure reason is card expired, further automatic attempts are restricted to avoid repeated failures. The case is therefore escalated for operator review.","Payment recovery for ₹8,304.49 has been paused after multiple unsuccessful attempts. Our support team will review the case.",Local Fallback,Local Fallback
TXN10920,RecoverAI recommends a payment link because the failure is related to insufficient funds. This gives the customer another way to complete the outstanding payment.,"Hi Customer 1186, your payment of ₹1,728.98 could not be completed. You can complete your payment using the secure payment link provided.",Local Fallback,Local Fallback
TXN10921,"RecoverAI stopped automatic recovery because the payment has already reached 4 unsuccessful attempts. Although the failure reason is temporary bank error, further automatic attempts are restricted to avoid repeated failures. The case is therefore escalated for operator review.","Payment recovery for ₹24,010.89 has been paused after multiple unsuccessful attempts. Our support team will review the case.",Local Fallback,Local Fallback
TXN10922,"RecoverAI stopped automatic recovery because the payment has already reached 4 unsuccessful attempts. Although the failure reason is network error, further automatic attempts are restricted to avoid repeated failures. The case is therefore escalated for operator review.","Payment recovery for ₹5,025.81 has been paused after multiple unsuccessful attempts. Our support team will review the case.",Local Fallback,Local Fallback
TXN10923,"RecoverAI stopped automatic recovery because the payment has already reached 4 unsuccessful attempts. Although the failure reason is card expired, further automatic attempts are restricted to avoid repeated failures. The case is therefore escalated for operator review.","Payment recovery for ₹17,963.29 has been paused after multiple unsuccessful attempts. Our support team will review the case.",Local Fallback,Local Fallback
TXN10924,RecoverAI recommends a controlled retry because the failure is related to network error. The recovery score is 70/100 and the transaction has not exceeded the automatic retry limit.,"Hi Customer 1224, your payment of ₹7,125.04 could not be completed due to a temporary payment issue. Please try the payment again after a short while.",Local Fallback,Local Fallback
TXN10925,"RecoverAI stopped automatic recovery because the payment has already reached 3 unsuccessful attempts. Although the failure reason is network error, further automatic attempts are restricted to avoid repeated failures. The case is therefore escalated for operator review.","Payment recovery for ₹8,868.52 has been paused after multiple unsuccessful attempts. Our support team will review the case.",Local Fallback,Local Fallback
TXN10926,"RecoverAI stopped automatic recovery because the payment has already reached 3 unsuccessful attempts. Although the failure reason is insufficient funds, further automatic attempts are restricted to avoid repeated failures. The case is therefore escalated for operator review.","Payment recovery for ₹1,529.10 has been paused after multiple unsuccessful attempts. Our support team will review the case.",Local Fallback,Local Fallback
TXN10927,"RecoverAI stopped automatic recovery because the payment has already reached 4 unsuccessful attempts. Although the failure reason is temporary bank error, further automatic attempts are restricted to avoid repeated failures. The case is therefore escalated for operator review.","Payment recovery for ₹48,562.17 has been paused after multiple unsuccessful attempts. Our support team will review the case.",Local Fallback,Local Fallback
TXN10928,"RecoverAI stopped automatic recovery because the payment has already reached 4 unsuccessful attempts. Although the failure reason is authentication failure, further automatic attempts are restricted to avoid repeated failures. The case is therefore escalated for operator review.","Payment recovery for ₹41,278.10 has been paused after multiple unsuccessful attempts. Our support team will review the case.",Local Fallback,Local Fallback
TXN10929,"RecoverAI stopped automatic recovery because the payment has already reached 4 unsuccessful attempts. Although the failure reason is temporary bank error, further automatic attempts are restricted to avoid repeated failures. The case is therefore escalated for operator review.","Payment recovery for ₹1,496.06 has been paused after multiple unsuccessful attempts. Our support team will review the case.",Local Fallback,Local Fallback
TXN10930,"RecoverAI stopped automatic recovery because the payment has already reached 4 unsuccessful attempts. Although the failure reason is insufficient funds, further automatic attempts are restricted to avoid repeated failures. The case is therefore escalated for operator review.","Payment recovery for ₹1,888.44 has been paused after multiple unsuccessful attempts. Our support team will review the case.",Local Fallback,Local Fallback
TXN10931,RecoverAI recommends a payment link because the failure is related to insufficient funds. This gives the customer another way to complete the outstanding payment.,"Hi Customer 1169, your payment of ₹475.06 could not be completed. You can complete your payment using the secure payment link provided.",Local Fallback,Local Fallback
TXN10932,RecoverAI recommends a payment link because the failure is related to insufficient funds. This gives the customer another way to complete the outstanding payment.,"Hi Customer 1118, your payment of ₹286.11 could not be completed. You can complete your payment using the secure payment link provided.",Local Fallback,Local Fallback
TXN10933,"RecoverAI stopped automatic recovery because the payment has already reached 4 unsuccessful attempts. Although the failure reason is network error, further automatic attempts are restricted to avoid repeated failures. The case is therefore escalated for operator review.",Payment recovery for ₹481.17 has been paused after multiple unsuccessful attempts. Our support team will review the case.,Local Fallback,Local Fallback
TXN10934,RecoverAI recommends a payment link because the failure is related to insufficient funds. This gives the customer another way to complete the outstanding payment.,"Hi Customer 1196, your payment of ₹5,252.44 could not be completed. You can complete your payment using the secure payment link provided.",Local Fallback,Local Fallback
TXN10935,"RecoverAI stopped automatic recovery because the payment has already reached 4 unsuccessful attempts. Although the failure reason is insufficient funds, further automatic attempts are restricted to avoid repeated failures. The case is therefore escalated for operator review.","Payment recovery for ₹8,873.80 has been paused after multiple unsuccessful attempts. Our support team will review the case.",Local Fallback,Local Fallback
TXN10936,RecoverAI recommends a customer prompt because the payment requires customer attention. The customer can verify the payment details and attempt the transaction again.,"Hi Customer 1092, your payment of ₹12,635.76 needs your attention. Please verify your payment details and try again.",Local Fallback,Local Fallback
TXN10937,RecoverAI recommends a payment link because the failure is related to insufficient funds. This gives the customer another way to complete the outstanding payment.,"Hi Customer 1132, your payment of ₹1,394.47 could not be completed. You can complete your payment using the secure payment link provided.",Local Fallback,Local Fallback
TXN10938,"RecoverAI stopped automatic recovery because the payment has already reached 3 unsuccessful attempts. Although the failure reason is insufficient funds, further automatic attempts are restricted to avoid repeated failures. The case is therefore escalated for operator review.","Payment recovery for ₹4,195.03 has been paused after multiple unsuccessful attempts. Our support team will review the case.",Local Fallback,Local Fallback
TXN10939,"RecoverAI stopped automatic recovery because the payment has already reached 4 unsuccessful attempts. Although the failure reason is card expired, further automatic attempts are restricted to avoid repeated failures. The case is therefore escalated for operator review.","Payment recovery for ₹7,273.97 has been paused after multiple unsuccessful attempts. Our support team will review the case.",Local Fallback,Local Fallback
TXN10940,RecoverAI recommends a controlled retry because the failure is related to temporary bank error. The recovery score is 80/100 and the transaction has not exceeded the automatic retry limit.,"Hi Customer 1044, your payment of ₹41,901.70 could not be completed due to a temporary payment issue. Please try the payment again after a short while.",Local Fallback,Local Fallback
TXN10941,RecoverAI recommends a controlled retry because the failure is related to network error. The recovery score is 75/100 and the transaction has not exceeded the automatic retry limit.,"Hi Customer 1278, your payment of ₹1,531.56 could not be completed due to a temporary payment issue. Please try the payment again after a short while.",Local Fallback,Local Fallback
TXN10942,RecoverAI recommends a customer prompt because the payment requires customer attention. The customer can verify the payment details and attempt the transaction again.,"Hi Customer 1086, your payment of ₹9,034.30 needs your attention. Please verify your payment details and try again.",Local Fallback,Local Fallback
TXN10943,"RecoverAI stopped automatic recovery because the payment has already reached 3 unsuccessful attempts. Although the failure reason is unknown, further automatic attempts are restricted to avoid repeated failures. The case is therefore escalated for operator review.","Payment recovery for ₹9,944.32 has been paused after multiple unsuccessful attempts. Our support team will review the case.",Local Fallback,Local Fallback
TXN10944,RecoverAI recommends a customer prompt because the payment requires customer attention. The customer can verify the payment details and attempt the transaction again.,"Hi Customer 1230, your payment of ₹30,101.90 needs your attention. Please verify your payment details and try again.",Local Fallback,Local Fallback
TXN10945,"RecoverAI stopped automatic recovery because the payment has already reached 3 unsuccessful attempts. Although the failure reason is insufficient funds, further automatic attempts are restricted to avoid repeated failures. The case is therefore escalated for operator review.",Payment recovery for ₹973.89 has been paused after multiple unsuccessful attempts. Our support team will review the case.,Local Fallback,Local Fallback
TXN10946,RecoverAI recommends a customer prompt because the payment requires customer attention. The customer can verify the payment details and attempt the transaction again.,"Hi Customer 1198, your payment of ₹1,795.79 needs your attention. Please verify your payment details and try again.",Local Fallback,Local Fallback
TXN10947,RecoverAI recommends a customer prompt because the payment requires customer attention. The customer can verify the payment details and attempt the transaction again.,"Hi Customer 1143, your payment of ₹36,047.08 needs your attention. Please verify your payment details and try again.",Local Fallback,Local Fallback
TXN10948,RecoverAI recommends a customer prompt because the payment requires customer attention. The customer can verify the payment details and attempt the transaction again.,"Hi Customer 1270, your payment of ₹48,951.22 needs your attention. Please verify your payment details and try again.",Local Fallback,Local Fallback
TXN10949,"RecoverAI stopped automatic recovery because the payment has already reached 3 unsuccessful attempts. Although the failure reason is temporary bank error, further automatic attempts are restricted to avoid repeated failures. The case is therefore escalated for operator review.","Payment recovery for ₹2,203.76 has been paused after multiple unsuccessful attempts. Our support team will review the case.",Local Fallback,Local Fallback
TXN10950,"RecoverAI stopped automatic recovery because the payment has already reached 4 unsuccessful attempts. Although the failure reason is unknown, further automatic attempts are restricted to avoid repeated failures. The case is therefore escalated for operator review.","Payment recovery for ₹25,953.66 has been paused after multiple unsuccessful attempts. Our support team will review the case.",Local Fallback,Local Fallback
TXN10951,"RecoverAI stopped automatic recovery because the payment has already reached 4 unsuccessful attempts. Although the failure reason is network error, further automatic attempts are restricted to avoid repeated failures. The case is therefore escalated for operator review.","Payment recovery for ₹22,377.30 has been paused after multiple unsuccessful attempts. Our support team will review the case.",Local Fallback,Local Fallback
TXN10952,"RecoverAI stopped automatic recovery because the payment has already reached 4 unsuccessful attempts. Although the failure reason is card expired, further automatic attempts are restricted to avoid repeated failures. The case is therefore escalated for operator review.","Payment recovery for ₹12,526.42 has been paused after multiple unsuccessful attempts. Our support team will review the case.",Local Fallback,Local Fallback
TXN10953,"RecoverAI stopped automatic recovery because the payment has already reached 4 unsuccessful attempts. Although the failure reason is card expired, further automatic attempts are restricted to avoid repeated failures. The case is therefore escalated for operator review.","Payment recovery for ₹9,246.88 has been paused after multiple unsuccessful attempts. Our support team will review the case.",Local Fallback,Local Fallback
TXN10954,RecoverAI recommends a customer prompt because the payment requires customer attention. The customer can verify the payment details and attempt the transaction again.,"Hi Customer 1286, your payment of ₹1,535.90 needs your attention. Please verify your payment details and try again.",Local Fallback,Local Fallback
TXN10955,RecoverAI recommends a controlled retry because the failure is related to temporary bank error. The recovery score is 70/100 and the transaction has not exceeded the automatic retry limit.,"Hi Customer 1090, your payment of ₹43,287.65 could not be completed due to a temporary payment issue. Please try the payment again after a short while.",Local Fallback,Local Fallback
TXN10956,"RecoverAI stopped automatic recovery because the payment has already reached 4 unsuccessful attempts. Although the failure reason is temporary bank error, further automatic attempts are restricted to avoid repeated failures. The case is therefore escalated for operator review.","Payment recovery for ₹1,537.00 has been paused after multiple unsuccessful attempts. Our support team will review the case.",Local Fallback,Local Fallback
TXN10957,"RecoverAI stopped automatic recovery because the payment has already reached 3 unsuccessful attempts. Although the failure reason is temporary bank error, further automatic attempts are restricted to avoid repeated failures. The case is therefore escalated for operator review.","Payment recovery for ₹12,157.30 has been paused after multiple unsuccessful attempts. Our support team will review the case.",Local Fallback,Local Fallback
TXN10958,"RecoverAI stopped automatic recovery because the payment has already reached 3 unsuccessful attempts. Although the failure reason is insufficient funds, further automatic attempts are restricted to avoid repeated failures. The case is therefore escalated for operator review.","Payment recovery for ₹1,473.19 has been paused after multiple unsuccessful attempts. Our support team will review the case.",Local Fallback,Local Fallback
TXN10959,RecoverAI recommends a controlled retry because the failure is related to temporary bank error. The recovery score is 95/100 and the transaction has not exceeded the automatic retry limit.,"Hi Customer 1076, your payment of ₹576.81 could not be completed due to a temporary payment issue. Please try the payment again after a short while.",Local Fallback,Local Fallback
TXN10960,"RecoverAI stopped automatic recovery because the payment has already reached 4 unsuccessful attempts. Although the failure reason is temporary bank error, further automatic attempts are restricted to avoid repeated failures. The case is therefore escalated for operator review.","Payment recovery for ₹46,304.66 has been paused after multiple unsuccessful attempts. Our support team will review the case.",Local Fallback,Local Fallback
TXN10961,RecoverAI recommends a controlled retry because the failure is related to temporary bank error. The recovery score is 80/100 and the transaction has not exceeded the automatic retry limit.,"Hi Customer 1278, your payment of ₹40,914.96 could not be completed due to a temporary payment issue. Please try the payment again after a short while.",Local Fallback,Local Fallback
TXN10962,RecoverAI recommends a customer prompt because the payment requires customer attention. The customer can verify the payment details and attempt the transaction again.,"Hi Customer 1119, your payment of ₹7,857.17 needs your attention. Please verify your payment details and try again.",Local Fallback,Local Fallback
TXN10963,"RecoverAI stopped automatic recovery because the payment has already reached 4 unsuccessful attempts. Although the failure reason is insufficient funds, further automatic attempts are restricted to avoid repeated failures. The case is therefore escalated for operator review.",Payment recovery for ₹445.54 has been paused after multiple unsuccessful attempts. Our support team will review the case.,Local Fallback,Local Fallback
TXN10964,"RecoverAI stopped automatic recovery because the payment has already reached 3 unsuccessful attempts. Although the failure reason is authentication failure, further automatic attempts are restricted to avoid repeated failures. The case is therefore escalated for operator review.","Payment recovery for ₹1,554.07 has been paused after multiple unsuccessful attempts. Our support team will review the case.",Local Fallback,Local Fallback
TXN10965,"RecoverAI stopped automatic recovery because the payment has already reached 4 unsuccessful attempts. Although the failure reason is temporary bank error, further automatic attempts are restricted to avoid repeated failures. The case is therefore escalated for operator review.","Payment recovery for ₹33,447.29 has been paused after multiple unsuccessful attempts. Our support team will review the case.",Local Fallback,Local Fallback
TXN10966,RecoverAI recommends a payment link because the failure is related to insufficient funds. This gives the customer another way to complete the outstanding payment.,"Hi Customer 1183, your payment of ₹22,073.39 could not be completed. You can complete your payment using the secure payment link provided.",Local Fallback,Local Fallback
TXN10967,RecoverAI recommends a customer prompt because the payment requires customer attention. The customer can verify the payment details and attempt the transaction again.,"Hi Customer 1115, your payment of ₹47,742.61 needs your attention. Please verify your payment details and try again.",Local Fallback,Local Fallback
TXN10968,RecoverAI recommends a controlled retry because the failure is related to temporary bank error. The recovery score is 70/100 and the transaction has not exceeded the automatic retry limit.,"Hi Customer 1031, your payment of ₹6,478.04 could not be completed due to a temporary payment issue. Please try the payment again after a short while.",Local Fallback,Local Fallback
TXN10969,"RecoverAI stopped automatic recovery because the payment has already reached 3 unsuccessful attempts. Although the failure reason is temporary bank error, further automatic attempts are restricted to avoid repeated failures. The case is therefore escalated for operator review.","Payment recovery for ₹28,811.85 has been paused after multiple unsuccessful attempts. Our support team will review the case.",Local Fallback,Local Fallback
TXN10970,"RecoverAI stopped automatic recovery because the payment has already reached 3 unsuccessful attempts. Although the failure reason is card expired, further automatic attempts are restricted to avoid repeated failures. The case is therefore escalated for operator review.","Payment recovery for ₹5,633.37 has been paused after multiple unsuccessful attempts. Our support team will review the case.",Local Fallback,Local Fallback
TXN10971,"RecoverAI stopped automatic recovery because the payment has already reached 3 unsuccessful attempts. Although the failure reason is temporary bank error, further automatic attempts are restricted to avoid repeated failures. The case is therefore escalated for operator review.","Payment recovery for ₹35,495.70 has been paused after multiple unsuccessful attempts. Our support team will review the case.",Local Fallback,Local Fallback
TXN10972,RecoverAI recommends a payment link because the failure is related to insufficient funds. This gives the customer another way to complete the outstanding payment.,"Hi Customer 1015, your payment of ₹369.79 could not be completed. You can complete your payment using the secure payment link provided.",Local Fallback,Local Fallback
TXN10973,RecoverAI recommends a controlled retry because the failure is related to temporary bank error. The recovery score is 85/100 and the transaction has not exceeded the automatic retry limit.,"Hi Customer 1055, your payment of ₹840.18 could not be completed due to a temporary payment issue. Please try the payment again after a short while.",Local Fallback,Local Fallback
TXN10974,"RecoverAI stopped automatic recovery because the payment has already reached 3 unsuccessful attempts. Although the failure reason is temporary bank error, further automatic attempts are restricted to avoid repeated failures. The case is therefore escalated for operator review.","Payment recovery for ₹1,087.92 has been paused after multiple unsuccessful attempts. Our support team will review the case.",Local Fallback,Local Fallback
TXN10975,RecoverAI recommends a controlled retry because the failure is related to temporary bank error. The recovery score is 85/100 and the transaction has not exceeded the automatic retry limit.,"Hi Customer 1269, your payment of ₹24,542.33 could not be completed due to a temporary payment issue. Please try the payment again after a short while.",Local Fallback,Local Fallback
TXN10976,RecoverAI recommends a customer prompt because the payment requires customer attention. The customer can verify the payment details and attempt the transaction again.,"Hi Customer 1088, your payment of ₹1,648.03 needs your attention. Please verify your payment details and try again.",Local Fallback,Local Fallback
TXN10977,RecoverAI recommends a customer prompt because the payment requires customer attention. The customer can verify the payment details and attempt the transaction again.,"Hi Customer 1140, your payment of ₹6,921.10 needs your attention. Please verify your payment details and try again.",Local Fallback,Local Fallback
TXN10978,"RecoverAI stopped automatic recovery because the payment has already reached 4 unsuccessful attempts. Although the failure reason is temporary bank error, further automatic attempts are restricted to avoid repeated failures. The case is therefore escalated for operator review.","Payment recovery for ₹3,370.43 has been paused after multiple unsuccessful attempts. Our support team will review the case.",Local Fallback,Local Fallback
TXN10979,RecoverAI recommends a customer prompt because the payment requires customer attention. The customer can verify the payment details and attempt the transaction again.,"Hi Customer 1027, your payment of ₹5,120.14 needs your attention. Please verify your payment details and try again.",Local Fallback,Local Fallback
TXN10980,RecoverAI recommends a controlled retry because the failure is related to network error. The recovery score is 75/100 and the transaction has not exceeded the automatic retry limit.,"Hi Customer 1085, your payment of ₹25,942.64 could not be completed due to a temporary payment issue. Please try the payment again after a short while.",Local Fallback,Local Fallback
TXN10981,RecoverAI recommends a controlled retry because the failure is related to network error. The recovery score is 70/100 and the transaction has not exceeded the automatic retry limit.,"Hi Customer 1112, your payment of ₹44,126.92 could not be completed due to a temporary payment issue. Please try the payment again after a short while.",Local Fallback,Local Fallback
TXN10982,RecoverAI recommends a customer prompt because the payment requires customer attention. The customer can verify the payment details and attempt the transaction again.,"Hi Customer 1019, your payment of ₹32,853.58 needs your attention. Please verify your payment details and try again.",Local Fallback,Local Fallback
TXN10983,RecoverAI recommends a payment link because the failure is related to insufficient funds. This gives the customer another way to complete the outstanding payment.,"Hi Customer 1073, your payment of ₹501.82 could not be completed. You can complete your payment using the secure payment link provided.",Local Fallback,Local Fallback
TXN10984,"RecoverAI stopped automatic recovery because the payment has already reached 3 unsuccessful attempts. Although the failure reason is authentication failure, further automatic attempts are restricted to avoid repeated failures. The case is therefore escalated for operator review.","Payment recovery for ₹2,091.11 has been paused after multiple unsuccessful attempts. Our support team will review the case.",Local Fallback,Local Fallback
TXN10985,"RecoverAI stopped automatic recovery because the payment has already reached 4 unsuccessful attempts. Although the failure reason is insufficient funds, further automatic attempts are restricted to avoid repeated failures. The case is therefore escalated for operator review.",Payment recovery for ₹811.69 has been paused after multiple unsuccessful attempts. Our support team will review the case.,Local Fallback,Local Fallback
TXN10986,RecoverAI recommends a payment link because the failure is related to insufficient funds. This gives the customer another way to complete the outstanding payment.,"Hi Customer 1160, your payment of ₹7,516.92 could not be completed. You can complete your payment using the secure payment link provided.",Local Fallback,Local Fallback
TXN10987,"RecoverAI stopped automatic recovery because the payment has already reached 3 unsuccessful attempts. Although the failure reason is temporary bank error, further automatic attempts are restricted to avoid repeated failures. The case is therefore escalated for operator review.",Payment recovery for ₹714.99 has been paused after multiple unsuccessful attempts. Our support team will review the case.,Local Fallback,Local Fallback
TXN10988,RecoverAI recommends a customer prompt because the payment requires customer attention. The customer can verify the payment details and attempt the transaction again.,"Hi Customer 1165, your payment of ₹41,791.91 needs your attention. Please verify your payment details and try again.",Local Fallback,Local Fallback
TXN10989,"RecoverAI stopped automatic recovery because the payment has already reached 4 unsuccessful attempts. Although the failure reason is card expired, further automatic attempts are restricted to avoid repeated failures. The case is therefore escalated for operator review.","Payment recovery for ₹3,000.50 has been paused after multiple unsuccessful attempts. Our support team will review the case.",Local Fallback,Local Fallback
TXN10990,"RecoverAI stopped automatic recovery because the payment has already reached 4 unsuccessful attempts. Although the failure reason is insufficient funds, further automatic attempts are restricted to avoid repeated failures. The case is therefore escalated for operator review.","Payment recovery for ₹7,885.01 has been paused after multiple unsuccessful attempts. Our support team will review the case.",Local Fallback,Local Fallback
TXN10991,RecoverAI recommends a controlled retry because the failure is related to temporary bank error. The recovery score is 75/100 and the transaction has not exceeded the automatic retry limit.,"Hi Customer 1080, your payment of ₹5,458.42 could not be completed due to a temporary payment issue. Please try the payment again after a short while.",Local Fallback,Local Fallback
TXN10992,"RecoverAI stopped automatic recovery because the payment has already reached 4 unsuccessful attempts. Although the failure reason is unknown, further automatic attempts are restricted to avoid repeated failures. The case is therefore escalated for operator review.","Payment recovery for ₹9,532.12 has been paused after multiple unsuccessful attempts. Our support team will review the case.",Local Fallback,Local Fallback
TXN10993,"RecoverAI stopped automatic recovery because the payment has already reached 3 unsuccessful attempts. Although the failure reason is card expired, further automatic attempts are restricted to avoid repeated failures. The case is therefore escalated for operator review.","Payment recovery for ₹21,044.75 has been paused after multiple unsuccessful attempts. Our support team will review the case.",Local Fallback,Local Fallback
TXN10994,"RecoverAI stopped automatic recovery because the payment has already reached 4 unsuccessful attempts. Although the failure reason is insufficient funds, further automatic attempts are restricted to avoid repeated failures. The case is therefore escalated for operator review.","Payment recovery for ₹40,531.41 has been paused after multiple unsuccessful attempts. Our support team will review the case.",Local Fallback,Local Fallback
TXN10995,"RecoverAI stopped automatic recovery because the payment has already reached 4 unsuccessful attempts. Although the failure reason is authentication failure, further automatic attempts are restricted to avoid repeated failures. The case is therefore escalated for operator review.","Payment recovery for ₹7,868.24 has been paused after multiple unsuccessful attempts. Our support team will review the case.",Local Fallback,Local Fallback
TXN10996,RecoverAI recommends a customer prompt because the payment requires customer attention. The customer can verify the payment details and attempt the transaction again.,"Hi Customer 1098, your payment of ₹1,771.88 needs your attention. Please verify your payment details and try again.",Local Fallback,Local Fallback
TXN10997,RecoverAI recommends a controlled retry because the failure is related to temporary bank error. The recovery score is 70/100 and the transaction has not exceeded the automatic retry limit.,"Hi Customer 1092, your payment of ₹423.53 could not be completed due to a temporary payment issue. Please try the payment again after a short while.",Local Fallback,Local Fallback
TXN10998,"RecoverAI stopped automatic recovery because the payment has already reached 3 unsuccessful attempts. Although the failure reason is insufficient funds, further automatic attempts are restricted to avoid repeated failures. The case is therefore escalated for operator review.","Payment recovery for ₹11,672.86 has been paused after multiple unsuccessful attempts. Our support team will review the case.",Local Fallback,Local Fallback
TXN10999,"RecoverAI stopped automatic recovery because the payment has already reached 3 unsuccessful attempts. Although the failure reason is insufficient funds, further automatic attempts are restricted to avoid repeated failures. The case is therefore escalated for operator review.",Payment recovery for ₹914.91 has been paused after multiple unsuccessful attempts. Our support team will review the case.,Local Fallback,Local Fallback
