timestamp,transaction_id,customer_id,amount_at_risk,failure_reason,attempts,customer_type,recovery_score,recovery_risk,priority_score,priority,recommended_action,recovery_status,recovered_amount,customer_message,audit_status
2026-08-27T21:42:54,TXN10000,CUST1099,873.17,TEMPORARY_BANK_ERROR,3,RETURNING,35,LOW,30,LOW,STOP_AND_ESCALATE,ESCALATED,0.0,Payment recovery for ₹873.17 has been paused after multiple unsuccessful attempts. Our support team will review the case.,RECORDED
2026-08-27T21:42:54,TXN10001,CUST1048,7206.46,AUTHENTICATION_FAILURE,2,NEW,40,MEDIUM,45,MEDIUM,CUSTOMER_PROMPT,FAILED,0.0,"Hi Customer 1048, your payment of ₹7,206.46 needs your attention. Please verify your payment details and try again.",RECORDED
2026-08-27T21:42:54,TXN10002,CUST1130,11866.63,AUTHENTICATION_FAILURE,4,RETURNING,35,LOW,60,MEDIUM,STOP_AND_ESCALATE,ESCALATED,0.0,"Payment recovery for ₹11,866.63 has been paused after multiple unsuccessful attempts. Our support team will review the case.",RECORDED
2026-08-27T21:42:54,TXN10003,CUST1091,7441.78,CARD_EXPIRED,1,LOYAL,60,MEDIUM,60,MEDIUM,CUSTOMER_PROMPT,RECOVERED,7441.78,"Hi Customer 1091, your payment of ₹7,441.78 needs your attention. Please verify your payment details and try again.",RECORDED
2026-08-27T21:42:54,TXN10004,CUST1053,29807.08,INSUFFICIENT_FUNDS,4,NEW,25,LOW,60,MEDIUM,STOP_AND_ESCALATE,ESCALATED,0.0,"Payment recovery for ₹29,807.08 has been paused after multiple unsuccessful attempts. Our support team will review the case.",RECORDED
2026-08-27T21:42:54,TXN10005,CUST1214,3478.65,CARD_EXPIRED,2,RETURNING,35,LOW,35,LOW,CUSTOMER_PROMPT,RECOVERED,3478.65,"Hi Customer 1214, your payment of ₹3,478.65 needs your attention. Please verify your payment details and try again.",RECORDED
2026-08-27T21:42:54,TXN10006,CUST1040,1136.5,AUTHENTICATION_FAILURE,1,RETURNING,45,MEDIUM,40,MEDIUM,CUSTOMER_PROMPT,RECOVERED,1136.5,"Hi Customer 1040, your payment of ₹1,136.50 needs your attention. Please verify your payment details and try again.",RECORDED
2026-08-27T21:42:54,TXN10007,CUST1162,732.29,INSUFFICIENT_FUNDS,3,RETURNING,20,LOW,30,LOW,STOP_AND_ESCALATE,ESCALATED,0.0,Payment recovery for ₹732.29 has been paused after multiple unsuccessful attempts. Our support team will review the case.,RECORDED
2026-08-27T21:42:54,TXN10008,CUST1061,6847.07,CARD_EXPIRED,4,NEW,20,LOW,50,MEDIUM,STOP_AND_ESCALATE,ESCALATED,0.0,"Payment recovery for ₹6,847.07 has been paused after multiple unsuccessful attempts. Our support team will review the case.",RECORDED
2026-08-27T21:42:54,TXN10009,CUST1217,35502.3,TEMPORARY_BANK_ERROR,2,RETURNING,85,HIGH,90,HIGH,RETRY,FAILED,0.0,"Hi Customer 1217, your payment of ₹35,502.30 could not be completed due to a temporary payment issue. Please try the payment again after a short while.",RECORDED
2026-08-27T21:42:54,TXN10010,CUST1240,11617.34,INSUFFICIENT_FUNDS,3,RETURNING,20,LOW,55,MEDIUM,STOP_AND_ESCALATE,ESCALATED,0.0,"Payment recovery for ₹11,617.34 has been paused after multiple unsuccessful attempts. Our support team will review the case.",RECORDED
2026-08-27T21:42:54,TXN10011,CUST1186,46302.66,NETWORK_ERROR,4,RETURNING,45,MEDIUM,70,HIGH,STOP_AND_ESCALATE,ESCALATED,0.0,"Payment recovery for ₹46,302.66 has been paused after multiple unsuccessful attempts. Our support team will review the case.",RECORDED
2026-08-27T21:42:54,TXN10012,CUST1127,9042.86,INSUFFICIENT_FUNDS,4,RETURNING,20,LOW,45,MEDIUM,STOP_AND_ESCALATE,ESCALATED,0.0,"Payment recovery for ₹9,042.86 has been paused after multiple unsuccessful attempts. Our support team will review the case.",RECORDED
2026-08-27T21:42:54,TXN10013,CUST1197,1652.39,INSUFFICIENT_FUNDS,4,RETURNING,15,LOW,30,LOW,STOP_AND_ESCALATE,ESCALATED,0.0,"Payment recovery for ₹1,652.39 has been paused after multiple unsuccessful attempts. Our support team will review the case.",RECORDED
2026-08-27T21:42:54,TXN10014,CUST1112,18884.31,UNKNOWN,2,RETURNING,70,HIGH,70,HIGH,REMINDER,FAILED,0.0,"Hi Customer 1112, this is a reminder regarding your pending payment of ₹18,884.31. Please complete the payment at your convenience.",RECORDED
2026-08-27T21:42:54,TXN10015,CUST1001,19875.04,TEMPORARY_BANK_ERROR,4,RETURNING,60,MEDIUM,75,HIGH,STOP_AND_ESCALATE,ESCALATED,0.0,"Payment recovery for ₹19,875.04 has been paused after multiple unsuccessful attempts. Our support team will review the case.",RECORDED
2026-08-27T21:42:54,TXN10016,CUST1246,1103.82,TEMPORARY_BANK_ERROR,4,RETURNING,40,MEDIUM,40,MEDIUM,STOP_AND_ESCALATE,ESCALATED,0.0,"Payment recovery for ₹1,103.82 has been paused after multiple unsuccessful attempts. Our support team will review the case.",RECORDED
2026-08-27T21:42:54,TXN10017,CUST1239,19505.5,NETWORK_ERROR,2,LOYAL,100,HIGH,80,HIGH,RETRY,FAILED,0.0,"Hi Customer 1239, your payment of ₹19,505.50 could not be completed due to a temporary payment issue. Please try the payment again after a short while.",RECORDED
2026-08-27T21:42:54,TXN10018,CUST1198,1636.02,TEMPORARY_BANK_ERROR,3,LOYAL,55,MEDIUM,50,MEDIUM,STOP_AND_ESCALATE,ESCALATED,0.0,"Payment recovery for ₹1,636.02 has been paused after multiple unsuccessful attempts. Our support team will review the case.",RECORDED
2026-08-27T21:42:54,TXN10019,CUST1297,7526.81,INSUFFICIENT_FUNDS,1,LOYAL,85,HIGH,80,HIGH,PAYMENT_LINK,RECOVERED,7526.81,"Hi Customer 1297, your payment of ₹7,526.81 could not be completed. You can complete your payment using the secure payment link provided.",RECORDED
2026-08-27T21:42:54,TXN10020,CUST1036,663.29,TEMPORARY_BANK_ERROR,4,RETURNING,35,LOW,30,LOW,STOP_AND_ESCALATE,ESCALATED,0.0,Payment recovery for ₹663.29 has been paused after multiple unsuccessful attempts. Our support team will review the case.,RECORDED
2026-08-27T21:42:54,TXN10021,CUST1115,21154.85,CARD_EXPIRED,2,RETURNING,55,MEDIUM,65,MEDIUM,CUSTOMER_PROMPT,RECOVERED,21154.85,"Hi Customer 1115, your payment of ₹21,154.85 needs your attention. Please verify your payment details and try again.",RECORDED
2026-08-27T21:42:54,TXN10022,CUST1193,3292.87,UNKNOWN,1,NEW,40,MEDIUM,30,LOW,REMINDER,RECOVERED,3292.87,"Hi Customer 1193, this is a reminder regarding your pending payment of ₹3,292.87. Please complete the payment at your convenience.",RECORDED
2026-08-27T21:42:54,TXN10023,CUST1134,1444.41,INSUFFICIENT_FUNDS,4,NEW,20,LOW,30,LOW,STOP_AND_ESCALATE,ESCALATED,0.0,"Payment recovery for ₹1,444.41 has been paused after multiple unsuccessful attempts. Our support team will review the case.",RECORDED
2026-08-27T21:42:54,TXN10024,CUST1050,31701.61,INSUFFICIENT_FUNDS,2,RETURNING,65,MEDIUM,75,HIGH,PAYMENT_LINK,RECOVERED,31701.61,"Hi Customer 1050, your payment of ₹31,701.61 could not be completed. You can complete your payment using the secure payment link provided.",RECORDED
2026-08-27T21:42:54,TXN10025,CUST1146,7048.48,AUTHENTICATION_FAILURE,1,RETURNING,45,MEDIUM,50,MEDIUM,CUSTOMER_PROMPT,FAILED,0.0,"Hi Customer 1146, your payment of ₹7,048.48 needs your attention. Please verify your payment details and try again.",RECORDED
2026-08-27T21:42:54,TXN10026,CUST1180,8147.66,CARD_EXPIRED,4,LOYAL,30,LOW,55,MEDIUM,STOP_AND_ESCALATE,ESCALATED,0.0,"Payment recovery for ₹8,147.66 has been paused after multiple unsuccessful attempts. Our support team will review the case.",RECORDED
2026-08-27T21:42:54,TXN10027,CUST1222,1229.13,INSUFFICIENT_FUNDS,3,RETURNING,40,MEDIUM,55,MEDIUM,STOP_AND_ESCALATE,ESCALATED,0.0,"Payment recovery for ₹1,229.13 has been paused after multiple unsuccessful attempts. Our support team will review the case.",RECORDED
2026-08-27T21:42:54,TXN10028,CUST1272,9439.2,INSUFFICIENT_FUNDS,3,RETURNING,20,LOW,45,MEDIUM,STOP_AND_ESCALATE,ESCALATED,0.0,"Payment recovery for ₹9,439.20 has been paused after multiple unsuccessful attempts. Our support team will review the case.",RECORDED
2026-08-27T21:42:54,TXN10029,CUST1035,38356.44,INSUFFICIENT_FUNDS,2,RETURNING,50,MEDIUM,70,HIGH,PAYMENT_LINK,RECOVERED,38356.44,"Hi Customer 1035, your payment of ₹38,356.44 could not be completed. You can complete your payment using the secure payment link provided.",RECORDED
2026-08-27T21:42:54,TXN10030,CUST1050,7199.06,INSUFFICIENT_FUNDS,2,LOYAL,75,HIGH,70,HIGH,PAYMENT_LINK,RECOVERED,7199.06,"Hi Customer 1050, your payment of ₹7,199.06 could not be completed. You can complete your payment using the secure payment link provided.",RECORDED
2026-08-27T21:42:54,TXN10031,CUST1100,6340.61,TEMPORARY_BANK_ERROR,2,LOYAL,80,HIGH,65,MEDIUM,RETRY,FAILED,0.0,"Hi Customer 1100, your payment of ₹6,340.61 could not be completed due to a temporary payment issue. Please try the payment again after a short while.",RECORDED
2026-08-27T21:42:54,TXN10032,CUST1143,1139.04,TEMPORARY_BANK_ERROR,4,RETURNING,40,MEDIUM,40,MEDIUM,STOP_AND_ESCALATE,ESCALATED,0.0,"Payment recovery for ₹1,139.04 has been paused after multiple unsuccessful attempts. Our support team will review the case.",RECORDED
2026-08-27T21:42:54,TXN10033,CUST1116,1955.53,INSUFFICIENT_FUNDS,3,RETURNING,15,LOW,30,LOW,STOP_AND_ESCALATE,ESCALATED,0.0,"Payment recovery for ₹1,955.53 has been paused after multiple unsuccessful attempts. Our support team will review the case.",RECORDED
2026-08-27T21:42:54,TXN10034,CUST1088,344.57,INSUFFICIENT_FUNDS,4,NEW,5,LOW,15,LOW,STOP_AND_ESCALATE,ESCALATED,0.0,Payment recovery for ₹344.57 has been paused after multiple unsuccessful attempts. Our support team will review the case.,RECORDED
2026-08-27T21:42:54,TXN10035,CUST1143,48194.61,AUTHENTICATION_FAILURE,3,RETURNING,40,MEDIUM,85,HIGH,STOP_AND_ESCALATE,ESCALATED,0.0,"Payment recovery for ₹48,194.61 has been paused after multiple unsuccessful attempts. Our support team will review the case.",RECORDED
2026-08-27T21:42:54,TXN10036,CUST1217,484.56,CARD_EXPIRED,4,NEW,15,LOW,20,LOW,STOP_AND_ESCALATE,ESCALATED,0.0,Payment recovery for ₹484.56 has been paused after multiple unsuccessful attempts. Our support team will review the case.,RECORDED
2026-08-27T21:42:54,TXN10037,CUST1179,8454.5,TEMPORARY_BANK_ERROR,2,RETURNING,80,HIGH,60,MEDIUM,RETRY,RECOVERED,8454.5,"Hi Customer 1179, your payment of ₹8,454.50 could not be completed due to a temporary payment issue. Please try the payment again after a short while.",RECORDED
2026-08-27T21:42:54,TXN10038,CUST1159,873.3,TEMPORARY_BANK_ERROR,4,RETURNING,55,MEDIUM,40,MEDIUM,STOP_AND_ESCALATE,ESCALATED,0.0,Payment recovery for ₹873.30 has been paused after multiple unsuccessful attempts. Our support team will review the case.,RECORDED
2026-08-27T21:42:54,TXN10039,CUST1167,1891.41,CARD_EXPIRED,4,RETURNING,30,LOW,50,MEDIUM,STOP_AND_ESCALATE,ESCALATED,0.0,"Payment recovery for ₹1,891.41 has been paused after multiple unsuccessful attempts. Our support team will review the case.",RECORDED
2026-08-27T21:42:54,TXN10040,CUST1263,12774.45,TEMPORARY_BANK_ERROR,3,RETURNING,60,MEDIUM,65,MEDIUM,STOP_AND_ESCALATE,ESCALATED,0.0,"Payment recovery for ₹12,774.45 has been paused after multiple unsuccessful attempts. Our support team will review the case.",RECORDED
2026-08-27T21:42:54,TXN10041,CUST1216,23624.98,NETWORK_ERROR,2,RETURNING,70,HIGH,65,MEDIUM,RETRY,RECOVERED,23624.98,"Hi Customer 1216, your payment of ₹23,624.98 could not be completed due to a temporary payment issue. Please try the payment again after a short while.",RECORDED
2026-08-27T21:42:54,TXN10042,CUST1095,1645.27,UNKNOWN,4,RETURNING,35,LOW,40,MEDIUM,STOP_AND_ESCALATE,ESCALATED,0.0,"Payment recovery for ₹1,645.27 has been paused after multiple unsuccessful attempts. Our support team will review the case.",RECORDED
2026-08-27T21:42:54,TXN10043,CUST1061,812.45,NETWORK_ERROR,1,RETURNING,70,HIGH,40,MEDIUM,RETRY,RECOVERED,812.45,"Hi Customer 1061, your payment of ₹812.45 could not be completed due to a temporary payment issue. Please try the payment again after a short while.",RECORDED
2026-08-27T21:42:54,TXN10044,CUST1283,21905.41,UNKNOWN,3,RETURNING,30,LOW,55,MEDIUM,STOP_AND_ESCALATE,ESCALATED,0.0,"Payment recovery for ₹21,905.41 has been paused after multiple unsuccessful attempts. Our support team will review the case.",RECORDED
2026-08-27T21:42:54,TXN10045,CUST1052,32937.52,INSUFFICIENT_FUNDS,1,NEW,55,MEDIUM,65,MEDIUM,PAYMENT_LINK,FAILED,0.0,"Hi Customer 1052, your payment of ₹32,937.52 could not be completed. You can complete your payment using the secure payment link provided.",RECORDED
2026-08-27T21:42:54,TXN10046,CUST1234,8316.16,AUTHENTICATION_FAILURE,1,LOYAL,80,HIGH,80,HIGH,CUSTOMER_PROMPT,RECOVERED,8316.16,"Hi Customer 1234, your payment of ₹8,316.16 needs your attention. Please verify your payment details and try again.",RECORDED
2026-08-27T21:42:54,TXN10047,CUST1282,9748.25,CARD_EXPIRED,2,RETURNING,40,MEDIUM,50,MEDIUM,CUSTOMER_PROMPT,FAILED,0.0,"Hi Customer 1282, your payment of ₹9,748.25 needs your attention. Please verify your payment details and try again.",RECORDED
2026-08-27T21:42:54,TXN10048,CUST1216,13393.51,INSUFFICIENT_FUNDS,4,RETURNING,45,MEDIUM,75,HIGH,STOP_AND_ESCALATE,ESCALATED,0.0,"Payment recovery for ₹13,393.51 has been paused after multiple unsuccessful attempts. Our support team will review the case.",RECORDED
2026-08-27T21:42:54,TXN10049,CUST1125,38327.25,NETWORK_ERROR,2,RETURNING,70,HIGH,75,HIGH,RETRY,FAILED,0.0,"Hi Customer 1125, your payment of ₹38,327.25 could not be completed due to a temporary payment issue. Please try the payment again after a short while.",RECORDED
2026-08-27T21:42:54,TXN10050,CUST1189,2090.82,TEMPORARY_BANK_ERROR,1,RETURNING,85,HIGH,50,MEDIUM,RETRY,RECOVERED,2090.82,"Hi Customer 1189, your payment of ₹2,090.82 could not be completed due to a temporary payment issue. Please try the payment again after a short while.",RECORDED
2026-08-27T21:42:54,TXN10051,CUST1148,919.4,CARD_EXPIRED,1,NEW,30,LOW,20,LOW,CUSTOMER_PROMPT,RECOVERED,919.4,"Hi Customer 1148, your payment of ₹919.40 needs your attention. Please verify your payment details and try again.",RECORDED
2026-08-27T21:42:54,TXN10052,CUST1000,46764.63,AUTHENTICATION_FAILURE,1,RETURNING,65,MEDIUM,85,HIGH,CUSTOMER_PROMPT,FAILED,0.0,"Hi Customer 1000, your payment of ₹46,764.63 needs your attention. Please verify your payment details and try again.",RECORDED
2026-08-27T21:42:54,TXN10053,CUST1155,1328.6,UNKNOWN,4,LOYAL,55,MEDIUM,55,MEDIUM,STOP_AND_ESCALATE,ESCALATED,0.0,"Payment recovery for ₹1,328.60 has been paused after multiple unsuccessful attempts. Our support team will review the case.",RECORDED
2026-08-27T21:42:54,TXN10054,CUST1144,3357.27,UNKNOWN,4,NEW,10,LOW,20,LOW,STOP_AND_ESCALATE,ESCALATED,0.0,"Payment recovery for ₹3,357.27 has been paused after multiple unsuccessful attempts. Our support team will review the case.",RECORDED
2026-08-27T21:42:54,TXN10055,CUST1009,702.57,CARD_EXPIRED,2,NEW,45,MEDIUM,40,MEDIUM,CUSTOMER_PROMPT,RECOVERED,702.57,"Hi Customer 1009, your payment of ₹702.57 needs your attention. Please verify your payment details and try again.",RECORDED
2026-08-27T21:42:54,TXN10056,CUST1281,11808.75,CARD_EXPIRED,4,RETURNING,20,LOW,55,MEDIUM,STOP_AND_ESCALATE,ESCALATED,0.0,"Payment recovery for ₹11,808.75 has been paused after multiple unsuccessful attempts. Our support team will review the case.",RECORDED
2026-08-27T21:42:54,TXN10057,CUST1005,884.6,INSUFFICIENT_FUNDS,1,NEW,50,MEDIUM,30,LOW,PAYMENT_LINK,RECOVERED,884.6,"Hi Customer 1005, your payment of ₹884.60 could not be completed. You can complete your payment using the secure payment link provided.",RECORDED
2026-08-27T21:42:54,TXN10058,CUST1084,39996.43,NETWORK_ERROR,2,RETURNING,70,HIGH,75,HIGH,RETRY,RECOVERED,39996.43,"Hi Customer 1084, your payment of ₹39,996.43 could not be completed due to a temporary payment issue. Please try the payment again after a short while.",RECORDED
2026-08-27T21:42:54,TXN10059,CUST1071,1009.98,NETWORK_ERROR,4,NEW,45,MEDIUM,45,MEDIUM,STOP_AND_ESCALATE,ESCALATED,0.0,"Payment recovery for ₹1,009.98 has been paused after multiple unsuccessful attempts. Our support team will review the case.",RECORDED
2026-08-27T21:42:54,TXN10060,CUST1250,29048.43,CARD_EXPIRED,4,RETURNING,35,LOW,70,HIGH,STOP_AND_ESCALATE,ESCALATED,0.0,"Payment recovery for ₹29,048.43 has been paused after multiple unsuccessful attempts. Our support team will review the case.",RECORDED
2026-08-27T21:42:54,TXN10061,CUST1251,11151.31,NETWORK_ERROR,3,RETURNING,60,MEDIUM,65,MEDIUM,STOP_AND_ESCALATE,ESCALATED,0.0,"Payment recovery for ₹11,151.31 has been paused after multiple unsuccessful attempts. Our support team will review the case.",RECORDED
2026-08-27T21:42:54,TXN10062,CUST1029,35465.77,NETWORK_ERROR,1,RETURNING,90,HIGH,80,HIGH,RETRY,FAILED,0.0,"Hi Customer 1029, your payment of ₹35,465.77 could not be completed due to a temporary payment issue. Please try the payment again after a short while.",RECORDED
2026-08-27T21:42:54,TXN10063,CUST1261,8898.05,NETWORK_ERROR,4,LOYAL,70,HIGH,70,HIGH,STOP_AND_ESCALATE,ESCALATED,0.0,"Payment recovery for ₹8,898.05 has been paused after multiple unsuccessful attempts. Our support team will review the case.",RECORDED
2026-08-27T21:42:54,TXN10064,CUST1007,35336.03,INSUFFICIENT_FUNDS,4,NEW,10,LOW,50,MEDIUM,STOP_AND_ESCALATE,ESCALATED,0.0,"Payment recovery for ₹35,336.03 has been paused after multiple unsuccessful attempts. Our support team will review the case.",RECORDED
2026-08-27T21:42:54,TXN10065,CUST1004,26466.45,TEMPORARY_BANK_ERROR,2,RETURNING,90,HIGH,90,HIGH,RETRY,FAILED,0.0,"Hi Customer 1004, your payment of ₹26,466.45 could not be completed due to a temporary payment issue. Please try the payment again after a short while.",RECORDED
2026-08-27T21:42:54,TXN10066,CUST1217,4780.61,INSUFFICIENT_FUNDS,2,NEW,50,MEDIUM,45,MEDIUM,PAYMENT_LINK,FAILED,0.0,"Hi Customer 1217, your payment of ₹4,780.61 could not be completed. You can complete your payment using the secure payment link provided.",RECORDED
2026-08-27T21:42:54,TXN10067,CUST1291,1441.71,CARD_EXPIRED,3,RETURNING,15,LOW,30,LOW,STOP_AND_ESCALATE,ESCALATED,0.0,"Payment recovery for ₹1,441.71 has been paused after multiple unsuccessful attempts. Our support team will review the case.",RECORDED
2026-08-27T21:42:54,TXN10068,CUST1215,17380.84,AUTHENTICATION_FAILURE,2,RETURNING,45,MEDIUM,60,MEDIUM,CUSTOMER_PROMPT,FAILED,0.0,"Hi Customer 1215, your payment of ₹17,380.84 needs your attention. Please verify your payment details and try again.",RECORDED
2026-08-27T21:42:54,TXN10069,CUST1273,15909.56,CARD_EXPIRED,3,RETURNING,20,LOW,55,MEDIUM,STOP_AND_ESCALATE,ESCALATED,0.0,"Payment recovery for ₹15,909.56 has been paused after multiple unsuccessful attempts. Our support team will review the case.",RECORDED
2026-08-27T21:42:54,TXN10070,CUST1125,1004.34,TEMPORARY_BANK_ERROR,1,RETURNING,90,HIGH,60,MEDIUM,RETRY,RECOVERED,1004.34,"Hi Customer 1125, your payment of ₹1,004.34 could not be completed due to a temporary payment issue. Please try the payment again after a short while.",RECORDED
2026-08-27T21:42:54,TXN10071,CUST1110,9123.33,AUTHENTICATION_FAILURE,4,RETURNING,15,LOW,40,MEDIUM,STOP_AND_ESCALATE,ESCALATED,0.0,"Payment recovery for ₹9,123.33 has been paused after multiple unsuccessful attempts. Our support team will review the case.",RECORDED
2026-08-27T21:42:54,TXN10072,CUST1228,1540.79,NETWORK_ERROR,2,RETURNING,65,MEDIUM,40,MEDIUM,RETRY,FAILED,0.0,"Hi Customer 1228, your payment of ₹1,540.79 could not be completed due to a temporary payment issue. Please try the payment again after a short while.",RECORDED
2026-08-27T21:42:54,TXN10073,CUST1136,2060.27,TEMPORARY_BANK_ERROR,2,NEW,50,MEDIUM,30,LOW,RETRY,RECOVERED,2060.27,"Hi Customer 1136, your payment of ₹2,060.27 could not be completed due to a temporary payment issue. Please try the payment again after a short while.",RECORDED
2026-08-27T21:42:54,TXN10074,CUST1093,26415.87,UNKNOWN,4,LOYAL,45,MEDIUM,80,HIGH,STOP_AND_ESCALATE,ESCALATED,0.0,"Payment recovery for ₹26,415.87 has been paused after multiple unsuccessful attempts. Our support team will review the case.",RECORDED
2026-08-27T21:42:54,TXN10075,CUST1117,47175.04,INSUFFICIENT_FUNDS,4,RETURNING,35,LOW,70,HIGH,STOP_AND_ESCALATE,ESCALATED,0.0,"Payment recovery for ₹47,175.04 has been paused after multiple unsuccessful attempts. Our support team will review the case.",RECORDED
2026-08-27T21:42:54,TXN10076,CUST1258,39449.89,INSUFFICIENT_FUNDS,1,RETURNING,55,MEDIUM,70,HIGH,PAYMENT_LINK,FAILED,0.0,"Hi Customer 1258, your payment of ₹39,449.89 could not be completed. You can complete your payment using the secure payment link provided.",RECORDED
2026-08-27T21:42:54,TXN10077,CUST1100,15376.59,INSUFFICIENT_FUNDS,2,RETURNING,60,MEDIUM,65,MEDIUM,PAYMENT_LINK,FAILED,0.0,"Hi Customer 1100, your payment of ₹15,376.59 could not be completed. You can complete your payment using the secure payment link provided.",RECORDED
2026-08-27T21:42:54,TXN10078,CUST1136,2933.45,TEMPORARY_BANK_ERROR,1,RETURNING,70,HIGH,45,MEDIUM,RETRY,FAILED,0.0,"Hi Customer 1136, your payment of ₹2,933.45 could not be completed due to a temporary payment issue. Please try the payment again after a short while.",RECORDED
2026-08-27T21:42:54,TXN10079,CUST1285,5033.45,TEMPORARY_BANK_ERROR,1,NEW,70,HIGH,50,MEDIUM,RETRY,FAILED,0.0,"Hi Customer 1285, your payment of ₹5,033.45 could not be completed due to a temporary payment issue. Please try the payment again after a short while.",RECORDED
2026-08-27T21:42:54,TXN10080,CUST1294,3491.05,INSUFFICIENT_FUNDS,2,RETURNING,45,MEDIUM,40,MEDIUM,PAYMENT_LINK,FAILED,0.0,"Hi Customer 1294, your payment of ₹3,491.05 could not be completed. You can complete your payment using the secure payment link provided.",RECORDED
2026-08-27T21:42:54,TXN10081,CUST1103,1483.81,AUTHENTICATION_FAILURE,1,RETURNING,65,MEDIUM,55,MEDIUM,CUSTOMER_PROMPT,FAILED,0.0,"Hi Customer 1103, your payment of ₹1,483.81 needs your attention. Please verify your payment details and try again.",RECORDED
2026-08-27T21:42:54,TXN10082,CUST1288,27261.13,NETWORK_ERROR,4,RETURNING,45,MEDIUM,70,HIGH,STOP_AND_ESCALATE,ESCALATED,0.0,"Payment recovery for ₹27,261.13 has been paused after multiple unsuccessful attempts. Our support team will review the case.",RECORDED
2026-08-27T21:42:54,TXN10083,CUST1085,9150.25,TEMPORARY_BANK_ERROR,3,RETURNING,60,MEDIUM,65,MEDIUM,STOP_AND_ESCALATE,ESCALATED,0.0,"Payment recovery for ₹9,150.25 has been paused after multiple unsuccessful attempts. Our support team will review the case.",RECORDED
2026-08-27T21:42:54,TXN10084,CUST1156,5951.36,CARD_EXPIRED,4,LOYAL,45,MEDIUM,65,MEDIUM,STOP_AND_ESCALATE,ESCALATED,0.0,"Payment recovery for ₹5,951.36 has been paused after multiple unsuccessful attempts. Our support team will review the case.",RECORDED
2026-08-27T21:42:54,TXN10085,CUST1282,1170.75,AUTHENTICATION_FAILURE,4,RETURNING,30,LOW,40,MEDIUM,STOP_AND_ESCALATE,ESCALATED,0.0,"Payment recovery for ₹1,170.75 has been paused after multiple unsuccessful attempts. Our support team will review the case.",RECORDED
2026-08-27T21:42:54,TXN10086,CUST1140,3452.6,INSUFFICIENT_FUNDS,2,NEW,30,LOW,25,LOW,PAYMENT_LINK,RECOVERED,3452.6,"Hi Customer 1140, your payment of ₹3,452.60 could not be completed. You can complete your payment using the secure payment link provided.",RECORDED
2026-08-27T21:42:54,TXN10087,CUST1126,20240.62,UNKNOWN,1,LOYAL,90,HIGH,80,HIGH,REMINDER,RECOVERED,20240.62,"Hi Customer 1126, this is a reminder regarding your pending payment of ₹20,240.62. Please complete the payment at your convenience.",RECORDED
2026-08-27T21:42:54,TXN10088,CUST1100,6609.73,UNKNOWN,2,NEW,35,LOW,35,LOW,REMINDER,RECOVERED,6609.73,"Hi Customer 1100, this is a reminder regarding your pending payment of ₹6,609.73. Please complete the payment at your convenience.",RECORDED
2026-08-27T21:42:54,TXN10089,CUST1136,1971.71,AUTHENTICATION_FAILURE,4,RETURNING,15,LOW,30,LOW,STOP_AND_ESCALATE,ESCALATED,0.0,"Payment recovery for ₹1,971.71 has been paused after multiple unsuccessful attempts. Our support team will review the case.",RECORDED
2026-08-27T21:42:54,TXN10090,CUST1016,34148.86,CARD_EXPIRED,2,RETURNING,60,MEDIUM,85,HIGH,CUSTOMER_PROMPT,RECOVERED,34148.86,"Hi Customer 1016, your payment of ₹34,148.86 needs your attention. Please verify your payment details and try again.",RECORDED
2026-08-27T21:42:54,TXN10091,CUST1284,2262.74,TEMPORARY_BANK_ERROR,1,NEW,70,HIGH,40,MEDIUM,RETRY,RECOVERED,2262.74,"Hi Customer 1284, your payment of ₹2,262.74 could not be completed due to a temporary payment issue. Please try the payment again after a short while.",RECORDED
2026-08-27T21:42:54,TXN10092,CUST1062,1244.06,UNKNOWN,1,RETURNING,65,MEDIUM,45,MEDIUM,REMINDER,RECOVERED,1244.06,"Hi Customer 1062, this is a reminder regarding your pending payment of ₹1,244.06. Please complete the payment at your convenience.",RECORDED
2026-08-27T21:42:54,TXN10093,CUST1284,1993.37,TEMPORARY_BANK_ERROR,3,RETURNING,35,LOW,35,LOW,STOP_AND_ESCALATE,ESCALATED,0.0,"Payment recovery for ₹1,993.37 has been paused after multiple unsuccessful attempts. Our support team will review the case.",RECORDED
2026-08-27T21:42:54,TXN10094,CUST1112,43462.59,NETWORK_ERROR,2,NEW,75,HIGH,80,HIGH,RETRY,RECOVERED,43462.59,"Hi Customer 1112, your payment of ₹43,462.59 could not be completed due to a temporary payment issue. Please try the payment again after a short while.",RECORDED
2026-08-27T21:42:54,TXN10095,CUST1161,920.37,UNKNOWN,4,RETURNING,25,LOW,30,LOW,STOP_AND_ESCALATE,ESCALATED,0.0,Payment recovery for ₹920.37 has been paused after multiple unsuccessful attempts. Our support team will review the case.,RECORDED
2026-08-27T21:42:54,TXN10096,CUST1254,2203.07,TEMPORARY_BANK_ERROR,3,LOYAL,75,HIGH,70,HIGH,STOP_AND_ESCALATE,ESCALATED,0.0,"Payment recovery for ₹2,203.07 has been paused after multiple unsuccessful attempts. Our support team will review the case.",RECORDED
2026-08-27T21:42:54,TXN10097,CUST1119,41996.64,NETWORK_ERROR,3,LOYAL,75,HIGH,90,HIGH,STOP_AND_ESCALATE,ESCALATED,0.0,"Payment recovery for ₹41,996.64 has been paused after multiple unsuccessful attempts. Our support team will review the case.",RECORDED
2026-08-27T21:42:54,TXN10098,CUST1160,9700.23,INSUFFICIENT_FUNDS,2,NEW,45,MEDIUM,45,MEDIUM,PAYMENT_LINK,FAILED,0.0,"Hi Customer 1160, your payment of ₹9,700.23 could not be completed. You can complete your payment using the secure payment link provided.",RECORDED
2026-08-27T21:42:54,TXN10099,CUST1194,573.2,UNKNOWN,1,RETURNING,65,MEDIUM,40,MEDIUM,REMINDER,FAILED,0.0,"Hi Customer 1194, this is a reminder regarding your pending payment of ₹573.20. Please complete the payment at your convenience.",RECORDED
2026-08-27T21:42:54,TXN10100,CUST1279,4144.24,INSUFFICIENT_FUNDS,4,RETURNING,35,LOW,50,MEDIUM,STOP_AND_ESCALATE,ESCALATED,0.0,"Payment recovery for ₹4,144.24 has been paused after multiple unsuccessful attempts. Our support team will review the case.",RECORDED
2026-08-27T21:42:54,TXN10101,CUST1236,49414.69,AUTHENTICATION_FAILURE,1,RETURNING,45,MEDIUM,70,HIGH,CUSTOMER_PROMPT,RECOVERED,49414.69,"Hi Customer 1236, your payment of ₹49,414.69 needs your attention. Please verify your payment details and try again.",RECORDED
2026-08-27T21:42:54,TXN10102,CUST1127,3743.97,NETWORK_ERROR,1,LOYAL,85,HIGH,55,MEDIUM,RETRY,RECOVERED,3743.97,"Hi Customer 1127, your payment of ₹3,743.97 could not be completed due to a temporary payment issue. Please try the payment again after a short while.",RECORDED
2026-08-27T21:42:54,TXN10103,CUST1026,410.95,CARD_EXPIRED,3,RETURNING,30,LOW,35,LOW,STOP_AND_ESCALATE,ESCALATED,0.0,Payment recovery for ₹410.95 has been paused after multiple unsuccessful attempts. Our support team will review the case.,RECORDED
2026-08-27T21:42:54,TXN10104,CUST1189,1819.03,AUTHENTICATION_FAILURE,1,RETURNING,45,MEDIUM,40,MEDIUM,CUSTOMER_PROMPT,RECOVERED,1819.03,"Hi Customer 1189, your payment of ₹1,819.03 needs your attention. Please verify your payment details and try again.",RECORDED
2026-08-27T21:42:54,TXN10105,CUST1295,16651.33,AUTHENTICATION_FAILURE,2,NEW,30,LOW,45,MEDIUM,CUSTOMER_PROMPT,FAILED,0.0,"Hi Customer 1295, your payment of ₹16,651.33 needs your attention. Please verify your payment details and try again.",RECORDED
2026-08-27T21:42:54,TXN10106,CUST1249,38861.31,UNKNOWN,2,LOYAL,85,HIGH,90,HIGH,REMINDER,FAILED,0.0,"Hi Customer 1249, this is a reminder regarding your pending payment of ₹38,861.31. Please complete the payment at your convenience.",RECORDED
2026-08-27T21:42:54,TXN10107,CUST1072,33803.12,TEMPORARY_BANK_ERROR,1,LOYAL,90,HIGH,85,HIGH,RETRY,FAILED,0.0,"Hi Customer 1072, your payment of ₹33,803.12 could not be completed due to a temporary payment issue. Please try the payment again after a short while.",RECORDED
2026-08-27T21:42:54,TXN10108,CUST1171,29819.65,TEMPORARY_BANK_ERROR,3,RETURNING,60,MEDIUM,85,HIGH,STOP_AND_ESCALATE,ESCALATED,0.0,"Payment recovery for ₹29,819.65 has been paused after multiple unsuccessful attempts. Our support team will review the case.",RECORDED
2026-08-27T21:42:54,TXN10109,CUST1011,1940.86,UNKNOWN,1,NEW,40,MEDIUM,30,LOW,REMINDER,RECOVERED,1940.86,"Hi Customer 1011, this is a reminder regarding your pending payment of ₹1,940.86. Please complete the payment at your convenience.",RECORDED
2026-08-27T21:42:54,TXN10110,CUST1088,1174.42,NETWORK_ERROR,2,RETURNING,80,HIGH,50,MEDIUM,RETRY,FAILED,0.0,"Hi Customer 1088, your payment of ₹1,174.42 could not be completed due to a temporary payment issue. Please try the payment again after a short while.",RECORDED
2026-08-27T21:42:54,TXN10111,CUST1085,7544.71,AUTHENTICATION_FAILURE,1,NEW,45,MEDIUM,45,MEDIUM,CUSTOMER_PROMPT,RECOVERED,7544.71,"Hi Customer 1085, your payment of ₹7,544.71 needs your attention. Please verify your payment details and try again.",RECORDED
2026-08-27T21:42:54,TXN10112,CUST1102,1846.88,INSUFFICIENT_FUNDS,1,NEW,55,MEDIUM,45,MEDIUM,PAYMENT_LINK,RECOVERED,1846.88,"Hi Customer 1102, your payment of ₹1,846.88 could not be completed. You can complete your payment using the secure payment link provided.",RECORDED
2026-08-27T21:42:54,TXN10113,CUST1038,265.61,AUTHENTICATION_FAILURE,2,NEW,40,MEDIUM,30,LOW,CUSTOMER_PROMPT,FAILED,0.0,"Hi Customer 1038, your payment of ₹265.61 needs your attention. Please verify your payment details and try again.",RECORDED
2026-08-27T21:42:54,TXN10114,CUST1226,766.52,CARD_EXPIRED,2,RETURNING,35,LOW,30,LOW,CUSTOMER_PROMPT,FAILED,0.0,"Hi Customer 1226, your payment of ₹766.52 needs your attention. Please verify your payment details and try again.",RECORDED
2026-08-27T21:42:54,TXN10115,CUST1244,1765.18,NETWORK_ERROR,3,RETURNING,40,MEDIUM,40,MEDIUM,STOP_AND_ESCALATE,ESCALATED,0.0,"Payment recovery for ₹1,765.18 has been paused after multiple unsuccessful attempts. Our support team will review the case.",RECORDED
2026-08-27T21:42:54,TXN10116,CUST1176,1062.61,INSUFFICIENT_FUNDS,4,RETURNING,30,LOW,40,MEDIUM,STOP_AND_ESCALATE,ESCALATED,0.0,"Payment recovery for ₹1,062.61 has been paused after multiple unsuccessful attempts. Our support team will review the case.",RECORDED
2026-08-27T21:42:54,TXN10117,CUST1139,4836.62,INSUFFICIENT_FUNDS,1,NEW,35,LOW,25,LOW,PAYMENT_LINK,FAILED,0.0,"Hi Customer 1139, your payment of ₹4,836.62 could not be completed. You can complete your payment using the secure payment link provided.",RECORDED
2026-08-27T21:42:54,TXN10118,CUST1198,8383.12,AUTHENTICATION_FAILURE,2,LOYAL,55,MEDIUM,60,MEDIUM,CUSTOMER_PROMPT,FAILED,0.0,"Hi Customer 1198, your payment of ₹8,383.12 needs your attention. Please verify your payment details and try again.",RECORDED
2026-08-27T21:42:54,TXN10119,CUST1217,47709.27,AUTHENTICATION_FAILURE,2,NEW,30,LOW,55,MEDIUM,CUSTOMER_PROMPT,FAILED,0.0,"Hi Customer 1217, your payment of ₹47,709.27 needs your attention. Please verify your payment details and try again.",RECORDED
2026-08-27T21:42:54,TXN10120,CUST1240,265.12,TEMPORARY_BANK_ERROR,1,NEW,75,HIGH,45,MEDIUM,RETRY,FAILED,0.0,"Hi Customer 1240, your payment of ₹265.12 could not be completed due to a temporary payment issue. Please try the payment again after a short while.",RECORDED
2026-08-27T21:42:54,TXN10121,CUST1088,5169.54,CARD_EXPIRED,2,LOYAL,55,MEDIUM,60,MEDIUM,CUSTOMER_PROMPT,RECOVERED,5169.54,"Hi Customer 1088, your payment of ₹5,169.54 needs your attention. Please verify your payment details and try again.",RECORDED
2026-08-27T21:42:54,TXN10122,CUST1169,1266.29,TEMPORARY_BANK_ERROR,1,RETURNING,85,HIGH,60,MEDIUM,RETRY,RECOVERED,1266.29,"Hi Customer 1169, your payment of ₹1,266.29 could not be completed due to a temporary payment issue. Please try the payment again after a short while.",RECORDED
2026-08-27T21:42:54,TXN10123,CUST1089,32034.29,INSUFFICIENT_FUNDS,4,RETURNING,25,LOW,65,MEDIUM,STOP_AND_ESCALATE,ESCALATED,0.0,"Payment recovery for ₹32,034.29 has been paused after multiple unsuccessful attempts. Our support team will review the case.",RECORDED
2026-08-27T21:42:54,TXN10124,CUST1185,1157.68,AUTHENTICATION_FAILURE,4,LOYAL,30,LOW,45,MEDIUM,STOP_AND_ESCALATE,ESCALATED,0.0,"Payment recovery for ₹1,157.68 has been paused after multiple unsuccessful attempts. Our support team will review the case.",RECORDED
2026-08-27T21:42:54,TXN10125,CUST1058,1227.37,AUTHENTICATION_FAILURE,4,RETURNING,30,LOW,40,MEDIUM,STOP_AND_ESCALATE,ESCALATED,0.0,"Payment recovery for ₹1,227.37 has been paused after multiple unsuccessful attempts. Our support team will review the case.",RECORDED
2026-08-27T21:42:54,TXN10126,CUST1234,1760.13,AUTHENTICATION_FAILURE,2,LOYAL,55,MEDIUM,50,MEDIUM,CUSTOMER_PROMPT,RECOVERED,1760.13,"Hi Customer 1234, your payment of ₹1,760.13 needs your attention. Please verify your payment details and try again.",RECORDED
2026-08-27T21:42:54,TXN10127,CUST1257,5723.29,TEMPORARY_BANK_ERROR,3,NEW,25,LOW,35,LOW,STOP_AND_ESCALATE,ESCALATED,0.0,"Payment recovery for ₹5,723.29 has been paused after multiple unsuccessful attempts. Our support team will review the case.",RECORDED
2026-08-27T21:42:54,TXN10128,CUST1162,1696.84,AUTHENTICATION_FAILURE,4,RETURNING,10,LOW,30,LOW,STOP_AND_ESCALATE,ESCALATED,0.0,"Payment recovery for ₹1,696.84 has been paused after multiple unsuccessful attempts. Our support team will review the case.",RECORDED
2026-08-27T21:42:54,TXN10129,CUST1241,430.21,UNKNOWN,1,LOYAL,85,HIGH,55,MEDIUM,REMINDER,RECOVERED,430.21,"Hi Customer 1241, this is a reminder regarding your pending payment of ₹430.21. Please complete the payment at your convenience.",RECORDED
2026-08-27T21:42:54,TXN10130,CUST1269,1904.14,TEMPORARY_BANK_ERROR,4,RETURNING,35,LOW,35,LOW,STOP_AND_ESCALATE,ESCALATED,0.0,"Payment recovery for ₹1,904.14 has been paused after multiple unsuccessful attempts. Our support team will review the case.",RECORDED
2026-08-27T21:42:54,TXN10131,CUST1078,39986.07,TEMPORARY_BANK_ERROR,3,RETURNING,65,MEDIUM,85,HIGH,STOP_AND_ESCALATE,ESCALATED,0.0,"Payment recovery for ₹39,986.07 has been paused after multiple unsuccessful attempts. Our support team will review the case.",RECORDED
2026-08-27T21:42:54,TXN10132,CUST1270,4019.82,UNKNOWN,3,RETURNING,25,LOW,35,LOW,STOP_AND_ESCALATE,ESCALATED,0.0,"Payment recovery for ₹4,019.82 has been paused after multiple unsuccessful attempts. Our support team will review the case.",RECORDED
2026-08-27T21:42:54,TXN10133,CUST1235,7548.76,NETWORK_ERROR,3,RETURNING,60,MEDIUM,65,MEDIUM,STOP_AND_ESCALATE,ESCALATED,0.0,"Payment recovery for ₹7,548.76 has been paused after multiple unsuccessful attempts. Our support team will review the case.",RECORDED
2026-08-27T21:42:54,TXN10134,CUST1057,255.34,NETWORK_ERROR,1,RETURNING,90,HIGH,55,MEDIUM,RETRY,RECOVERED,255.34,"Hi Customer 1057, your payment of ₹255.34 could not be completed due to a temporary payment issue. Please try the payment again after a short while.",RECORDED
2026-08-27T21:42:54,TXN10135,CUST1144,1808.38,AUTHENTICATION_FAILURE,4,RETURNING,15,LOW,30,LOW,STOP_AND_ESCALATE,ESCALATED,0.0,"Payment recovery for ₹1,808.38 has been paused after multiple unsuccessful attempts. Our support team will review the case.",RECORDED
2026-08-27T21:42:54,TXN10136,CUST1045,3229.11,NETWORK_ERROR,4,RETURNING,50,MEDIUM,45,MEDIUM,STOP_AND_ESCALATE,ESCALATED,0.0,"Payment recovery for ₹3,229.11 has been paused after multiple unsuccessful attempts. Our support team will review the case.",RECORDED
2026-08-27T21:42:54,TXN10137,CUST1213,2009.85,AUTHENTICATION_FAILURE,4,RETURNING,15,LOW,30,LOW,STOP_AND_ESCALATE,ESCALATED,0.0,"Payment recovery for ₹2,009.85 has been paused after multiple unsuccessful attempts. Our support team will review the case.",RECORDED
2026-08-27T21:42:54,TXN10138,CUST1094,41902.36,TEMPORARY_BANK_ERROR,2,LOYAL,85,HIGH,85,HIGH,RETRY,FAILED,0.0,"Hi Customer 1094, your payment of ₹41,902.36 could not be completed due to a temporary payment issue. Please try the payment again after a short while.",RECORDED
2026-08-27T21:42:54,TXN10139,CUST1045,7255.21,AUTHENTICATION_FAILURE,4,LOYAL,30,LOW,55,MEDIUM,STOP_AND_ESCALATE,ESCALATED,0.0,"Payment recovery for ₹7,255.21 has been paused after multiple unsuccessful attempts. Our support team will review the case.",RECORDED
2026-08-27T21:42:54,TXN10140,CUST1232,455.49,UNKNOWN,1,RETURNING,75,HIGH,55,MEDIUM,REMINDER,FAILED,0.0,"Hi Customer 1232, this is a reminder regarding your pending payment of ₹455.49. Please complete the payment at your convenience.",RECORDED
2026-08-27T21:42:54,TXN10141,CUST1105,2265.59,AUTHENTICATION_FAILURE,2,RETURNING,40,MEDIUM,40,MEDIUM,CUSTOMER_PROMPT,RECOVERED,2265.59,"Hi Customer 1105, your payment of ₹2,265.59 needs your attention. Please verify your payment details and try again.",RECORDED
2026-08-27T21:42:54,TXN10142,CUST1203,35457.21,UNKNOWN,3,LOYAL,45,MEDIUM,80,HIGH,STOP_AND_ESCALATE,ESCALATED,0.0,"Payment recovery for ₹35,457.21 has been paused after multiple unsuccessful attempts. Our support team will review the case.",RECORDED
2026-08-27T21:42:54,TXN10143,CUST1021,7711.98,TEMPORARY_BANK_ERROR,4,RETURNING,55,MEDIUM,55,MEDIUM,STOP_AND_ESCALATE,ESCALATED,0.0,"Payment recovery for ₹7,711.98 has been paused after multiple unsuccessful attempts. Our support team will review the case.",RECORDED
2026-08-27T21:42:54,TXN10144,CUST1242,7147.98,TEMPORARY_BANK_ERROR,3,RETURNING,35,LOW,45,MEDIUM,STOP_AND_ESCALATE,ESCALATED,0.0,"Payment recovery for ₹7,147.98 has been paused after multiple unsuccessful attempts. Our support team will review the case.",RECORDED
2026-08-27T21:42:54,TXN10145,CUST1210,593.59,TEMPORARY_BANK_ERROR,4,RETURNING,60,MEDIUM,50,MEDIUM,STOP_AND_ESCALATE,ESCALATED,0.0,Payment recovery for ₹593.59 has been paused after multiple unsuccessful attempts. Our support team will review the case.,RECORDED
2026-08-27T21:42:54,TXN10146,CUST1212,48991.73,NETWORK_ERROR,1,NEW,75,HIGH,70,HIGH,RETRY,FAILED,0.0,"Hi Customer 1212, your payment of ₹48,991.73 could not be completed due to a temporary payment issue. Please try the payment again after a short while.",RECORDED
2026-08-27T21:42:54,TXN10147,CUST1116,7940.91,CARD_EXPIRED,4,LOYAL,30,LOW,55,MEDIUM,STOP_AND_ESCALATE,ESCALATED,0.0,"Payment recovery for ₹7,940.91 has been paused after multiple unsuccessful attempts. Our support team will review the case.",RECORDED
2026-08-27T21:42:54,TXN10148,CUST1236,6848.9,AUTHENTICATION_FAILURE,2,RETURNING,35,LOW,45,MEDIUM,CUSTOMER_PROMPT,RECOVERED,6848.9,"Hi Customer 1236, your payment of ₹6,848.90 needs your attention. Please verify your payment details and try again.",RECORDED
2026-08-27T21:42:54,TXN10149,CUST1001,8687.15,AUTHENTICATION_FAILURE,2,RETURNING,40,MEDIUM,50,MEDIUM,CUSTOMER_PROMPT,FAILED,0.0,"Hi Customer 1001, your payment of ₹8,687.15 needs your attention. Please verify your payment details and try again.",RECORDED
2026-08-27T21:42:54,TXN10150,CUST1129,8834.23,INSUFFICIENT_FUNDS,4,NEW,20,LOW,40,MEDIUM,STOP_AND_ESCALATE,ESCALATED,0.0,"Payment recovery for ₹8,834.23 has been paused after multiple unsuccessful attempts. Our support team will review the case.",RECORDED
2026-08-27T21:42:54,TXN10151,CUST1286,7216.33,INSUFFICIENT_FUNDS,4,LOYAL,35,LOW,55,MEDIUM,STOP_AND_ESCALATE,ESCALATED,0.0,"Payment recovery for ₹7,216.33 has been paused after multiple unsuccessful attempts. Our support team will review the case.",RECORDED
2026-08-27T21:42:54,TXN10152,CUST1170,2587.9,CARD_EXPIRED,1,RETURNING,60,MEDIUM,45,MEDIUM,CUSTOMER_PROMPT,FAILED,0.0,"Hi Customer 1170, your payment of ₹2,587.90 needs your attention. Please verify your payment details and try again.",RECORDED
2026-08-27T21:42:54,TXN10153,CUST1043,1906.45,NETWORK_ERROR,1,RETURNING,90,HIGH,60,MEDIUM,RETRY,RECOVERED,1906.45,"Hi Customer 1043, your payment of ₹1,906.45 could not be completed due to a temporary payment issue. Please try the payment again after a short while.",RECORDED
2026-08-27T21:42:54,TXN10154,CUST1281,32325.61,UNKNOWN,1,NEW,45,MEDIUM,60,MEDIUM,REMINDER,RECOVERED,32325.61,"Hi Customer 1281, this is a reminder regarding your pending payment of ₹32,325.61. Please complete the payment at your convenience.",RECORDED
2026-08-27T21:42:54,TXN10155,CUST1180,269.82,AUTHENTICATION_FAILURE,2,NEW,25,LOW,20,LOW,MANUAL_REVIEW,MANUAL_REVIEW,0.0,Your payment of ₹269.82 has been flagged for manual review. No further automatic recovery action will be taken at this time.,RECORDED
2026-08-27T21:42:54,TXN10156,CUST1293,1062.81,AUTHENTICATION_FAILURE,4,RETURNING,10,LOW,30,LOW,STOP_AND_ESCALATE,ESCALATED,0.0,"Payment recovery for ₹1,062.81 has been paused after multiple unsuccessful attempts. Our support team will review the case.",RECORDED
2026-08-27T21:42:54,TXN10157,CUST1156,2239.76,TEMPORARY_BANK_ERROR,1,NEW,75,HIGH,50,MEDIUM,RETRY,RECOVERED,2239.76,"Hi Customer 1156, your payment of ₹2,239.76 could not be completed due to a temporary payment issue. Please try the payment again after a short while.",RECORDED
2026-08-27T21:42:54,TXN10158,CUST1144,8944.27,UNKNOWN,2,RETURNING,50,MEDIUM,50,MEDIUM,REMINDER,RECOVERED,8944.27,"Hi Customer 1144, this is a reminder regarding your pending payment of ₹8,944.27. Please complete the payment at your convenience.",RECORDED
2026-08-27T21:42:54,TXN10159,CUST1141,40740.77,UNKNOWN,1,LOYAL,95,HIGH,100,HIGH,REMINDER,FAILED,0.0,"Hi Customer 1141, this is a reminder regarding your pending payment of ₹40,740.77. Please complete the payment at your convenience.",RECORDED
2026-08-27T21:42:54,TXN10160,CUST1268,7209.21,INSUFFICIENT_FUNDS,1,LOYAL,65,MEDIUM,60,MEDIUM,PAYMENT_LINK,FAILED,0.0,"Hi Customer 1268, your payment of ₹7,209.21 could not be completed. You can complete your payment using the secure payment link provided.",RECORDED
2026-08-27T21:42:54,TXN10161,CUST1278,6535.56,UNKNOWN,3,RETURNING,40,MEDIUM,55,MEDIUM,STOP_AND_ESCALATE,ESCALATED,0.0,"Payment recovery for ₹6,535.56 has been paused after multiple unsuccessful attempts. Our support team will review the case.",RECORDED
2026-08-27T21:42:54,TXN10162,CUST1092,8541.86,INSUFFICIENT_FUNDS,4,RETURNING,20,LOW,45,MEDIUM,STOP_AND_ESCALATE,ESCALATED,0.0,"Payment recovery for ₹8,541.86 has been paused after multiple unsuccessful attempts. Our support team will review the case.",RECORDED
2026-08-27T21:42:54,TXN10163,CUST1264,3900.12,TEMPORARY_BANK_ERROR,2,NEW,50,MEDIUM,30,LOW,RETRY,RECOVERED,3900.12,"Hi Customer 1264, your payment of ₹3,900.12 could not be completed due to a temporary payment issue. Please try the payment again after a short while.",RECORDED
2026-08-27T21:42:54,TXN10164,CUST1227,8905.81,TEMPORARY_BANK_ERROR,4,LOYAL,70,HIGH,70,HIGH,STOP_AND_ESCALATE,ESCALATED,0.0,"Payment recovery for ₹8,905.81 has been paused after multiple unsuccessful attempts. Our support team will review the case.",RECORDED
2026-08-27T21:42:54,TXN10165,CUST1116,8118.3,TEMPORARY_BANK_ERROR,3,RETURNING,35,LOW,45,MEDIUM,STOP_AND_ESCALATE,ESCALATED,0.0,"Payment recovery for ₹8,118.30 has been paused after multiple unsuccessful attempts. Our support team will review the case.",RECORDED
2026-08-27T21:42:54,TXN10166,CUST1051,47081.38,INSUFFICIENT_FUNDS,2,NEW,35,LOW,55,MEDIUM,PAYMENT_LINK,RECOVERED,47081.38,"Hi Customer 1051, your payment of ₹47,081.38 could not be completed. You can complete your payment using the secure payment link provided.",RECORDED
2026-08-27T21:42:54,TXN10167,CUST1262,9435.92,INSUFFICIENT_FUNDS,1,RETURNING,60,MEDIUM,55,MEDIUM,PAYMENT_LINK,FAILED,0.0,"Hi Customer 1262, your payment of ₹9,435.92 could not be completed. You can complete your payment using the secure payment link provided.",RECORDED
2026-08-27T21:42:54,TXN10168,CUST1262,31006.54,AUTHENTICATION_FAILURE,2,RETURNING,55,MEDIUM,75,HIGH,CUSTOMER_PROMPT,FAILED,0.0,"Hi Customer 1262, your payment of ₹31,006.54 needs your attention. Please verify your payment details and try again.",RECORDED
2026-08-27T21:42:54,TXN10169,CUST1008,31059.97,CARD_EXPIRED,2,LOYAL,60,MEDIUM,80,HIGH,CUSTOMER_PROMPT,RECOVERED,31059.97,"Hi Customer 1008, your payment of ₹31,059.97 needs your attention. Please verify your payment details and try again.",RECORDED
2026-08-27T21:42:54,TXN10170,CUST1151,3398.01,AUTHENTICATION_FAILURE,3,LOYAL,45,MEDIUM,55,MEDIUM,STOP_AND_ESCALATE,ESCALATED,0.0,"Payment recovery for ₹3,398.01 has been paused after multiple unsuccessful attempts. Our support team will review the case.",RECORDED
2026-08-27T21:42:54,TXN10171,CUST1107,5389.48,INSUFFICIENT_FUNDS,2,RETURNING,55,MEDIUM,55,MEDIUM,PAYMENT_LINK,RECOVERED,5389.48,"Hi Customer 1107, your payment of ₹5,389.48 could not be completed. You can complete your payment using the secure payment link provided.",RECORDED
2026-08-27T21:42:54,TXN10172,CUST1076,1752.03,TEMPORARY_BANK_ERROR,3,RETURNING,40,MEDIUM,40,MEDIUM,STOP_AND_ESCALATE,ESCALATED,0.0,"Payment recovery for ₹1,752.03 has been paused after multiple unsuccessful attempts. Our support team will review the case.",RECORDED
2026-08-27T21:42:54,TXN10173,CUST1240,49511.42,INSUFFICIENT_FUNDS,2,RETURNING,45,MEDIUM,70,HIGH,PAYMENT_LINK,RECOVERED,49511.42,"Hi Customer 1240, your payment of ₹49,511.42 could not be completed. You can complete your payment using the secure payment link provided.",RECORDED
2026-08-27T21:42:54,TXN10174,CUST1163,4728.38,INSUFFICIENT_FUNDS,2,RETURNING,60,MEDIUM,45,MEDIUM,PAYMENT_LINK,FAILED,0.0,"Hi Customer 1163, your payment of ₹4,728.38 could not be completed. You can complete your payment using the secure payment link provided.",RECORDED
2026-08-27T21:42:54,TXN10175,CUST1026,544.36,AUTHENTICATION_FAILURE,2,RETURNING,40,MEDIUM,35,LOW,CUSTOMER_PROMPT,FAILED,0.0,"Hi Customer 1026, your payment of ₹544.36 needs your attention. Please verify your payment details and try again.",RECORDED
2026-08-27T21:42:54,TXN10176,CUST1171,33712.48,INSUFFICIENT_FUNDS,2,RETURNING,65,MEDIUM,75,HIGH,PAYMENT_LINK,RECOVERED,33712.48,"Hi Customer 1171, your payment of ₹33,712.48 could not be completed. You can complete your payment using the secure payment link provided.",RECORDED
2026-08-27T21:42:54,TXN10177,CUST1286,6461.71,AUTHENTICATION_FAILURE,4,RETURNING,30,LOW,50,MEDIUM,STOP_AND_ESCALATE,ESCALATED,0.0,"Payment recovery for ₹6,461.71 has been paused after multiple unsuccessful attempts. Our support team will review the case.",RECORDED
2026-08-27T21:42:54,TXN10178,CUST1002,3363.65,TEMPORARY_BANK_ERROR,4,RETURNING,40,MEDIUM,40,MEDIUM,STOP_AND_ESCALATE,ESCALATED,0.0,"Payment recovery for ₹3,363.65 has been paused after multiple unsuccessful attempts. Our support team will review the case.",RECORDED
2026-08-27T21:42:54,TXN10179,CUST1083,3876.9,NETWORK_ERROR,1,LOYAL,85,HIGH,55,MEDIUM,RETRY,RECOVERED,3876.9,"Hi Customer 1083, your payment of ₹3,876.90 could not be completed due to a temporary payment issue. Please try the payment again after a short while.",RECORDED
2026-08-27T21:42:54,TXN10180,CUST1150,1321.45,NETWORK_ERROR,2,RETURNING,65,MEDIUM,40,MEDIUM,RETRY,RECOVERED,1321.45,"Hi Customer 1150, your payment of ₹1,321.45 could not be completed due to a temporary payment issue. Please try the payment again after a short while.",RECORDED
2026-08-27T21:42:54,TXN10181,CUST1195,13505.71,INSUFFICIENT_FUNDS,4,NEW,10,LOW,40,MEDIUM,STOP_AND_ESCALATE,ESCALATED,0.0,"Payment recovery for ₹13,505.71 has been paused after multiple unsuccessful attempts. Our support team will review the case.",RECORDED
2026-08-27T21:42:54,TXN10182,CUST1165,41451.04,INSUFFICIENT_FUNDS,4,LOYAL,40,MEDIUM,80,HIGH,STOP_AND_ESCALATE,ESCALATED,0.0,"Payment recovery for ₹41,451.04 has been paused after multiple unsuccessful attempts. Our support team will review the case.",RECORDED
2026-08-27T21:42:54,TXN10183,CUST1162,5044.61,NETWORK_ERROR,4,RETURNING,35,LOW,45,MEDIUM,STOP_AND_ESCALATE,ESCALATED,0.0,"Payment recovery for ₹5,044.61 has been paused after multiple unsuccessful attempts. Our support team will review the case.",RECORDED
2026-08-27T21:42:54,TXN10184,CUST1094,7558.91,AUTHENTICATION_FAILURE,1,RETURNING,55,MEDIUM,55,MEDIUM,CUSTOMER_PROMPT,FAILED,0.0,"Hi Customer 1094, your payment of ₹7,558.91 needs your attention. Please verify your payment details and try again.",RECORDED
2026-08-27T21:42:54,TXN10185,CUST1024,1075.71,INSUFFICIENT_FUNDS,1,RETURNING,45,MEDIUM,40,MEDIUM,PAYMENT_LINK,FAILED,0.0,"Hi Customer 1024, your payment of ₹1,075.71 could not be completed. You can complete your payment using the secure payment link provided.",RECORDED
2026-08-27T21:42:54,TXN10186,CUST1042,617.59,INSUFFICIENT_FUNDS,4,LOYAL,35,LOW,40,MEDIUM,STOP_AND_ESCALATE,ESCALATED,0.0,Payment recovery for ₹617.59 has been paused after multiple unsuccessful attempts. Our support team will review the case.,RECORDED
2026-08-27T21:42:54,TXN10187,CUST1252,16080.99,INSUFFICIENT_FUNDS,2,RETURNING,45,MEDIUM,60,MEDIUM,PAYMENT_LINK,FAILED,0.0,"Hi Customer 1252, your payment of ₹16,080.99 could not be completed. You can complete your payment using the secure payment link provided.",RECORDED
2026-08-27T21:42:54,TXN10188,CUST1251,1314.1,NETWORK_ERROR,2,NEW,70,HIGH,50,MEDIUM,RETRY,FAILED,0.0,"Hi Customer 1251, your payment of ₹1,314.10 could not be completed due to a temporary payment issue. Please try the payment again after a short while.",RECORDED
2026-08-27T21:42:54,TXN10189,CUST1177,1311.49,TEMPORARY_BANK_ERROR,4,RETURNING,40,MEDIUM,40,MEDIUM,STOP_AND_ESCALATE,ESCALATED,0.0,"Payment recovery for ₹1,311.49 has been paused after multiple unsuccessful attempts. Our support team will review the case.",RECORDED
2026-08-27T21:42:54,TXN10190,CUST1085,434.28,INSUFFICIENT_FUNDS,2,RETURNING,55,MEDIUM,40,MEDIUM,PAYMENT_LINK,RECOVERED,434.28,"Hi Customer 1085, your payment of ₹434.28 could not be completed. You can complete your payment using the secure payment link provided.",RECORDED
2026-08-27T21:42:54,TXN10191,CUST1064,1933.88,AUTHENTICATION_FAILURE,3,NEW,0,LOW,20,LOW,STOP_AND_ESCALATE,ESCALATED,0.0,"Payment recovery for ₹1,933.88 has been paused after multiple unsuccessful attempts. Our support team will review the case.",RECORDED
2026-08-27T21:42:54,TXN10192,CUST1190,781.3,TEMPORARY_BANK_ERROR,1,LOYAL,100,HIGH,65,MEDIUM,RETRY,FAILED,0.0,"Hi Customer 1190, your payment of ₹781.30 could not be completed due to a temporary payment issue. Please try the payment again after a short while.",RECORDED
2026-08-27T21:42:54,TXN10193,CUST1041,4127.89,AUTHENTICATION_FAILURE,1,NEW,30,LOW,25,LOW,CUSTOMER_PROMPT,FAILED,0.0,"Hi Customer 1041, your payment of ₹4,127.89 needs your attention. Please verify your payment details and try again.",RECORDED
2026-08-27T21:42:54,TXN10194,CUST1241,1612.03,NETWORK_ERROR,4,RETURNING,35,LOW,35,LOW,STOP_AND_ESCALATE,ESCALATED,0.0,"Payment recovery for ₹1,612.03 has been paused after multiple unsuccessful attempts. Our support team will review the case.",RECORDED
2026-08-27T21:42:54,TXN10195,CUST1172,28459.1,CARD_EXPIRED,4,RETURNING,40,MEDIUM,85,HIGH,STOP_AND_ESCALATE,ESCALATED,0.0,"Payment recovery for ₹28,459.10 has been paused after multiple unsuccessful attempts. Our support team will review the case.",RECORDED
2026-08-27T21:42:54,TXN10196,CUST1151,469.3,NETWORK_ERROR,1,NEW,55,MEDIUM,25,LOW,RETRY,RECOVERED,469.3,"Hi Customer 1151, your payment of ₹469.30 could not be completed due to a temporary payment issue. Please try the payment again after a short while.",RECORDED
2026-08-27T21:42:54,TXN10197,CUST1050,25503.81,UNKNOWN,3,RETURNING,40,MEDIUM,75,HIGH,STOP_AND_ESCALATE,ESCALATED,0.0,"Payment recovery for ₹25,503.81 has been paused after multiple unsuccessful attempts. Our support team will review the case.",RECORDED
2026-08-27T21:42:54,TXN10198,CUST1048,2787.07,INSUFFICIENT_FUNDS,4,NEW,20,LOW,30,LOW,STOP_AND_ESCALATE,ESCALATED,0.0,"Payment recovery for ₹2,787.07 has been paused after multiple unsuccessful attempts. Our support team will review the case.",RECORDED
2026-08-27T21:42:54,TXN10199,CUST1257,658.74,CARD_EXPIRED,2,RETURNING,55,MEDIUM,40,MEDIUM,CUSTOMER_PROMPT,RECOVERED,658.74,"Hi Customer 1257, your payment of ₹658.74 needs your attention. Please verify your payment details and try again.",RECORDED
2026-08-27T21:42:54,TXN10200,CUST1123,6658.8,TEMPORARY_BANK_ERROR,2,NEW,65,MEDIUM,45,MEDIUM,RETRY,FAILED,0.0,"Hi Customer 1123, your payment of ₹6,658.80 could not be completed due to a temporary payment issue. Please try the payment again after a short while.",RECORDED
2026-08-27T21:42:54,TXN10201,CUST1031,898.58,CARD_EXPIRED,4,RETURNING,25,LOW,35,LOW,STOP_AND_ESCALATE,ESCALATED,0.0,Payment recovery for ₹898.58 has been paused after multiple unsuccessful attempts. Our support team will review the case.,RECORDED
2026-08-27T21:42:54,TXN10202,CUST1237,20337.26,TEMPORARY_BANK_ERROR,2,RETURNING,85,HIGH,70,HIGH,RETRY,RECOVERED,20337.26,"Hi Customer 1237, your payment of ₹20,337.26 could not be completed due to a temporary payment issue. Please try the payment again after a short while.",RECORDED
2026-08-27T21:42:54,TXN10203,CUST1028,7248.64,UNKNOWN,1,RETURNING,50,MEDIUM,50,MEDIUM,REMINDER,FAILED,0.0,"Hi Customer 1028, this is a reminder regarding your pending payment of ₹7,248.64. Please complete the payment at your convenience.",RECORDED
2026-08-27T21:42:54,TXN10204,CUST1183,48605.19,INSUFFICIENT_FUNDS,2,RETURNING,50,MEDIUM,70,HIGH,PAYMENT_LINK,RECOVERED,48605.19,"Hi Customer 1183, your payment of ₹48,605.19 could not be completed. You can complete your payment using the secure payment link provided.",RECORDED
2026-08-27T21:42:54,TXN10205,CUST1185,2847.34,CARD_EXPIRED,1,LOYAL,60,MEDIUM,50,MEDIUM,CUSTOMER_PROMPT,FAILED,0.0,"Hi Customer 1185, your payment of ₹2,847.34 needs your attention. Please verify your payment details and try again.",RECORDED
2026-08-27T21:42:54,TXN10206,CUST1009,215.8,INSUFFICIENT_FUNDS,2,RETURNING,60,MEDIUM,50,MEDIUM,PAYMENT_LINK,FAILED,0.0,"Hi Customer 1009, your payment of ₹215.80 could not be completed. You can complete your payment using the secure payment link provided.",RECORDED
2026-08-27T21:42:54,TXN10207,CUST1053,8520.13,AUTHENTICATION_FAILURE,4,RETURNING,30,LOW,50,MEDIUM,STOP_AND_ESCALATE,ESCALATED,0.0,"Payment recovery for ₹8,520.13 has been paused after multiple unsuccessful attempts. Our support team will review the case.",RECORDED
2026-08-27T21:42:54,TXN10208,CUST1210,1697.82,NETWORK_ERROR,3,RETURNING,50,MEDIUM,45,MEDIUM,STOP_AND_ESCALATE,ESCALATED,0.0,"Payment recovery for ₹1,697.82 has been paused after multiple unsuccessful attempts. Our support team will review the case.",RECORDED
2026-08-27T21:42:54,TXN10209,CUST1201,4946.11,TEMPORARY_BANK_ERROR,2,LOYAL,95,HIGH,60,MEDIUM,RETRY,RECOVERED,4946.11,"Hi Customer 1201, your payment of ₹4,946.11 could not be completed due to a temporary payment issue. Please try the payment again after a short while.",RECORDED
2026-08-27T21:42:54,TXN10210,CUST1185,1314.26,AUTHENTICATION_FAILURE,3,RETURNING,30,LOW,40,MEDIUM,STOP_AND_ESCALATE,ESCALATED,0.0,"Payment recovery for ₹1,314.26 has been paused after multiple unsuccessful attempts. Our support team will review the case.",RECORDED
2026-08-27T21:42:54,TXN10211,CUST1210,6484.72,INSUFFICIENT_FUNDS,4,RETURNING,35,LOW,60,MEDIUM,STOP_AND_ESCALATE,ESCALATED,0.0,"Payment recovery for ₹6,484.72 has been paused after multiple unsuccessful attempts. Our support team will review the case.",RECORDED
2026-08-27T21:42:54,TXN10212,CUST1182,4673.57,INSUFFICIENT_FUNDS,4,NEW,5,LOW,20,LOW,STOP_AND_ESCALATE,ESCALATED,0.0,"Payment recovery for ₹4,673.57 has been paused after multiple unsuccessful attempts. Our support team will review the case.",RECORDED
2026-08-27T21:42:54,TXN10213,CUST1259,12501.69,UNKNOWN,1,RETURNING,75,HIGH,80,HIGH,REMINDER,FAILED,0.0,"Hi Customer 1259, this is a reminder regarding your pending payment of ₹12,501.69. Please complete the payment at your convenience.",RECORDED
2026-08-27T21:42:54,TXN10214,CUST1060,37436.45,NETWORK_ERROR,2,LOYAL,100,HIGH,90,HIGH,RETRY,RECOVERED,37436.45,"Hi Customer 1060, your payment of ₹37,436.45 could not be completed due to a temporary payment issue. Please try the payment again after a short while.",RECORDED
2026-08-27T21:42:54,TXN10215,CUST1034,3322.19,NETWORK_ERROR,3,LOYAL,55,MEDIUM,50,MEDIUM,STOP_AND_ESCALATE,ESCALATED,0.0,"Payment recovery for ₹3,322.19 has been paused after multiple unsuccessful attempts. Our support team will review the case.",RECORDED
2026-08-27T21:42:54,TXN10216,CUST1259,972.38,INSUFFICIENT_FUNDS,1,RETURNING,65,MEDIUM,40,MEDIUM,PAYMENT_LINK,FAILED,0.0,"Hi Customer 1259, your payment of ₹972.38 could not be completed. You can complete your payment using the secure payment link provided.",RECORDED
2026-08-27T21:42:54,TXN10217,CUST1030,288.72,TEMPORARY_BANK_ERROR,4,NEW,25,LOW,20,LOW,STOP_AND_ESCALATE,ESCALATED,0.0,Payment recovery for ₹288.72 has been paused after multiple unsuccessful attempts. Our support team will review the case.,RECORDED
2026-08-27T21:42:54,TXN10218,CUST1181,5776.01,INSUFFICIENT_FUNDS,3,RETURNING,20,LOW,45,MEDIUM,STOP_AND_ESCALATE,ESCALATED,0.0,"Payment recovery for ₹5,776.01 has been paused after multiple unsuccessful attempts. Our support team will review the case.",RECORDED
2026-08-27T21:42:54,TXN10219,CUST1020,971.0,TEMPORARY_BANK_ERROR,2,RETURNING,65,MEDIUM,35,LOW,RETRY,FAILED,0.0,"Hi Customer 1020, your payment of ₹971.00 could not be completed due to a temporary payment issue. Please try the payment again after a short while.",RECORDED
2026-08-27T21:42:54,TXN10220,CUST1153,23893.73,UNKNOWN,3,NEW,30,LOW,50,MEDIUM,STOP_AND_ESCALATE,ESCALATED,0.0,"Payment recovery for ₹23,893.73 has been paused after multiple unsuccessful attempts. Our support team will review the case.",RECORDED
2026-08-27T21:42:54,TXN10221,CUST1160,4081.0,NETWORK_ERROR,2,LOYAL,95,HIGH,60,MEDIUM,RETRY,RECOVERED,4081.0,"Hi Customer 1160, your payment of ₹4,081.00 could not be completed due to a temporary payment issue. Please try the payment again after a short while.",RECORDED
2026-08-27T21:42:54,TXN10222,CUST1042,20038.67,AUTHENTICATION_FAILURE,1,RETURNING,45,MEDIUM,60,MEDIUM,CUSTOMER_PROMPT,FAILED,0.0,"Hi Customer 1042, your payment of ₹20,038.67 needs your attention. Please verify your payment details and try again.",RECORDED
2026-08-27T21:42:54,TXN10223,CUST1111,7661.97,AUTHENTICATION_FAILURE,1,NEW,45,MEDIUM,45,MEDIUM,CUSTOMER_PROMPT,FAILED,0.0,"Hi Customer 1111, your payment of ₹7,661.97 needs your attention. Please verify your payment details and try again.",RECORDED
2026-08-27T21:42:54,TXN10224,CUST1058,44479.48,INSUFFICIENT_FUNDS,3,RETURNING,40,MEDIUM,75,HIGH,STOP_AND_ESCALATE,ESCALATED,0.0,"Payment recovery for ₹44,479.48 has been paused after multiple unsuccessful attempts. Our support team will review the case.",RECORDED
2026-08-27T21:42:54,TXN10225,CUST1212,41451.13,NETWORK_ERROR,2,LOYAL,85,HIGH,85,HIGH,RETRY,RECOVERED,41451.13,"Hi Customer 1212, your payment of ₹41,451.13 could not be completed due to a temporary payment issue. Please try the payment again after a short while.",RECORDED
2026-08-27T21:42:54,TXN10226,CUST1247,1386.33,NETWORK_ERROR,1,RETURNING,65,MEDIUM,40,MEDIUM,RETRY,FAILED,0.0,"Hi Customer 1247, your payment of ₹1,386.33 could not be completed due to a temporary payment issue. Please try the payment again after a short while.",RECORDED
2026-08-27T21:42:54,TXN10227,CUST1266,31548.07,CARD_EXPIRED,2,NEW,30,LOW,55,MEDIUM,CUSTOMER_PROMPT,FAILED,0.0,"Hi Customer 1266, your payment of ₹31,548.07 needs your attention. Please verify your payment details and try again.",RECORDED
2026-08-27T21:42:54,TXN10228,CUST1237,565.78,INSUFFICIENT_FUNDS,1,RETURNING,50,MEDIUM,35,LOW,PAYMENT_LINK,FAILED,0.0,"Hi Customer 1237, your payment of ₹565.78 could not be completed. You can complete your payment using the secure payment link provided.",RECORDED
2026-08-27T21:42:54,TXN10229,CUST1219,3263.48,INSUFFICIENT_FUNDS,3,RETURNING,35,LOW,50,MEDIUM,STOP_AND_ESCALATE,ESCALATED,0.0,"Payment recovery for ₹3,263.48 has been paused after multiple unsuccessful attempts. Our support team will review the case.",RECORDED
2026-08-27T21:42:54,TXN10230,CUST1011,45759.59,AUTHENTICATION_FAILURE,2,RETURNING,65,MEDIUM,85,HIGH,CUSTOMER_PROMPT,FAILED,0.0,"Hi Customer 1011, your payment of ₹45,759.59 needs your attention. Please verify your payment details and try again.",RECORDED
2026-08-27T21:42:54,TXN10231,CUST1222,1530.51,NETWORK_ERROR,2,LOYAL,95,HIGH,60,MEDIUM,RETRY,RECOVERED,1530.51,"Hi Customer 1222, your payment of ₹1,530.51 could not be completed due to a temporary payment issue. Please try the payment again after a short while.",RECORDED
2026-08-27T21:42:54,TXN10232,CUST1226,37474.44,CARD_EXPIRED,2,RETURNING,40,MEDIUM,70,HIGH,CUSTOMER_PROMPT,RECOVERED,37474.44,"Hi Customer 1226, your payment of ₹37,474.44 needs your attention. Please verify your payment details and try again.",RECORDED
2026-08-27T21:42:54,TXN10233,CUST1212,8864.56,AUTHENTICATION_FAILURE,3,NEW,0,LOW,30,LOW,STOP_AND_ESCALATE,ESCALATED,0.0,"Payment recovery for ₹8,864.56 has been paused after multiple unsuccessful attempts. Our support team will review the case.",RECORDED
2026-08-27T21:42:54,TXN10234,CUST1162,8553.22,TEMPORARY_BANK_ERROR,2,NEW,50,MEDIUM,40,MEDIUM,RETRY,RECOVERED,8553.22,"Hi Customer 1162, your payment of ₹8,553.22 could not be completed due to a temporary payment issue. Please try the payment again after a short while.",RECORDED
2026-08-27T21:42:54,TXN10235,CUST1138,4783.18,AUTHENTICATION_FAILURE,2,RETURNING,60,MEDIUM,55,MEDIUM,CUSTOMER_PROMPT,FAILED,0.0,"Hi Customer 1138, your payment of ₹4,783.18 needs your attention. Please verify your payment details and try again.",RECORDED
2026-08-27T21:42:54,TXN10236,CUST1200,1717.73,INSUFFICIENT_FUNDS,4,RETURNING,15,LOW,30,LOW,STOP_AND_ESCALATE,ESCALATED,0.0,"Payment recovery for ₹1,717.73 has been paused after multiple unsuccessful attempts. Our support team will review the case.",RECORDED
2026-08-27T21:42:54,TXN10237,CUST1226,12906.83,AUTHENTICATION_FAILURE,2,RETURNING,40,MEDIUM,60,MEDIUM,CUSTOMER_PROMPT,FAILED,0.0,"Hi Customer 1226, your payment of ₹12,906.83 needs your attention. Please verify your payment details and try again.",RECORDED
2026-08-27T21:42:54,TXN10238,CUST1133,1572.68,TEMPORARY_BANK_ERROR,3,RETURNING,55,MEDIUM,55,MEDIUM,STOP_AND_ESCALATE,ESCALATED,0.0,"Payment recovery for ₹1,572.68 has been paused after multiple unsuccessful attempts. Our support team will review the case.",RECORDED
2026-08-27T21:42:54,TXN10239,CUST1083,6482.96,INSUFFICIENT_FUNDS,2,RETURNING,65,MEDIUM,65,MEDIUM,PAYMENT_LINK,FAILED,0.0,"Hi Customer 1083, your payment of ₹6,482.96 could not be completed. You can complete your payment using the secure payment link provided.",RECORDED
2026-08-27T21:42:54,TXN10240,CUST1274,5371.13,NETWORK_ERROR,2,RETURNING,85,HIGH,70,HIGH,RETRY,RECOVERED,5371.13,"Hi Customer 1274, your payment of ₹5,371.13 could not be completed due to a temporary payment issue. Please try the payment again after a short while.",RECORDED
2026-08-27T21:42:54,TXN10241,CUST1119,48512.41,CARD_EXPIRED,4,RETURNING,40,MEDIUM,85,HIGH,STOP_AND_ESCALATE,ESCALATED,0.0,"Payment recovery for ₹48,512.41 has been paused after multiple unsuccessful attempts. Our support team will review the case.",RECORDED
2026-08-27T21:42:54,TXN10242,CUST1226,6325.05,INSUFFICIENT_FUNDS,1,NEW,35,LOW,35,LOW,PAYMENT_LINK,RECOVERED,6325.05,"Hi Customer 1226, your payment of ₹6,325.05 could not be completed. You can complete your payment using the secure payment link provided.",RECORDED
2026-08-27T21:42:54,TXN10243,CUST1119,33952.33,CARD_EXPIRED,1,LOYAL,65,MEDIUM,80,HIGH,CUSTOMER_PROMPT,FAILED,0.0,"Hi Customer 1119, your payment of ₹33,952.33 needs your attention. Please verify your payment details and try again.",RECORDED
2026-08-27T21:42:54,TXN10244,CUST1254,532.59,AUTHENTICATION_FAILURE,4,RETURNING,15,LOW,25,LOW,STOP_AND_ESCALATE,ESCALATED,0.0,Payment recovery for ₹532.59 has been paused after multiple unsuccessful attempts. Our support team will review the case.,RECORDED
2026-08-27T21:42:54,TXN10245,CUST1215,1384.89,UNKNOWN,4,RETURNING,40,MEDIUM,55,MEDIUM,STOP_AND_ESCALATE,ESCALATED,0.0,"Payment recovery for ₹1,384.89 has been paused after multiple unsuccessful attempts. Our support team will review the case.",RECORDED
2026-08-27T21:42:54,TXN10246,CUST1231,2201.11,TEMPORARY_BANK_ERROR,3,RETURNING,40,MEDIUM,40,MEDIUM,STOP_AND_ESCALATE,ESCALATED,0.0,"Payment recovery for ₹2,201.11 has been paused after multiple unsuccessful attempts. Our support team will review the case.",RECORDED
2026-08-27T21:42:54,TXN10247,CUST1066,41552.09,TEMPORARY_BANK_ERROR,4,NEW,45,MEDIUM,65,MEDIUM,STOP_AND_ESCALATE,ESCALATED,0.0,"Payment recovery for ₹41,552.09 has been paused after multiple unsuccessful attempts. Our support team will review the case.",RECORDED
2026-08-27T21:42:54,TXN10248,CUST1060,34026.04,NETWORK_ERROR,2,LOYAL,100,HIGH,90,HIGH,RETRY,FAILED,0.0,"Hi Customer 1060, your payment of ₹34,026.04 could not be completed due to a temporary payment issue. Please try the payment again after a short while.",RECORDED
2026-08-27T21:42:54,TXN10249,CUST1236,2365.14,AUTHENTICATION_FAILURE,4,LOYAL,30,LOW,45,MEDIUM,STOP_AND_ESCALATE,ESCALATED,0.0,"Payment recovery for ₹2,365.14 has been paused after multiple unsuccessful attempts. Our support team will review the case.",RECORDED
2026-08-27T21:42:54,TXN10250,CUST1294,1052.72,CARD_EXPIRED,4,NEW,0,LOW,20,LOW,STOP_AND_ESCALATE,ESCALATED,0.0,"Payment recovery for ₹1,052.72 has been paused after multiple unsuccessful attempts. Our support team will review the case.",RECORDED
2026-08-27T21:42:54,TXN10251,CUST1276,30506.71,INSUFFICIENT_FUNDS,1,NEW,60,MEDIUM,75,HIGH,PAYMENT_LINK,RECOVERED,30506.71,"Hi Customer 1276, your payment of ₹30,506.71 could not be completed. You can complete your payment using the secure payment link provided.",RECORDED
2026-08-27T21:42:54,TXN10252,CUST1000,820.4,UNKNOWN,1,RETURNING,55,MEDIUM,35,LOW,REMINDER,FAILED,0.0,"Hi Customer 1000, this is a reminder regarding your pending payment of ₹820.40. Please complete the payment at your convenience.",RECORDED
2026-08-27T21:42:54,TXN10253,CUST1249,900.77,NETWORK_ERROR,1,RETURNING,70,HIGH,40,MEDIUM,RETRY,RECOVERED,900.77,"Hi Customer 1249, your payment of ₹900.77 could not be completed due to a temporary payment issue. Please try the payment again after a short while.",RECORDED
2026-08-27T21:42:54,TXN10254,CUST1160,8902.18,TEMPORARY_BANK_ERROR,4,RETURNING,60,MEDIUM,65,MEDIUM,STOP_AND_ESCALATE,ESCALATED,0.0,"Payment recovery for ₹8,902.18 has been paused after multiple unsuccessful attempts. Our support team will review the case.",RECORDED
2026-08-27T21:42:54,TXN10255,CUST1284,1020.23,INSUFFICIENT_FUNDS,1,NEW,50,MEDIUM,35,LOW,PAYMENT_LINK,FAILED,0.0,"Hi Customer 1284, your payment of ₹1,020.23 could not be completed. You can complete your payment using the secure payment link provided.",RECORDED
2026-08-27T21:42:54,TXN10256,CUST1083,4895.0,UNKNOWN,1,RETURNING,65,MEDIUM,45,MEDIUM,REMINDER,FAILED,0.0,"Hi Customer 1083, this is a reminder regarding your pending payment of ₹4,895.00. Please complete the payment at your convenience.",RECORDED
2026-08-27T21:42:54,TXN10257,CUST1234,31199.66,CARD_EXPIRED,1,RETURNING,50,MEDIUM,70,HIGH,CUSTOMER_PROMPT,RECOVERED,31199.66,"Hi Customer 1234, your payment of ₹31,199.66 needs your attention. Please verify your payment details and try again.",RECORDED
2026-08-27T21:42:54,TXN10258,CUST1098,1073.8,CARD_EXPIRED,2,LOYAL,55,MEDIUM,50,MEDIUM,CUSTOMER_PROMPT,FAILED,0.0,"Hi Customer 1098, your payment of ₹1,073.80 needs your attention. Please verify your payment details and try again.",RECORDED
2026-08-27T21:42:54,TXN10259,CUST1040,6339.73,INSUFFICIENT_FUNDS,3,RETURNING,15,LOW,40,MEDIUM,STOP_AND_ESCALATE,ESCALATED,0.0,"Payment recovery for ₹6,339.73 has been paused after multiple unsuccessful attempts. Our support team will review the case.",RECORDED
2026-08-27T21:42:54,TXN10260,CUST1155,4550.62,NETWORK_ERROR,1,RETURNING,85,HIGH,50,MEDIUM,RETRY,RECOVERED,4550.62,"Hi Customer 1155, your payment of ₹4,550.62 could not be completed due to a temporary payment issue. Please try the payment again after a short while.",RECORDED
2026-08-27T21:42:54,TXN10261,CUST1125,973.95,TEMPORARY_BANK_ERROR,4,LOYAL,75,HIGH,65,MEDIUM,STOP_AND_ESCALATE,ESCALATED,0.0,Payment recovery for ₹973.95 has been paused after multiple unsuccessful attempts. Our support team will review the case.,RECORDED
2026-08-27T21:42:54,TXN10262,CUST1066,2809.98,AUTHENTICATION_FAILURE,3,LOYAL,45,MEDIUM,55,MEDIUM,STOP_AND_ESCALATE,ESCALATED,0.0,"Payment recovery for ₹2,809.98 has been paused after multiple unsuccessful attempts. Our support team will review the case.",RECORDED
2026-08-27T21:42:54,TXN10263,CUST1244,5073.27,INSUFFICIENT_FUNDS,2,LOYAL,60,MEDIUM,60,MEDIUM,PAYMENT_LINK,RECOVERED,5073.27,"Hi Customer 1244, your payment of ₹5,073.27 could not be completed. You can complete your payment using the secure payment link provided.",RECORDED
2026-08-27T21:42:54,TXN10264,CUST1284,9199.77,CARD_EXPIRED,4,RETURNING,30,LOW,60,MEDIUM,STOP_AND_ESCALATE,ESCALATED,0.0,"Payment recovery for ₹9,199.77 has been paused after multiple unsuccessful attempts. Our support team will review the case.",RECORDED
2026-08-27T21:42:54,TXN10265,CUST1161,718.13,AUTHENTICATION_FAILURE,1,LOYAL,60,MEDIUM,45,MEDIUM,CUSTOMER_PROMPT,FAILED,0.0,"Hi Customer 1161, your payment of ₹718.13 needs your attention. Please verify your payment details and try again.",RECORDED
2026-08-27T21:42:54,TXN10266,CUST1020,43541.97,NETWORK_ERROR,2,RETURNING,90,HIGH,90,HIGH,RETRY,RECOVERED,43541.97,"Hi Customer 1020, your payment of ₹43,541.97 could not be completed due to a temporary payment issue. Please try the payment again after a short while.",RECORDED
2026-08-27T21:42:54,TXN10267,CUST1272,23891.08,TEMPORARY_BANK_ERROR,2,NEW,55,MEDIUM,50,MEDIUM,RETRY,RECOVERED,23891.08,"Hi Customer 1272, your payment of ₹23,891.08 could not be completed due to a temporary payment issue. Please try the payment again after a short while.",RECORDED
2026-08-27T21:42:54,TXN10268,CUST1163,4403.61,INSUFFICIENT_FUNDS,4,RETURNING,35,LOW,40,MEDIUM,STOP_AND_ESCALATE,ESCALATED,0.0,"Payment recovery for ₹4,403.61 has been paused after multiple unsuccessful attempts. Our support team will review the case.",RECORDED
2026-08-27T21:42:54,TXN10269,CUST1004,3058.85,INSUFFICIENT_FUNDS,2,RETURNING,60,MEDIUM,45,MEDIUM,PAYMENT_LINK,FAILED,0.0,"Hi Customer 1004, your payment of ₹3,058.85 could not be completed. You can complete your payment using the secure payment link provided.",RECORDED
2026-08-27T21:42:54,TXN10270,CUST1069,4205.86,AUTHENTICATION_FAILURE,4,NEW,0,LOW,20,LOW,STOP_AND_ESCALATE,ESCALATED,0.0,"Payment recovery for ₹4,205.86 has been paused after multiple unsuccessful attempts. Our support team will review the case.",RECORDED
2026-08-27T21:42:54,TXN10271,CUST1178,1258.72,INSUFFICIENT_FUNDS,3,RETURNING,20,LOW,35,LOW,STOP_AND_ESCALATE,ESCALATED,0.0,"Payment recovery for ₹1,258.72 has been paused after multiple unsuccessful attempts. Our support team will review the case.",RECORDED
2026-08-27T21:42:54,TXN10272,CUST1115,27738.23,CARD_EXPIRED,3,RETURNING,20,LOW,65,MEDIUM,STOP_AND_ESCALATE,ESCALATED,0.0,"Payment recovery for ₹27,738.23 has been paused after multiple unsuccessful attempts. Our support team will review the case.",RECORDED
2026-08-27T21:42:54,TXN10273,CUST1286,21937.4,INSUFFICIENT_FUNDS,1,RETURNING,50,MEDIUM,60,MEDIUM,PAYMENT_LINK,FAILED,0.0,"Hi Customer 1286, your payment of ₹21,937.40 could not be completed. You can complete your payment using the secure payment link provided.",RECORDED
2026-08-27T21:42:54,TXN10274,CUST1203,8100.01,AUTHENTICATION_FAILURE,4,RETURNING,15,LOW,40,MEDIUM,STOP_AND_ESCALATE,ESCALATED,0.0,"Payment recovery for ₹8,100.01 has been paused after multiple unsuccessful attempts. Our support team will review the case.",RECORDED
2026-08-27T21:42:54,TXN10275,CUST1029,1646.99,UNKNOWN,4,RETURNING,20,LOW,35,LOW,STOP_AND_ESCALATE,ESCALATED,0.0,"Payment recovery for ₹1,646.99 has been paused after multiple unsuccessful attempts. Our support team will review the case.",RECORDED
2026-08-27T21:42:54,TXN10276,CUST1126,224.77,NETWORK_ERROR,1,NEW,55,MEDIUM,25,LOW,RETRY,RECOVERED,224.77,"Hi Customer 1126, your payment of ₹224.77 could not be completed due to a temporary payment issue. Please try the payment again after a short while.",RECORDED
2026-08-27T21:42:54,TXN10277,CUST1074,14176.17,INSUFFICIENT_FUNDS,4,RETURNING,25,LOW,55,MEDIUM,STOP_AND_ESCALATE,ESCALATED,0.0,"Payment recovery for ₹14,176.17 has been paused after multiple unsuccessful attempts. Our support team will review the case.",RECORDED
2026-08-27T21:42:54,TXN10278,CUST1144,826.88,UNKNOWN,3,RETURNING,40,MEDIUM,40,MEDIUM,STOP_AND_ESCALATE,ESCALATED,0.0,Payment recovery for ₹826.88 has been paused after multiple unsuccessful attempts. Our support team will review the case.,RECORDED
2026-08-27T21:42:54,TXN10279,CUST1214,8355.33,NETWORK_ERROR,3,NEW,25,LOW,35,LOW,STOP_AND_ESCALATE,ESCALATED,0.0,"Payment recovery for ₹8,355.33 has been paused after multiple unsuccessful attempts. Our support team will review the case.",RECORDED
2026-08-27T21:42:54,TXN10280,CUST1020,1871.61,TEMPORARY_BANK_ERROR,1,RETURNING,70,HIGH,45,MEDIUM,RETRY,RECOVERED,1871.61,"Hi Customer 1020, your payment of ₹1,871.61 could not be completed due to a temporary payment issue. Please try the payment again after a short while.",RECORDED
2026-08-27T21:42:54,TXN10281,CUST1159,40384.46,AUTHENTICATION_FAILURE,4,LOYAL,50,MEDIUM,85,HIGH,STOP_AND_ESCALATE,ESCALATED,0.0,"Payment recovery for ₹40,384.46 has been paused after multiple unsuccessful attempts. Our support team will review the case.",RECORDED
2026-08-27T21:42:54,TXN10282,CUST1263,1146.3,AUTHENTICATION_FAILURE,4,LOYAL,30,LOW,45,MEDIUM,STOP_AND_ESCALATE,ESCALATED,0.0,"Payment recovery for ₹1,146.30 has been paused after multiple unsuccessful attempts. Our support team will review the case.",RECORDED
2026-08-27T21:42:54,TXN10283,CUST1240,5973.07,INSUFFICIENT_FUNDS,1,LOYAL,65,MEDIUM,60,MEDIUM,PAYMENT_LINK,FAILED,0.0,"Hi Customer 1240, your payment of ₹5,973.07 could not be completed. You can complete your payment using the secure payment link provided.",RECORDED
2026-08-27T21:42:54,TXN10284,CUST1156,2374.77,INSUFFICIENT_FUNDS,2,LOYAL,75,HIGH,60,MEDIUM,PAYMENT_LINK,FAILED,0.0,"Hi Customer 1156, your payment of ₹2,374.77 could not be completed. You can complete your payment using the secure payment link provided.",RECORDED
2026-08-27T21:42:54,TXN10285,CUST1082,1874.6,AUTHENTICATION_FAILURE,2,LOYAL,55,MEDIUM,50,MEDIUM,CUSTOMER_PROMPT,RECOVERED,1874.6,"Hi Customer 1082, your payment of ₹1,874.60 needs your attention. Please verify your payment details and try again.",RECORDED
2026-08-27T21:42:54,TXN10286,CUST1119,1836.9,AUTHENTICATION_FAILURE,1,NEW,30,LOW,25,LOW,CUSTOMER_PROMPT,FAILED,0.0,"Hi Customer 1119, your payment of ₹1,836.90 needs your attention. Please verify your payment details and try again.",RECORDED
2026-08-27T21:42:54,TXN10287,CUST1280,20169.26,INSUFFICIENT_FUNDS,3,RETURNING,40,MEDIUM,75,HIGH,STOP_AND_ESCALATE,ESCALATED,0.0,"Payment recovery for ₹20,169.26 has been paused after multiple unsuccessful attempts. Our support team will review the case.",RECORDED
2026-08-27T21:42:54,TXN10288,CUST1145,735.49,AUTHENTICATION_FAILURE,3,NEW,0,LOW,15,LOW,STOP_AND_ESCALATE,ESCALATED,0.0,Payment recovery for ₹735.49 has been paused after multiple unsuccessful attempts. Our support team will review the case.,RECORDED
2026-08-27T21:42:54,TXN10289,CUST1136,10115.25,AUTHENTICATION_FAILURE,4,RETURNING,15,LOW,50,MEDIUM,STOP_AND_ESCALATE,ESCALATED,0.0,"Payment recovery for ₹10,115.25 has been paused after multiple unsuccessful attempts. Our support team will review the case.",RECORDED
2026-08-27T21:42:54,TXN10290,CUST1262,1382.24,AUTHENTICATION_FAILURE,2,RETURNING,40,MEDIUM,40,MEDIUM,CUSTOMER_PROMPT,RECOVERED,1382.24,"Hi Customer 1262, your payment of ₹1,382.24 needs your attention. Please verify your payment details and try again.",RECORDED
2026-08-27T21:42:54,TXN10291,CUST1226,425.3,TEMPORARY_BANK_ERROR,4,RETURNING,55,MEDIUM,40,MEDIUM,STOP_AND_ESCALATE,ESCALATED,0.0,Payment recovery for ₹425.30 has been paused after multiple unsuccessful attempts. Our support team will review the case.,RECORDED
2026-08-27T21:42:54,TXN10292,CUST1257,1399.36,NETWORK_ERROR,1,RETURNING,85,HIGH,50,MEDIUM,RETRY,RECOVERED,1399.36,"Hi Customer 1257, your payment of ₹1,399.36 could not be completed due to a temporary payment issue. Please try the payment again after a short while.",RECORDED
2026-08-27T21:42:54,TXN10293,CUST1170,233.79,AUTHENTICATION_FAILURE,2,RETURNING,55,MEDIUM,40,MEDIUM,CUSTOMER_PROMPT,RECOVERED,233.79,"Hi Customer 1170, your payment of ₹233.79 needs your attention. Please verify your payment details and try again.",RECORDED
2026-08-27T21:42:54,TXN10294,CUST1282,1778.76,INSUFFICIENT_FUNDS,1,RETURNING,65,MEDIUM,45,MEDIUM,PAYMENT_LINK,FAILED,0.0,"Hi Customer 1282, your payment of ₹1,778.76 could not be completed. You can complete your payment using the secure payment link provided.",RECORDED
2026-08-27T21:42:54,TXN10295,CUST1054,1234.64,INSUFFICIENT_FUNDS,4,NEW,20,LOW,30,LOW,STOP_AND_ESCALATE,ESCALATED,0.0,"Payment recovery for ₹1,234.64 has been paused after multiple unsuccessful attempts. Our support team will review the case.",RECORDED
2026-08-27T21:42:54,TXN10296,CUST1263,24869.57,UNKNOWN,3,RETURNING,50,MEDIUM,75,HIGH,STOP_AND_ESCALATE,ESCALATED,0.0,"Payment recovery for ₹24,869.57 has been paused after multiple unsuccessful attempts. Our support team will review the case.",RECORDED
2026-08-27T21:42:54,TXN10297,CUST1204,8242.23,NETWORK_ERROR,1,NEW,75,HIGH,60,MEDIUM,RETRY,RECOVERED,8242.23,"Hi Customer 1204, your payment of ₹8,242.23 could not be completed due to a temporary payment issue. Please try the payment again after a short while.",RECORDED
2026-08-27T21:42:54,TXN10298,CUST1287,5790.0,AUTHENTICATION_FAILURE,4,LOYAL,50,MEDIUM,75,HIGH,STOP_AND_ESCALATE,ESCALATED,0.0,"Payment recovery for ₹5,790.00 has been paused after multiple unsuccessful attempts. Our support team will review the case.",RECORDED
2026-08-27T21:42:54,TXN10299,CUST1180,19015.25,CARD_EXPIRED,3,NEW,5,LOW,40,MEDIUM,STOP_AND_ESCALATE,ESCALATED,0.0,"Payment recovery for ₹19,015.25 has been paused after multiple unsuccessful attempts. Our support team will review the case.",RECORDED
2026-08-27T21:42:54,TXN10300,CUST1056,16555.24,UNKNOWN,2,RETURNING,65,MEDIUM,65,MEDIUM,REMINDER,RECOVERED,16555.24,"Hi Customer 1056, this is a reminder regarding your pending payment of ₹16,555.24. Please complete the payment at your convenience.",RECORDED
2026-08-27T21:42:54,TXN10301,CUST1225,1801.25,NETWORK_ERROR,3,LOYAL,70,HIGH,60,MEDIUM,STOP_AND_ESCALATE,ESCALATED,0.0,"Payment recovery for ₹1,801.25 has been paused after multiple unsuccessful attempts. Our support team will review the case.",RECORDED
2026-08-27T21:42:54,TXN10302,CUST1222,634.41,CARD_EXPIRED,2,RETURNING,40,MEDIUM,35,LOW,CUSTOMER_PROMPT,RECOVERED,634.41,"Hi Customer 1222, your payment of ₹634.41 needs your attention. Please verify your payment details and try again.",RECORDED
2026-08-27T21:42:54,TXN10303,CUST1155,278.02,TEMPORARY_BANK_ERROR,3,NEW,25,LOW,20,LOW,STOP_AND_ESCALATE,ESCALATED,0.0,Payment recovery for ₹278.02 has been paused after multiple unsuccessful attempts. Our support team will review the case.,RECORDED
2026-08-27T21:42:54,TXN10304,CUST1153,35461.55,INSUFFICIENT_FUNDS,1,LOYAL,90,HIGH,100,HIGH,PAYMENT_LINK,FAILED,0.0,"Hi Customer 1153, your payment of ₹35,461.55 could not be completed. You can complete your payment using the secure payment link provided.",RECORDED
2026-08-27T21:42:54,TXN10305,CUST1007,224.54,INSUFFICIENT_FUNDS,4,LOYAL,55,MEDIUM,60,MEDIUM,STOP_AND_ESCALATE,ESCALATED,0.0,Payment recovery for ₹224.54 has been paused after multiple unsuccessful attempts. Our support team will review the case.,RECORDED
2026-08-27T21:42:54,TXN10306,CUST1092,38733.25,NETWORK_ERROR,3,NEW,45,MEDIUM,65,MEDIUM,STOP_AND_ESCALATE,ESCALATED,0.0,"Payment recovery for ₹38,733.25 has been paused after multiple unsuccessful attempts. Our support team will review the case.",RECORDED
2026-08-27T21:42:54,TXN10307,CUST1251,1097.01,TEMPORARY_BANK_ERROR,3,RETURNING,55,MEDIUM,45,MEDIUM,STOP_AND_ESCALATE,ESCALATED,0.0,"Payment recovery for ₹1,097.01 has been paused after multiple unsuccessful attempts. Our support team will review the case.",RECORDED
2026-08-27T21:42:54,TXN10308,CUST1227,6116.95,INSUFFICIENT_FUNDS,4,RETURNING,15,LOW,40,MEDIUM,STOP_AND_ESCALATE,ESCALATED,0.0,"Payment recovery for ₹6,116.95 has been paused after multiple unsuccessful attempts. Our support team will review the case.",RECORDED
2026-08-27T21:42:54,TXN10309,CUST1116,46781.24,NETWORK_ERROR,1,RETURNING,90,HIGH,90,HIGH,RETRY,RECOVERED,46781.24,"Hi Customer 1116, your payment of ₹46,781.24 could not be completed due to a temporary payment issue. Please try the payment again after a short while.",RECORDED
2026-08-27T21:42:54,TXN10310,CUST1081,2461.57,UNKNOWN,1,RETURNING,65,MEDIUM,45,MEDIUM,REMINDER,FAILED,0.0,"Hi Customer 1081, this is a reminder regarding your pending payment of ₹2,461.57. Please complete the payment at your convenience.",RECORDED
2026-08-27T21:42:54,TXN10311,CUST1192,1380.94,CARD_EXPIRED,1,LOYAL,60,MEDIUM,50,MEDIUM,CUSTOMER_PROMPT,FAILED,0.0,"Hi Customer 1192, your payment of ₹1,380.94 needs your attention. Please verify your payment details and try again.",RECORDED
2026-08-27T21:42:54,TXN10312,CUST1281,514.4,INSUFFICIENT_FUNDS,3,RETURNING,35,LOW,35,LOW,STOP_AND_ESCALATE,ESCALATED,0.0,Payment recovery for ₹514.40 has been paused after multiple unsuccessful attempts. Our support team will review the case.,RECORDED
2026-08-27T21:42:54,TXN10313,CUST1083,27204.12,INSUFFICIENT_FUNDS,2,LOYAL,80,HIGH,90,HIGH,PAYMENT_LINK,RECOVERED,27204.12,"Hi Customer 1083, your payment of ₹27,204.12 could not be completed. You can complete your payment using the secure payment link provided.",RECORDED
2026-08-27T21:42:54,TXN10314,CUST1270,1094.57,CARD_EXPIRED,4,RETURNING,15,LOW,30,LOW,STOP_AND_ESCALATE,ESCALATED,0.0,"Payment recovery for ₹1,094.57 has been paused after multiple unsuccessful attempts. Our support team will review the case.",RECORDED
2026-08-27T21:42:54,TXN10315,CUST1289,13802.12,NETWORK_ERROR,4,LOYAL,75,HIGH,80,HIGH,STOP_AND_ESCALATE,ESCALATED,0.0,"Payment recovery for ₹13,802.12 has been paused after multiple unsuccessful attempts. Our support team will review the case.",RECORDED
2026-08-27T21:42:54,TXN10316,CUST1053,21298.9,NETWORK_ERROR,1,LOYAL,90,HIGH,75,HIGH,RETRY,RECOVERED,21298.9,"Hi Customer 1053, your payment of ₹21,298.90 could not be completed due to a temporary payment issue. Please try the payment again after a short while.",RECORDED
2026-08-27T21:42:54,TXN10317,CUST1037,18022.41,INSUFFICIENT_FUNDS,4,RETURNING,45,MEDIUM,75,HIGH,STOP_AND_ESCALATE,ESCALATED,0.0,"Payment recovery for ₹18,022.41 has been paused after multiple unsuccessful attempts. Our support team will review the case.",RECORDED
2026-08-27T21:42:54,TXN10318,CUST1205,1516.1,CARD_EXPIRED,1,RETURNING,40,MEDIUM,40,MEDIUM,CUSTOMER_PROMPT,FAILED,0.0,"Hi Customer 1205, your payment of ₹1,516.10 needs your attention. Please verify your payment details and try again.",RECORDED
2026-08-27T21:42:54,TXN10319,CUST1058,49981.76,INSUFFICIENT_FUNDS,1,NEW,55,MEDIUM,65,MEDIUM,PAYMENT_LINK,RECOVERED,49981.76,"Hi Customer 1058, your payment of ₹49,981.76 could not be completed. You can complete your payment using the secure payment link provided.",RECORDED
2026-08-27T21:42:54,TXN10320,CUST1272,8029.88,INSUFFICIENT_FUNDS,4,RETURNING,15,LOW,40,MEDIUM,STOP_AND_ESCALATE,ESCALATED,0.0,"Payment recovery for ₹8,029.88 has been paused after multiple unsuccessful attempts. Our support team will review the case.",RECORDED
2026-08-27T21:42:54,TXN10321,CUST1087,1281.8,AUTHENTICATION_FAILURE,1,RETURNING,60,MEDIUM,55,MEDIUM,CUSTOMER_PROMPT,RECOVERED,1281.8,"Hi Customer 1087, your payment of ₹1,281.80 needs your attention. Please verify your payment details and try again.",RECORDED
2026-08-27T21:42:54,TXN10322,CUST1168,3441.39,CARD_EXPIRED,1,LOYAL,80,HIGH,70,HIGH,CUSTOMER_PROMPT,FAILED,0.0,"Hi Customer 1168, your payment of ₹3,441.39 needs your attention. Please verify your payment details and try again.",RECORDED
2026-08-27T21:42:54,TXN10323,CUST1064,550.43,NETWORK_ERROR,3,LOYAL,55,MEDIUM,45,MEDIUM,STOP_AND_ESCALATE,ESCALATED,0.0,Payment recovery for ₹550.43 has been paused after multiple unsuccessful attempts. Our support team will review the case.,RECORDED
2026-08-27T21:42:54,TXN10324,CUST1269,5859.52,CARD_EXPIRED,4,NEW,0,LOW,30,LOW,STOP_AND_ESCALATE,ESCALATED,0.0,"Payment recovery for ₹5,859.52 has been paused after multiple unsuccessful attempts. Our support team will review the case.",RECORDED
2026-08-27T21:42:54,TXN10325,CUST1282,1716.9,UNKNOWN,3,LOYAL,50,MEDIUM,55,MEDIUM,STOP_AND_ESCALATE,ESCALATED,0.0,"Payment recovery for ₹1,716.90 has been paused after multiple unsuccessful attempts. Our support team will review the case.",RECORDED
2026-08-27T21:42:54,TXN10326,CUST1094,2947.82,TEMPORARY_BANK_ERROR,3,RETURNING,40,MEDIUM,40,MEDIUM,STOP_AND_ESCALATE,ESCALATED,0.0,"Payment recovery for ₹2,947.82 has been paused after multiple unsuccessful attempts. Our support team will review the case.",RECORDED
2026-08-27T21:42:54,TXN10327,CUST1271,44856.56,INSUFFICIENT_FUNDS,4,RETURNING,40,MEDIUM,75,HIGH,STOP_AND_ESCALATE,ESCALATED,0.0,"Payment recovery for ₹44,856.56 has been paused after multiple unsuccessful attempts. Our support team will review the case.",RECORDED
2026-08-27T21:42:54,TXN10328,CUST1096,1966.43,INSUFFICIENT_FUNDS,1,RETURNING,50,MEDIUM,40,MEDIUM,PAYMENT_LINK,FAILED,0.0,"Hi Customer 1096, your payment of ₹1,966.43 could not be completed. You can complete your payment using the secure payment link provided.",RECORDED
2026-08-27T21:42:54,TXN10329,CUST1046,34220.19,INSUFFICIENT_FUNDS,3,RETURNING,35,LOW,70,HIGH,STOP_AND_ESCALATE,ESCALATED,0.0,"Payment recovery for ₹34,220.19 has been paused after multiple unsuccessful attempts. Our support team will review the case.",RECORDED
2026-08-27T21:42:54,TXN10330,CUST1028,41394.47,NETWORK_ERROR,4,RETURNING,60,MEDIUM,75,HIGH,STOP_AND_ESCALATE,ESCALATED,0.0,"Payment recovery for ₹41,394.47 has been paused after multiple unsuccessful attempts. Our support team will review the case.",RECORDED
2026-08-27T21:42:54,TXN10331,CUST1168,9529.24,TEMPORARY_BANK_ERROR,2,RETURNING,60,MEDIUM,50,MEDIUM,RETRY,RECOVERED,9529.24,"Hi Customer 1168, your payment of ₹9,529.24 could not be completed due to a temporary payment issue. Please try the payment again after a short while.",RECORDED
2026-08-27T21:42:54,TXN10332,CUST1207,26909.15,INSUFFICIENT_FUNDS,2,RETURNING,70,HIGH,90,HIGH,PAYMENT_LINK,FAILED,0.0,"Hi Customer 1207, your payment of ₹26,909.15 could not be completed. You can complete your payment using the secure payment link provided.",RECORDED
2026-08-27T21:42:54,TXN10333,CUST1040,6396.3,TEMPORARY_BANK_ERROR,3,RETURNING,55,MEDIUM,55,MEDIUM,STOP_AND_ESCALATE,ESCALATED,0.0,"Payment recovery for ₹6,396.30 has been paused after multiple unsuccessful attempts. Our support team will review the case.",RECORDED
2026-08-27T21:42:54,TXN10334,CUST1265,34945.95,TEMPORARY_BANK_ERROR,3,RETURNING,60,MEDIUM,75,HIGH,STOP_AND_ESCALATE,ESCALATED,0.0,"Payment recovery for ₹34,945.95 has been paused after multiple unsuccessful attempts. Our support team will review the case.",RECORDED
2026-08-27T21:42:54,TXN10335,CUST1265,33342.28,TEMPORARY_BANK_ERROR,4,RETURNING,65,MEDIUM,85,HIGH,STOP_AND_ESCALATE,ESCALATED,0.0,"Payment recovery for ₹33,342.28 has been paused after multiple unsuccessful attempts. Our support team will review the case.",RECORDED
2026-08-27T21:42:54,TXN10336,CUST1067,1301.06,AUTHENTICATION_FAILURE,2,NEW,25,LOW,25,LOW,MANUAL_REVIEW,MANUAL_REVIEW,0.0,"Your payment of ₹1,301.06 has been flagged for manual review. No further automatic recovery action will be taken at this time.",RECORDED
2026-08-27T21:42:54,TXN10337,CUST1144,6335.38,AUTHENTICATION_FAILURE,4,RETURNING,30,LOW,50,MEDIUM,STOP_AND_ESCALATE,ESCALATED,0.0,"Payment recovery for ₹6,335.38 has been paused after multiple unsuccessful attempts. Our support team will review the case.",RECORDED
2026-08-27T21:42:54,TXN10338,CUST1072,23081.79,INSUFFICIENT_FUNDS,3,NEW,25,LOW,50,MEDIUM,STOP_AND_ESCALATE,ESCALATED,0.0,"Payment recovery for ₹23,081.79 has been paused after multiple unsuccessful attempts. Our support team will review the case.",RECORDED
2026-08-27T21:42:54,TXN10339,CUST1244,19166.88,NETWORK_ERROR,1,RETURNING,85,HIGH,70,HIGH,RETRY,FAILED,0.0,"Hi Customer 1244, your payment of ₹19,166.88 could not be completed due to a temporary payment issue. Please try the payment again after a short while.",RECORDED
2026-08-27T21:42:54,TXN10340,CUST1060,10549.82,INSUFFICIENT_FUNDS,4,RETURNING,45,MEDIUM,75,HIGH,STOP_AND_ESCALATE,ESCALATED,0.0,"Payment recovery for ₹10,549.82 has been paused after multiple unsuccessful attempts. Our support team will review the case.",RECORDED
2026-08-27T21:42:54,TXN10341,CUST1076,3722.54,CARD_EXPIRED,2,RETURNING,40,MEDIUM,40,MEDIUM,CUSTOMER_PROMPT,RECOVERED,3722.54,"Hi Customer 1076, your payment of ₹3,722.54 needs your attention. Please verify your payment details and try again.",RECORDED
2026-08-27T21:42:54,TXN10342,CUST1106,30544.44,INSUFFICIENT_FUNDS,2,RETURNING,50,MEDIUM,70,HIGH,PAYMENT_LINK,RECOVERED,30544.44,"Hi Customer 1106, your payment of ₹30,544.44 could not be completed. You can complete your payment using the secure payment link provided.",RECORDED
2026-08-27T21:42:54,TXN10343,CUST1122,4150.56,NETWORK_ERROR,1,LOYAL,100,HIGH,70,HIGH,RETRY,RECOVERED,4150.56,"Hi Customer 1122, your payment of ₹4,150.56 could not be completed due to a temporary payment issue. Please try the payment again after a short while.",RECORDED
2026-08-27T21:42:54,TXN10344,CUST1204,27701.82,CARD_EXPIRED,2,LOYAL,60,MEDIUM,80,HIGH,CUSTOMER_PROMPT,RECOVERED,27701.82,"Hi Customer 1204, your payment of ₹27,701.82 needs your attention. Please verify your payment details and try again.",RECORDED
2026-08-27T21:42:54,TXN10345,CUST1120,6020.55,INSUFFICIENT_FUNDS,3,NEW,5,LOW,30,LOW,STOP_AND_ESCALATE,ESCALATED,0.0,"Payment recovery for ₹6,020.55 has been paused after multiple unsuccessful attempts. Our support team will review the case.",RECORDED
2026-08-27T21:42:54,TXN10346,CUST1083,667.43,NETWORK_ERROR,3,RETURNING,60,MEDIUM,50,MEDIUM,STOP_AND_ESCALATE,ESCALATED,0.0,Payment recovery for ₹667.43 has been paused after multiple unsuccessful attempts. Our support team will review the case.,RECORDED
2026-08-27T21:42:54,TXN10347,CUST1152,10318.58,INSUFFICIENT_FUNDS,1,RETURNING,55,MEDIUM,60,MEDIUM,PAYMENT_LINK,RECOVERED,10318.58,"Hi Customer 1152, your payment of ₹10,318.58 could not be completed. You can complete your payment using the secure payment link provided.",RECORDED
2026-08-27T21:42:54,TXN10348,CUST1212,1689.61,INSUFFICIENT_FUNDS,2,RETURNING,55,MEDIUM,45,MEDIUM,PAYMENT_LINK,FAILED,0.0,"Hi Customer 1212, your payment of ₹1,689.61 could not be completed. You can complete your payment using the secure payment link provided.",RECORDED
2026-08-27T21:42:54,TXN10349,CUST1213,43154.85,NETWORK_ERROR,3,NEW,50,MEDIUM,75,HIGH,STOP_AND_ESCALATE,ESCALATED,0.0,"Payment recovery for ₹43,154.85 has been paused after multiple unsuccessful attempts. Our support team will review the case.",RECORDED
2026-08-27T21:42:54,TXN10350,CUST1133,5673.05,TEMPORARY_BANK_ERROR,1,RETURNING,85,HIGH,60,MEDIUM,RETRY,FAILED,0.0,"Hi Customer 1133, your payment of ₹5,673.05 could not be completed due to a temporary payment issue. Please try the payment again after a short while.",RECORDED
2026-08-27T21:42:54,TXN10351,CUST1114,4374.0,NETWORK_ERROR,3,NEW,25,LOW,25,LOW,STOP_AND_ESCALATE,ESCALATED,0.0,"Payment recovery for ₹4,374.00 has been paused after multiple unsuccessful attempts. Our support team will review the case.",RECORDED
2026-08-27T21:42:54,TXN10352,CUST1151,6153.28,INSUFFICIENT_FUNDS,3,NEW,20,LOW,40,MEDIUM,STOP_AND_ESCALATE,ESCALATED,0.0,"Payment recovery for ₹6,153.28 has been paused after multiple unsuccessful attempts. Our support team will review the case.",RECORDED
2026-08-27T21:42:54,TXN10353,CUST1140,6454.47,NETWORK_ERROR,3,LOYAL,55,MEDIUM,60,MEDIUM,STOP_AND_ESCALATE,ESCALATED,0.0,"Payment recovery for ₹6,454.47 has been paused after multiple unsuccessful attempts. Our support team will review the case.",RECORDED
2026-08-27T21:42:54,TXN10354,CUST1281,1765.95,TEMPORARY_BANK_ERROR,1,RETURNING,85,HIGH,50,MEDIUM,RETRY,FAILED,0.0,"Hi Customer 1281, your payment of ₹1,765.95 could not be completed due to a temporary payment issue. Please try the payment again after a short while.",RECORDED
2026-08-27T21:42:54,TXN10355,CUST1170,40592.04,UNKNOWN,1,NEW,65,MEDIUM,75,HIGH,REMINDER,RECOVERED,40592.04,"Hi Customer 1170, this is a reminder regarding your pending payment of ₹40,592.04. Please complete the payment at your convenience.",RECORDED
2026-08-27T21:42:54,TXN10356,CUST1119,323.28,INSUFFICIENT_FUNDS,1,NEW,50,MEDIUM,30,LOW,PAYMENT_LINK,RECOVERED,323.28,"Hi Customer 1119, your payment of ₹323.28 could not be completed. You can complete your payment using the secure payment link provided.",RECORDED
2026-08-27T21:42:54,TXN10357,CUST1146,1553.75,INSUFFICIENT_FUNDS,3,RETURNING,15,LOW,30,LOW,STOP_AND_ESCALATE,ESCALATED,0.0,"Payment recovery for ₹1,553.75 has been paused after multiple unsuccessful attempts. Our support team will review the case.",RECORDED
2026-08-27T21:42:54,TXN10358,CUST1021,1737.95,CARD_EXPIRED,3,RETURNING,30,LOW,50,MEDIUM,STOP_AND_ESCALATE,ESCALATED,0.0,"Payment recovery for ₹1,737.95 has been paused after multiple unsuccessful attempts. Our support team will review the case.",RECORDED
2026-08-27T21:42:54,TXN10359,CUST1019,39723.26,UNKNOWN,2,NEW,60,MEDIUM,75,HIGH,REMINDER,RECOVERED,39723.26,"Hi Customer 1019, this is a reminder regarding your pending payment of ₹39,723.26. Please complete the payment at your convenience.",RECORDED
2026-08-27T21:42:54,TXN10360,CUST1059,22846.49,INSUFFICIENT_FUNDS,3,NEW,25,LOW,50,MEDIUM,STOP_AND_ESCALATE,ESCALATED,0.0,"Payment recovery for ₹22,846.49 has been paused after multiple unsuccessful attempts. Our support team will review the case.",RECORDED
2026-08-27T21:42:54,TXN10361,CUST1123,38350.63,NETWORK_ERROR,1,RETURNING,70,HIGH,75,HIGH,RETRY,FAILED,0.0,"Hi Customer 1123, your payment of ₹38,350.63 could not be completed due to a temporary payment issue. Please try the payment again after a short while.",RECORDED
2026-08-27T21:42:54,TXN10362,CUST1208,370.67,AUTHENTICATION_FAILURE,2,RETURNING,55,MEDIUM,40,MEDIUM,CUSTOMER_PROMPT,RECOVERED,370.67,"Hi Customer 1208, your payment of ₹370.67 needs your attention. Please verify your payment details and try again.",RECORDED
2026-08-27T21:42:54,TXN10363,CUST1214,38529.43,INSUFFICIENT_FUNDS,2,NEW,35,LOW,55,MEDIUM,PAYMENT_LINK,RECOVERED,38529.43,"Hi Customer 1214, your payment of ₹38,529.43 could not be completed. You can complete your payment using the secure payment link provided.",RECORDED
2026-08-27T21:42:54,TXN10364,CUST1266,5464.87,NETWORK_ERROR,4,RETURNING,40,MEDIUM,50,MEDIUM,STOP_AND_ESCALATE,ESCALATED,0.0,"Payment recovery for ₹5,464.87 has been paused after multiple unsuccessful attempts. Our support team will review the case.",RECORDED
2026-08-27T21:42:54,TXN10365,CUST1080,686.7,CARD_EXPIRED,2,NEW,25,LOW,20,LOW,MANUAL_REVIEW,MANUAL_REVIEW,0.0,Your payment of ₹686.70 has been flagged for manual review. No further automatic recovery action will be taken at this time.,RECORDED
2026-08-27T21:42:54,TXN10366,CUST1194,27754.37,INSUFFICIENT_FUNDS,2,RETURNING,65,MEDIUM,75,HIGH,PAYMENT_LINK,RECOVERED,27754.37,"Hi Customer 1194, your payment of ₹27,754.37 could not be completed. You can complete your payment using the secure payment link provided.",RECORDED
2026-08-27T21:42:54,TXN10367,CUST1277,1889.32,NETWORK_ERROR,1,LOYAL,85,HIGH,55,MEDIUM,RETRY,RECOVERED,1889.32,"Hi Customer 1277, your payment of ₹1,889.32 could not be completed due to a temporary payment issue. Please try the payment again after a short while.",RECORDED
2026-08-27T21:42:54,TXN10368,CUST1256,42865.92,NETWORK_ERROR,4,LOYAL,60,MEDIUM,80,HIGH,STOP_AND_ESCALATE,ESCALATED,0.0,"Payment recovery for ₹42,865.92 has been paused after multiple unsuccessful attempts. Our support team will review the case.",RECORDED
2026-08-27T21:42:54,TXN10369,CUST1186,26609.64,NETWORK_ERROR,2,LOYAL,85,HIGH,85,HIGH,RETRY,RECOVERED,26609.64,"Hi Customer 1186, your payment of ₹26,609.64 could not be completed due to a temporary payment issue. Please try the payment again after a short while.",RECORDED
2026-08-27T21:42:54,TXN10370,CUST1037,1124.56,NETWORK_ERROR,1,LOYAL,95,HIGH,60,MEDIUM,RETRY,RECOVERED,1124.56,"Hi Customer 1037, your payment of ₹1,124.56 could not be completed due to a temporary payment issue. Please try the payment again after a short while.",RECORDED
2026-08-27T21:42:54,TXN10371,CUST1252,23065.57,TEMPORARY_BANK_ERROR,3,LOYAL,80,HIGH,90,HIGH,STOP_AND_ESCALATE,ESCALATED,0.0,"Payment recovery for ₹23,065.57 has been paused after multiple unsuccessful attempts. Our support team will review the case.",RECORDED
2026-08-27T21:42:54,TXN10372,CUST1165,771.59,TEMPORARY_BANK_ERROR,4,RETURNING,50,MEDIUM,40,MEDIUM,STOP_AND_ESCALATE,ESCALATED,0.0,Payment recovery for ₹771.59 has been paused after multiple unsuccessful attempts. Our support team will review the case.,RECORDED
2026-08-27T21:42:54,TXN10373,CUST1137,38246.34,TEMPORARY_BANK_ERROR,3,LOYAL,75,HIGH,90,HIGH,STOP_AND_ESCALATE,ESCALATED,0.0,"Payment recovery for ₹38,246.34 has been paused after multiple unsuccessful attempts. Our support team will review the case.",RECORDED
2026-08-27T21:42:54,TXN10374,CUST1138,35532.89,TEMPORARY_BANK_ERROR,1,RETURNING,85,HIGH,80,HIGH,RETRY,FAILED,0.0,"Hi Customer 1138, your payment of ₹35,532.89 could not be completed due to a temporary payment issue. Please try the payment again after a short while.",RECORDED
2026-08-27T21:42:54,TXN10375,CUST1165,31107.1,UNKNOWN,4,RETURNING,45,MEDIUM,75,HIGH,STOP_AND_ESCALATE,ESCALATED,0.0,"Payment recovery for ₹31,107.10 has been paused after multiple unsuccessful attempts. Our support team will review the case.",RECORDED
2026-08-27T21:42:54,TXN10376,CUST1132,2426.73,INSUFFICIENT_FUNDS,3,RETURNING,20,LOW,35,LOW,STOP_AND_ESCALATE,ESCALATED,0.0,"Payment recovery for ₹2,426.73 has been paused after multiple unsuccessful attempts. Our support team will review the case.",RECORDED
2026-08-27T21:42:54,TXN10377,CUST1103,7153.41,NETWORK_ERROR,3,RETURNING,50,MEDIUM,55,MEDIUM,STOP_AND_ESCALATE,ESCALATED,0.0,"Payment recovery for ₹7,153.41 has been paused after multiple unsuccessful attempts. Our support team will review the case.",RECORDED
2026-08-27T21:42:54,TXN10378,CUST1042,1468.25,TEMPORARY_BANK_ERROR,4,LOYAL,75,HIGH,70,HIGH,STOP_AND_ESCALATE,ESCALATED,0.0,"Payment recovery for ₹1,468.25 has been paused after multiple unsuccessful attempts. Our support team will review the case.",RECORDED
2026-08-27T21:42:54,TXN10379,CUST1229,5638.52,UNKNOWN,1,RETURNING,55,MEDIUM,50,MEDIUM,REMINDER,FAILED,0.0,"Hi Customer 1229, this is a reminder regarding your pending payment of ₹5,638.52. Please complete the payment at your convenience.",RECORDED
2026-08-27T21:42:54,TXN10380,CUST1115,39622.59,INSUFFICIENT_FUNDS,2,NEW,55,MEDIUM,75,HIGH,PAYMENT_LINK,FAILED,0.0,"Hi Customer 1115, your payment of ₹39,622.59 could not be completed. You can complete your payment using the secure payment link provided.",RECORDED
2026-08-27T21:42:54,TXN10381,CUST1072,642.31,INSUFFICIENT_FUNDS,3,LOYAL,50,MEDIUM,50,MEDIUM,STOP_AND_ESCALATE,ESCALATED,0.0,Payment recovery for ₹642.31 has been paused after multiple unsuccessful attempts. Our support team will review the case.,RECORDED
2026-08-27T21:42:54,TXN10382,CUST1275,45894.63,INSUFFICIENT_FUNDS,3,RETURNING,35,LOW,70,HIGH,STOP_AND_ESCALATE,ESCALATED,0.0,"Payment recovery for ₹45,894.63 has been paused after multiple unsuccessful attempts. Our support team will review the case.",RECORDED
2026-08-27T21:42:54,TXN10383,CUST1057,824.51,AUTHENTICATION_FAILURE,2,LOYAL,75,HIGH,65,MEDIUM,CUSTOMER_PROMPT,FAILED,0.0,"Hi Customer 1057, your payment of ₹824.51 needs your attention. Please verify your payment details and try again.",RECORDED
2026-08-27T21:42:54,TXN10384,CUST1295,5752.39,TEMPORARY_BANK_ERROR,3,NEW,40,MEDIUM,45,MEDIUM,STOP_AND_ESCALATE,ESCALATED,0.0,"Payment recovery for ₹5,752.39 has been paused after multiple unsuccessful attempts. Our support team will review the case.",RECORDED
2026-08-27T21:42:54,TXN10385,CUST1027,16222.86,TEMPORARY_BANK_ERROR,4,RETURNING,45,MEDIUM,60,MEDIUM,STOP_AND_ESCALATE,ESCALATED,0.0,"Payment recovery for ₹16,222.86 has been paused after multiple unsuccessful attempts. Our support team will review the case.",RECORDED
2026-08-27T21:42:54,TXN10386,CUST1277,838.58,NETWORK_ERROR,2,NEW,50,MEDIUM,25,LOW,RETRY,RECOVERED,838.58,"Hi Customer 1277, your payment of ₹838.58 could not be completed due to a temporary payment issue. Please try the payment again after a short while.",RECORDED
2026-08-27T21:42:54,TXN10387,CUST1111,4419.05,NETWORK_ERROR,4,NEW,25,LOW,25,LOW,STOP_AND_ESCALATE,ESCALATED,0.0,"Payment recovery for ₹4,419.05 has been paused after multiple unsuccessful attempts. Our support team will review the case.",RECORDED
2026-08-27T21:42:54,TXN10388,CUST1277,27669.86,NETWORK_ERROR,1,RETURNING,85,HIGH,80,HIGH,RETRY,FAILED,0.0,"Hi Customer 1277, your payment of ₹27,669.86 could not be completed due to a temporary payment issue. Please try the payment again after a short while.",RECORDED
2026-08-27T21:42:54,TXN10389,CUST1031,1504.01,TEMPORARY_BANK_ERROR,3,LOYAL,70,HIGH,60,MEDIUM,STOP_AND_ESCALATE,ESCALATED,0.0,"Payment recovery for ₹1,504.01 has been paused after multiple unsuccessful attempts. Our support team will review the case.",RECORDED
2026-08-27T21:42:54,TXN10390,CUST1248,4971.37,AUTHENTICATION_FAILURE,4,RETURNING,25,LOW,40,MEDIUM,STOP_AND_ESCALATE,ESCALATED,0.0,"Payment recovery for ₹4,971.37 has been paused after multiple unsuccessful attempts. Our support team will review the case.",RECORDED
2026-08-27T21:42:54,TXN10391,CUST1076,23129.32,UNKNOWN,1,RETURNING,80,HIGH,80,HIGH,REMINDER,FAILED,0.0,"Hi Customer 1076, this is a reminder regarding your pending payment of ₹23,129.32. Please complete the payment at your convenience.",RECORDED
2026-08-27T21:42:54,TXN10392,CUST1219,35789.81,NETWORK_ERROR,2,LOYAL,85,HIGH,85,HIGH,RETRY,FAILED,0.0,"Hi Customer 1219, your payment of ₹35,789.81 could not be completed due to a temporary payment issue. Please try the payment again after a short while.",RECORDED
2026-08-27T21:42:54,TXN10393,CUST1184,8833.23,AUTHENTICATION_FAILURE,2,LOYAL,70,HIGH,70,HIGH,CUSTOMER_PROMPT,FAILED,0.0,"Hi Customer 1184, your payment of ₹8,833.23 needs your attention. Please verify your payment details and try again.",RECORDED
2026-08-27T21:42:54,TXN10394,CUST1126,47555.8,CARD_EXPIRED,3,RETURNING,30,LOW,70,HIGH,STOP_AND_ESCALATE,ESCALATED,0.0,"Payment recovery for ₹47,555.80 has been paused after multiple unsuccessful attempts. Our support team will review the case.",RECORDED
2026-08-27T21:42:54,TXN10395,CUST1275,44962.87,TEMPORARY_BANK_ERROR,3,RETURNING,45,MEDIUM,70,HIGH,STOP_AND_ESCALATE,ESCALATED,0.0,"Payment recovery for ₹44,962.87 has been paused after multiple unsuccessful attempts. Our support team will review the case.",RECORDED
2026-08-27T21:42:54,TXN10396,CUST1278,876.75,INSUFFICIENT_FUNDS,4,RETURNING,35,LOW,45,MEDIUM,STOP_AND_ESCALATE,ESCALATED,0.0,Payment recovery for ₹876.75 has been paused after multiple unsuccessful attempts. Our support team will review the case.,RECORDED
2026-08-27T21:42:54,TXN10397,CUST1001,19525.87,INSUFFICIENT_FUNDS,1,RETURNING,55,MEDIUM,60,MEDIUM,PAYMENT_LINK,FAILED,0.0,"Hi Customer 1001, your payment of ₹19,525.87 could not be completed. You can complete your payment using the secure payment link provided.",RECORDED
2026-08-27T21:42:54,TXN10398,CUST1093,1567.76,NETWORK_ERROR,2,RETURNING,65,MEDIUM,40,MEDIUM,RETRY,RECOVERED,1567.76,"Hi Customer 1093, your payment of ₹1,567.76 could not be completed due to a temporary payment issue. Please try the payment again after a short while.",RECORDED
2026-08-27T21:42:54,TXN10399,CUST1136,30423.23,NETWORK_ERROR,1,LOYAL,100,HIGH,90,HIGH,RETRY,RECOVERED,30423.23,"Hi Customer 1136, your payment of ₹30,423.23 could not be completed due to a temporary payment issue. Please try the payment again after a short while.",RECORDED
2026-08-27T21:42:54,TXN10400,CUST1071,3285.28,INSUFFICIENT_FUNDS,1,NEW,35,LOW,25,LOW,PAYMENT_LINK,RECOVERED,3285.28,"Hi Customer 1071, your payment of ₹3,285.28 could not be completed. You can complete your payment using the secure payment link provided.",RECORDED
2026-08-27T21:42:54,TXN10401,CUST1220,7564.3,AUTHENTICATION_FAILURE,3,RETURNING,30,LOW,60,MEDIUM,STOP_AND_ESCALATE,ESCALATED,0.0,"Payment recovery for ₹7,564.30 has been paused after multiple unsuccessful attempts. Our support team will review the case.",RECORDED
2026-08-27T21:42:54,TXN10402,CUST1226,8679.69,NETWORK_ERROR,3,NEW,40,MEDIUM,45,MEDIUM,STOP_AND_ESCALATE,ESCALATED,0.0,"Payment recovery for ₹8,679.69 has been paused after multiple unsuccessful attempts. Our support team will review the case.",RECORDED
2026-08-27T21:42:54,TXN10403,CUST1183,4339.84,NETWORK_ERROR,3,RETURNING,55,MEDIUM,55,MEDIUM,STOP_AND_ESCALATE,ESCALATED,0.0,"Payment recovery for ₹4,339.84 has been paused after multiple unsuccessful attempts. Our support team will review the case.",RECORDED
2026-08-27T21:42:54,TXN10404,CUST1057,47886.46,INSUFFICIENT_FUNDS,3,RETURNING,40,MEDIUM,75,HIGH,STOP_AND_ESCALATE,ESCALATED,0.0,"Payment recovery for ₹47,886.46 has been paused after multiple unsuccessful attempts. Our support team will review the case.",RECORDED
2026-08-27T21:42:54,TXN10405,CUST1209,7649.26,INSUFFICIENT_FUNDS,4,RETURNING,35,LOW,50,MEDIUM,STOP_AND_ESCALATE,ESCALATED,0.0,"Payment recovery for ₹7,649.26 has been paused after multiple unsuccessful attempts. Our support team will review the case.",RECORDED
2026-08-27T21:42:54,TXN10406,CUST1141,6327.48,TEMPORARY_BANK_ERROR,3,LOYAL,70,HIGH,70,HIGH,STOP_AND_ESCALATE,ESCALATED,0.0,"Payment recovery for ₹6,327.48 has been paused after multiple unsuccessful attempts. Our support team will review the case.",RECORDED
2026-08-27T21:42:54,TXN10407,CUST1151,9304.95,NETWORK_ERROR,4,NEW,40,MEDIUM,45,MEDIUM,STOP_AND_ESCALATE,ESCALATED,0.0,"Payment recovery for ₹9,304.95 has been paused after multiple unsuccessful attempts. Our support team will review the case.",RECORDED
2026-08-27T21:42:54,TXN10408,CUST1139,12224.22,NETWORK_ERROR,2,RETURNING,65,MEDIUM,60,MEDIUM,RETRY,RECOVERED,12224.22,"Hi Customer 1139, your payment of ₹12,224.22 could not be completed due to a temporary payment issue. Please try the payment again after a short while.",RECORDED
2026-08-27T21:42:54,TXN10409,CUST1115,1835.52,TEMPORARY_BANK_ERROR,2,RETURNING,75,HIGH,50,MEDIUM,RETRY,RECOVERED,1835.52,"Hi Customer 1115, your payment of ₹1,835.52 could not be completed due to a temporary payment issue. Please try the payment again after a short while.",RECORDED
2026-08-27T21:42:54,TXN10410,CUST1276,7878.67,INSUFFICIENT_FUNDS,4,RETURNING,15,LOW,40,MEDIUM,STOP_AND_ESCALATE,ESCALATED,0.0,"Payment recovery for ₹7,878.67 has been paused after multiple unsuccessful attempts. Our support team will review the case.",RECORDED
2026-08-27T21:42:54,TXN10411,CUST1226,24205.27,TEMPORARY_BANK_ERROR,3,RETURNING,65,MEDIUM,75,HIGH,STOP_AND_ESCALATE,ESCALATED,0.0,"Payment recovery for ₹24,205.27 has been paused after multiple unsuccessful attempts. Our support team will review the case.",RECORDED
2026-08-27T21:42:54,TXN10412,CUST1004,7255.59,TEMPORARY_BANK_ERROR,3,RETURNING,40,MEDIUM,50,MEDIUM,STOP_AND_ESCALATE,ESCALATED,0.0,"Payment recovery for ₹7,255.59 has been paused after multiple unsuccessful attempts. Our support team will review the case.",RECORDED
2026-08-27T21:42:54,TXN10413,CUST1187,24461.66,TEMPORARY_BANK_ERROR,4,LOYAL,80,HIGH,90,HIGH,STOP_AND_ESCALATE,ESCALATED,0.0,"Payment recovery for ₹24,461.66 has been paused after multiple unsuccessful attempts. Our support team will review the case.",RECORDED
2026-08-27T21:42:54,TXN10414,CUST1219,18922.48,NETWORK_ERROR,4,NEW,30,LOW,45,MEDIUM,STOP_AND_ESCALATE,ESCALATED,0.0,"Payment recovery for ₹18,922.48 has been paused after multiple unsuccessful attempts. Our support team will review the case.",RECORDED
2026-08-27T21:42:54,TXN10415,CUST1277,1969.42,TEMPORARY_BANK_ERROR,4,NEW,25,LOW,25,LOW,STOP_AND_ESCALATE,ESCALATED,0.0,"Payment recovery for ₹1,969.42 has been paused after multiple unsuccessful attempts. Our support team will review the case.",RECORDED
2026-08-27T21:42:54,TXN10416,CUST1207,20114.32,CARD_EXPIRED,1,RETURNING,60,MEDIUM,65,MEDIUM,CUSTOMER_PROMPT,RECOVERED,20114.32,"Hi Customer 1207, your payment of ₹20,114.32 needs your attention. Please verify your payment details and try again.",RECORDED
2026-08-27T21:42:54,TXN10417,CUST1013,8444.91,INSUFFICIENT_FUNDS,2,NEW,30,LOW,35,LOW,PAYMENT_LINK,FAILED,0.0,"Hi Customer 1013, your payment of ₹8,444.91 could not be completed. You can complete your payment using the secure payment link provided.",RECORDED
2026-08-27T21:42:54,TXN10418,CUST1057,42944.94,INSUFFICIENT_FUNDS,3,RETURNING,25,LOW,65,MEDIUM,STOP_AND_ESCALATE,ESCALATED,0.0,"Payment recovery for ₹42,944.94 has been paused after multiple unsuccessful attempts. Our support team will review the case.",RECORDED
2026-08-27T21:42:54,TXN10419,CUST1272,1429.96,TEMPORARY_BANK_ERROR,4,RETURNING,60,MEDIUM,55,MEDIUM,STOP_AND_ESCALATE,ESCALATED,0.0,"Payment recovery for ₹1,429.96 has been paused after multiple unsuccessful attempts. Our support team will review the case.",RECORDED
2026-08-27T21:42:54,TXN10420,CUST1099,18959.3,UNKNOWN,4,RETURNING,50,MEDIUM,75,HIGH,STOP_AND_ESCALATE,ESCALATED,0.0,"Payment recovery for ₹18,959.30 has been paused after multiple unsuccessful attempts. Our support team will review the case.",RECORDED
2026-08-27T21:42:54,TXN10421,CUST1140,1425.44,INSUFFICIENT_FUNDS,1,RETURNING,70,HIGH,60,MEDIUM,PAYMENT_LINK,RECOVERED,1425.44,"Hi Customer 1140, your payment of ₹1,425.44 could not be completed. You can complete your payment using the secure payment link provided.",RECORDED
2026-08-27T21:42:54,TXN10422,CUST1283,21123.98,AUTHENTICATION_FAILURE,4,RETURNING,20,LOW,55,MEDIUM,STOP_AND_ESCALATE,ESCALATED,0.0,"Payment recovery for ₹21,123.98 has been paused after multiple unsuccessful attempts. Our support team will review the case.",RECORDED
2026-08-27T21:42:54,TXN10423,CUST1102,13829.16,INSUFFICIENT_FUNDS,2,RETURNING,60,MEDIUM,65,MEDIUM,PAYMENT_LINK,FAILED,0.0,"Hi Customer 1102, your payment of ₹13,829.16 could not be completed. You can complete your payment using the secure payment link provided.",RECORDED
2026-08-27T21:42:54,TXN10424,CUST1170,7037.94,NETWORK_ERROR,1,RETURNING,80,HIGH,60,MEDIUM,RETRY,RECOVERED,7037.94,"Hi Customer 1170, your payment of ₹7,037.94 could not be completed due to a temporary payment issue. Please try the payment again after a short while.",RECORDED
2026-08-27T21:42:54,TXN10425,CUST1095,7263.78,UNKNOWN,4,NEW,10,LOW,30,LOW,STOP_AND_ESCALATE,ESCALATED,0.0,"Payment recovery for ₹7,263.78 has been paused after multiple unsuccessful attempts. Our support team will review the case.",RECORDED
2026-08-27T21:42:54,TXN10426,CUST1296,18608.18,TEMPORARY_BANK_ERROR,1,RETURNING,85,HIGH,70,HIGH,RETRY,RECOVERED,18608.18,"Hi Customer 1296, your payment of ₹18,608.18 could not be completed due to a temporary payment issue. Please try the payment again after a short while.",RECORDED
2026-08-27T21:42:54,TXN10427,CUST1002,42817.07,INSUFFICIENT_FUNDS,3,LOYAL,40,MEDIUM,80,HIGH,STOP_AND_ESCALATE,ESCALATED,0.0,"Payment recovery for ₹42,817.07 has been paused after multiple unsuccessful attempts. Our support team will review the case.",RECORDED
2026-08-27T21:42:54,TXN10428,CUST1068,3528.87,TEMPORARY_BANK_ERROR,2,NEW,70,HIGH,50,MEDIUM,RETRY,FAILED,0.0,"Hi Customer 1068, your payment of ₹3,528.87 could not be completed due to a temporary payment issue. Please try the payment again after a short while.",RECORDED
2026-08-27T21:42:54,TXN10429,CUST1093,6371.12,NETWORK_ERROR,2,NEW,50,MEDIUM,40,MEDIUM,RETRY,FAILED,0.0,"Hi Customer 1093, your payment of ₹6,371.12 could not be completed due to a temporary payment issue. Please try the payment again after a short while.",RECORDED
2026-08-27T21:42:54,TXN10430,CUST1208,2132.72,TEMPORARY_BANK_ERROR,1,NEW,70,HIGH,40,MEDIUM,RETRY,RECOVERED,2132.72,"Hi Customer 1208, your payment of ₹2,132.72 could not be completed due to a temporary payment issue. Please try the payment again after a short while.",RECORDED
2026-08-27T21:42:54,TXN10431,CUST1186,8946.41,INSUFFICIENT_FUNDS,3,LOYAL,55,MEDIUM,75,HIGH,STOP_AND_ESCALATE,ESCALATED,0.0,"Payment recovery for ₹8,946.41 has been paused after multiple unsuccessful attempts. Our support team will review the case.",RECORDED
2026-08-27T21:42:54,TXN10432,CUST1129,41494.88,AUTHENTICATION_FAILURE,1,NEW,50,MEDIUM,65,MEDIUM,CUSTOMER_PROMPT,FAILED,0.0,"Hi Customer 1129, your payment of ₹41,494.88 needs your attention. Please verify your payment details and try again.",RECORDED
2026-08-27T21:42:54,TXN10433,CUST1253,32642.87,AUTHENTICATION_FAILURE,4,NEW,5,LOW,50,MEDIUM,STOP_AND_ESCALATE,ESCALATED,0.0,"Payment recovery for ₹32,642.87 has been paused after multiple unsuccessful attempts. Our support team will review the case.",RECORDED
2026-08-27T21:42:54,TXN10434,CUST1075,493.01,TEMPORARY_BANK_ERROR,4,NEW,40,MEDIUM,30,LOW,STOP_AND_ESCALATE,ESCALATED,0.0,Payment recovery for ₹493.01 has been paused after multiple unsuccessful attempts. Our support team will review the case.,RECORDED
2026-08-27T21:42:54,TXN10435,CUST1274,23279.93,INSUFFICIENT_FUNDS,3,NEW,10,LOW,40,MEDIUM,STOP_AND_ESCALATE,ESCALATED,0.0,"Payment recovery for ₹23,279.93 has been paused after multiple unsuccessful attempts. Our support team will review the case.",RECORDED
2026-08-27T21:42:54,TXN10436,CUST1271,21855.68,INSUFFICIENT_FUNDS,4,NEW,30,LOW,60,MEDIUM,STOP_AND_ESCALATE,ESCALATED,0.0,"Payment recovery for ₹21,855.68 has been paused after multiple unsuccessful attempts. Our support team will review the case.",RECORDED
2026-08-27T21:42:54,TXN10437,CUST1179,33393.55,TEMPORARY_BANK_ERROR,2,RETURNING,70,HIGH,75,HIGH,RETRY,RECOVERED,33393.55,"Hi Customer 1179, your payment of ₹33,393.55 could not be completed due to a temporary payment issue. Please try the payment again after a short while.",RECORDED
2026-08-27T21:42:54,TXN10438,CUST1049,19199.75,NETWORK_ERROR,1,RETURNING,90,HIGH,70,HIGH,RETRY,RECOVERED,19199.75,"Hi Customer 1049, your payment of ₹19,199.75 could not be completed due to a temporary payment issue. Please try the payment again after a short while.",RECORDED
2026-08-27T21:42:54,TXN10439,CUST1094,913.59,UNKNOWN,1,NEW,40,MEDIUM,25,LOW,REMINDER,FAILED,0.0,"Hi Customer 1094, this is a reminder regarding your pending payment of ₹913.59. Please complete the payment at your convenience.",RECORDED
2026-08-27T21:42:54,TXN10440,CUST1186,41752.72,NETWORK_ERROR,3,RETURNING,60,MEDIUM,75,HIGH,STOP_AND_ESCALATE,ESCALATED,0.0,"Payment recovery for ₹41,752.72 has been paused after multiple unsuccessful attempts. Our support team will review the case.",RECORDED
2026-08-27T21:42:54,TXN10441,CUST1128,939.14,TEMPORARY_BANK_ERROR,1,RETURNING,70,HIGH,40,MEDIUM,RETRY,RECOVERED,939.14,"Hi Customer 1128, your payment of ₹939.14 could not be completed due to a temporary payment issue. Please try the payment again after a short while.",RECORDED
2026-08-27T21:42:54,TXN10442,CUST1180,34127.69,CARD_EXPIRED,4,LOYAL,55,MEDIUM,95,HIGH,STOP_AND_ESCALATE,ESCALATED,0.0,"Payment recovery for ₹34,127.69 has been paused after multiple unsuccessful attempts. Our support team will review the case.",RECORDED
2026-08-27T21:42:54,TXN10443,CUST1282,44622.5,NETWORK_ERROR,1,NEW,80,HIGH,80,HIGH,RETRY,RECOVERED,44622.5,"Hi Customer 1282, your payment of ₹44,622.50 could not be completed due to a temporary payment issue. Please try the payment again after a short while.",RECORDED
2026-08-27T21:42:54,TXN10444,CUST1297,6824.6,TEMPORARY_BANK_ERROR,4,RETURNING,40,MEDIUM,50,MEDIUM,STOP_AND_ESCALATE,ESCALATED,0.0,"Payment recovery for ₹6,824.60 has been paused after multiple unsuccessful attempts. Our support team will review the case.",RECORDED
2026-08-27T21:42:54,TXN10445,CUST1282,7002.02,TEMPORARY_BANK_ERROR,2,RETURNING,65,MEDIUM,50,MEDIUM,RETRY,FAILED,0.0,"Hi Customer 1282, your payment of ₹7,002.02 could not be completed due to a temporary payment issue. Please try the payment again after a short while.",RECORDED
2026-08-27T21:42:54,TXN10446,CUST1225,4730.21,INSUFFICIENT_FUNDS,1,RETURNING,45,MEDIUM,40,MEDIUM,PAYMENT_LINK,RECOVERED,4730.21,"Hi Customer 1225, your payment of ₹4,730.21 could not be completed. You can complete your payment using the secure payment link provided.",RECORDED
2026-08-27T21:42:54,TXN10447,CUST1193,41098.22,AUTHENTICATION_FAILURE,2,RETURNING,45,MEDIUM,70,HIGH,CUSTOMER_PROMPT,FAILED,0.0,"Hi Customer 1193, your payment of ₹41,098.22 needs your attention. Please verify your payment details and try again.",RECORDED
2026-08-27T21:42:54,TXN10448,CUST1161,289.75,TEMPORARY_BANK_ERROR,2,NEW,65,MEDIUM,30,LOW,RETRY,RECOVERED,289.75,"Hi Customer 1161, your payment of ₹289.75 could not be completed due to a temporary payment issue. Please try the payment again after a short while.",RECORDED
2026-08-27T21:42:54,TXN10449,CUST1095,1850.08,NETWORK_ERROR,1,RETURNING,85,HIGH,50,MEDIUM,RETRY,FAILED,0.0,"Hi Customer 1095, your payment of ₹1,850.08 could not be completed due to a temporary payment issue. Please try the payment again after a short while.",RECORDED
2026-08-27T21:42:54,TXN10450,CUST1103,47836.99,INSUFFICIENT_FUNDS,3,RETURNING,40,MEDIUM,75,HIGH,STOP_AND_ESCALATE,ESCALATED,0.0,"Payment recovery for ₹47,836.99 has been paused after multiple unsuccessful attempts. Our support team will review the case.",RECORDED
2026-08-27T21:42:54,TXN10451,CUST1168,428.99,TEMPORARY_BANK_ERROR,2,RETURNING,65,MEDIUM,35,LOW,RETRY,RECOVERED,428.99,"Hi Customer 1168, your payment of ₹428.99 could not be completed due to a temporary payment issue. Please try the payment again after a short while.",RECORDED
2026-08-27T21:42:54,TXN10452,CUST1244,22730.48,INSUFFICIENT_FUNDS,2,RETURNING,50,MEDIUM,60,MEDIUM,PAYMENT_LINK,FAILED,0.0,"Hi Customer 1244, your payment of ₹22,730.48 could not be completed. You can complete your payment using the secure payment link provided.",RECORDED
2026-08-27T21:42:54,TXN10453,CUST1094,4852.41,UNKNOWN,3,NEW,25,LOW,30,LOW,STOP_AND_ESCALATE,ESCALATED,0.0,"Payment recovery for ₹4,852.41 has been paused after multiple unsuccessful attempts. Our support team will review the case.",RECORDED
2026-08-27T21:42:54,TXN10454,CUST1053,882.96,INSUFFICIENT_FUNDS,3,RETURNING,15,LOW,25,LOW,STOP_AND_ESCALATE,ESCALATED,0.0,Payment recovery for ₹882.96 has been paused after multiple unsuccessful attempts. Our support team will review the case.,RECORDED
2026-08-27T21:42:54,TXN10455,CUST1193,44944.74,CARD_EXPIRED,2,LOYAL,75,HIGH,90,HIGH,CUSTOMER_PROMPT,RECOVERED,44944.74,"Hi Customer 1193, your payment of ₹44,944.74 needs your attention. Please verify your payment details and try again.",RECORDED
2026-08-27T21:42:54,TXN10456,CUST1108,22609.58,TEMPORARY_BANK_ERROR,3,RETURNING,45,MEDIUM,60,MEDIUM,STOP_AND_ESCALATE,ESCALATED,0.0,"Payment recovery for ₹22,609.58 has been paused after multiple unsuccessful attempts. Our support team will review the case.",RECORDED
2026-08-27T21:42:54,TXN10457,CUST1051,27037.51,NETWORK_ERROR,1,RETURNING,75,HIGH,75,HIGH,RETRY,RECOVERED,27037.51,"Hi Customer 1051, your payment of ₹27,037.51 could not be completed due to a temporary payment issue. Please try the payment again after a short while.",RECORDED
2026-08-27T21:42:54,TXN10458,CUST1019,8371.27,AUTHENTICATION_FAILURE,3,RETURNING,10,LOW,40,MEDIUM,STOP_AND_ESCALATE,ESCALATED,0.0,"Payment recovery for ₹8,371.27 has been paused after multiple unsuccessful attempts. Our support team will review the case.",RECORDED
2026-08-27T21:42:54,TXN10459,CUST1097,49018.92,TEMPORARY_BANK_ERROR,2,RETURNING,70,HIGH,75,HIGH,RETRY,RECOVERED,49018.92,"Hi Customer 1097, your payment of ₹49,018.92 could not be completed due to a temporary payment issue. Please try the payment again after a short while.",RECORDED
2026-08-27T21:42:54,TXN10460,CUST1262,7513.79,CARD_EXPIRED,4,RETURNING,30,LOW,50,MEDIUM,STOP_AND_ESCALATE,ESCALATED,0.0,"Payment recovery for ₹7,513.79 has been paused after multiple unsuccessful attempts. Our support team will review the case.",RECORDED
2026-08-27T21:42:54,TXN10461,CUST1087,5728.99,INSUFFICIENT_FUNDS,1,RETURNING,65,MEDIUM,55,MEDIUM,PAYMENT_LINK,FAILED,0.0,"Hi Customer 1087, your payment of ₹5,728.99 could not be completed. You can complete your payment using the secure payment link provided.",RECORDED
2026-08-27T21:42:54,TXN10462,CUST1121,9800.46,AUTHENTICATION_FAILURE,4,RETURNING,35,LOW,60,MEDIUM,STOP_AND_ESCALATE,ESCALATED,0.0,"Payment recovery for ₹9,800.46 has been paused after multiple unsuccessful attempts. Our support team will review the case.",RECORDED
2026-08-27T21:42:54,TXN10463,CUST1163,20035.16,UNKNOWN,2,RETURNING,50,MEDIUM,60,MEDIUM,REMINDER,RECOVERED,20035.16,"Hi Customer 1163, this is a reminder regarding your pending payment of ₹20,035.16. Please complete the payment at your convenience.",RECORDED
2026-08-27T21:42:54,TXN10464,CUST1216,29972.12,UNKNOWN,1,RETURNING,60,MEDIUM,70,HIGH,REMINDER,RECOVERED,29972.12,"Hi Customer 1216, this is a reminder regarding your pending payment of ₹29,972.12. Please complete the payment at your convenience.",RECORDED
2026-08-27T21:42:54,TXN10465,CUST1209,5097.81,INSUFFICIENT_FUNDS,1,RETURNING,50,MEDIUM,50,MEDIUM,PAYMENT_LINK,FAILED,0.0,"Hi Customer 1209, your payment of ₹5,097.81 could not be completed. You can complete your payment using the secure payment link provided.",RECORDED
2026-08-27T21:42:54,TXN10466,CUST1003,554.75,INSUFFICIENT_FUNDS,1,NEW,35,LOW,20,LOW,PAYMENT_LINK,RECOVERED,554.75,"Hi Customer 1003, your payment of ₹554.75 could not be completed. You can complete your payment using the secure payment link provided.",RECORDED
2026-08-27T21:42:54,TXN10467,CUST1291,1520.86,CARD_EXPIRED,3,NEW,15,LOW,25,LOW,STOP_AND_ESCALATE,ESCALATED,0.0,"Payment recovery for ₹1,520.86 has been paused after multiple unsuccessful attempts. Our support team will review the case.",RECORDED
2026-08-27T21:42:54,TXN10468,CUST1259,2634.16,TEMPORARY_BANK_ERROR,3,NEW,25,LOW,25,LOW,STOP_AND_ESCALATE,ESCALATED,0.0,"Payment recovery for ₹2,634.16 has been paused after multiple unsuccessful attempts. Our support team will review the case.",RECORDED
2026-08-27T21:42:54,TXN10469,CUST1221,22764.94,TEMPORARY_BANK_ERROR,3,RETURNING,65,MEDIUM,75,HIGH,STOP_AND_ESCALATE,ESCALATED,0.0,"Payment recovery for ₹22,764.94 has been paused after multiple unsuccessful attempts. Our support team will review the case.",RECORDED
2026-08-27T21:42:54,TXN10470,CUST1043,846.63,UNKNOWN,2,NEW,35,LOW,20,LOW,REMINDER,FAILED,0.0,"Hi Customer 1043, this is a reminder regarding your pending payment of ₹846.63. Please complete the payment at your convenience.",RECORDED
2026-08-27T21:42:54,TXN10471,CUST1154,30651.33,AUTHENTICATION_FAILURE,1,LOYAL,65,MEDIUM,80,HIGH,CUSTOMER_PROMPT,FAILED,0.0,"Hi Customer 1154, your payment of ₹30,651.33 needs your attention. Please verify your payment details and try again.",RECORDED
2026-08-27T21:42:54,TXN10472,CUST1171,814.33,INSUFFICIENT_FUNDS,2,RETURNING,60,MEDIUM,40,MEDIUM,PAYMENT_LINK,RECOVERED,814.33,"Hi Customer 1171, your payment of ₹814.33 could not be completed. You can complete your payment using the secure payment link provided.",RECORDED
2026-08-27T21:42:54,TXN10473,CUST1209,6795.09,CARD_EXPIRED,3,NEW,0,LOW,30,LOW,STOP_AND_ESCALATE,ESCALATED,0.0,"Payment recovery for ₹6,795.09 has been paused after multiple unsuccessful attempts. Our support team will review the case.",RECORDED
2026-08-27T21:42:54,TXN10474,CUST1250,6027.87,INSUFFICIENT_FUNDS,3,LOYAL,35,LOW,55,MEDIUM,STOP_AND_ESCALATE,ESCALATED,0.0,"Payment recovery for ₹6,027.87 has been paused after multiple unsuccessful attempts. Our support team will review the case.",RECORDED
2026-08-27T21:42:54,TXN10475,CUST1041,34203.58,TEMPORARY_BANK_ERROR,2,RETURNING,80,HIGH,80,HIGH,RETRY,RECOVERED,34203.58,"Hi Customer 1041, your payment of ₹34,203.58 could not be completed due to a temporary payment issue. Please try the payment again after a short while.",RECORDED
2026-08-27T21:42:54,TXN10476,CUST1028,8697.06,TEMPORARY_BANK_ERROR,3,NEW,45,MEDIUM,55,MEDIUM,STOP_AND_ESCALATE,ESCALATED,0.0,"Payment recovery for ₹8,697.06 has been paused after multiple unsuccessful attempts. Our support team will review the case.",RECORDED
2026-08-27T21:42:54,TXN10477,CUST1178,895.07,INSUFFICIENT_FUNDS,3,LOYAL,35,LOW,40,MEDIUM,STOP_AND_ESCALATE,ESCALATED,0.0,Payment recovery for ₹895.07 has been paused after multiple unsuccessful attempts. Our support team will review the case.,RECORDED
2026-08-27T21:42:54,TXN10478,CUST1014,310.67,AUTHENTICATION_FAILURE,1,LOYAL,75,HIGH,55,MEDIUM,CUSTOMER_PROMPT,FAILED,0.0,"Hi Customer 1014, your payment of ₹310.67 needs your attention. Please verify your payment details and try again.",RECORDED
2026-08-27T21:42:54,TXN10479,CUST1011,1599.06,INSUFFICIENT_FUNDS,4,RETURNING,15,LOW,30,LOW,STOP_AND_ESCALATE,ESCALATED,0.0,"Payment recovery for ₹1,599.06 has been paused after multiple unsuccessful attempts. Our support team will review the case.",RECORDED
2026-08-27T21:42:54,TXN10480,CUST1024,8371.08,TEMPORARY_BANK_ERROR,2,NEW,50,MEDIUM,40,MEDIUM,RETRY,FAILED,0.0,"Hi Customer 1024, your payment of ₹8,371.08 could not be completed due to a temporary payment issue. Please try the payment again after a short while.",RECORDED
2026-08-27T21:42:54,TXN10481,CUST1110,5056.73,NETWORK_ERROR,3,RETURNING,55,MEDIUM,55,MEDIUM,STOP_AND_ESCALATE,ESCALATED,0.0,"Payment recovery for ₹5,056.73 has been paused after multiple unsuccessful attempts. Our support team will review the case.",RECORDED
2026-08-27T21:42:54,TXN10482,CUST1093,7223.13,UNKNOWN,4,LOYAL,55,MEDIUM,65,MEDIUM,STOP_AND_ESCALATE,ESCALATED,0.0,"Payment recovery for ₹7,223.13 has been paused after multiple unsuccessful attempts. Our support team will review the case.",RECORDED
2026-08-27T21:42:54,TXN10483,CUST1075,3355.86,AUTHENTICATION_FAILURE,1,RETURNING,60,MEDIUM,55,MEDIUM,CUSTOMER_PROMPT,RECOVERED,3355.86,"Hi Customer 1075, your payment of ₹3,355.86 needs your attention. Please verify your payment details and try again.",RECORDED
2026-08-27T21:42:54,TXN10484,CUST1215,23997.51,TEMPORARY_BANK_ERROR,2,LOYAL,85,HIGH,75,HIGH,RETRY,FAILED,0.0,"Hi Customer 1215, your payment of ₹23,997.51 could not be completed due to a temporary payment issue. Please try the payment again after a short while.",RECORDED
2026-08-27T21:42:54,TXN10485,CUST1186,49128.83,INSUFFICIENT_FUNDS,3,NEW,10,LOW,50,MEDIUM,STOP_AND_ESCALATE,ESCALATED,0.0,"Payment recovery for ₹49,128.83 has been paused after multiple unsuccessful attempts. Our support team will review the case.",RECORDED
2026-08-27T21:42:54,TXN10486,CUST1293,6174.55,CARD_EXPIRED,3,NEW,20,LOW,50,MEDIUM,STOP_AND_ESCALATE,ESCALATED,0.0,"Payment recovery for ₹6,174.55 has been paused after multiple unsuccessful attempts. Our support team will review the case.",RECORDED
2026-08-27T21:42:54,TXN10487,CUST1281,49861.05,TEMPORARY_BANK_ERROR,3,RETURNING,60,MEDIUM,75,HIGH,STOP_AND_ESCALATE,ESCALATED,0.0,"Payment recovery for ₹49,861.05 has been paused after multiple unsuccessful attempts. Our support team will review the case.",RECORDED
2026-08-27T21:42:54,TXN10488,CUST1145,18332.62,AUTHENTICATION_FAILURE,3,RETURNING,20,LOW,55,MEDIUM,STOP_AND_ESCALATE,ESCALATED,0.0,"Payment recovery for ₹18,332.62 has been paused after multiple unsuccessful attempts. Our support team will review the case.",RECORDED
2026-08-27T21:42:54,TXN10489,CUST1169,28869.59,TEMPORARY_BANK_ERROR,3,RETURNING,45,MEDIUM,70,HIGH,STOP_AND_ESCALATE,ESCALATED,0.0,"Payment recovery for ₹28,869.59 has been paused after multiple unsuccessful attempts. Our support team will review the case.",RECORDED
2026-08-27T21:42:54,TXN10490,CUST1076,37973.58,INSUFFICIENT_FUNDS,1,RETURNING,55,MEDIUM,70,HIGH,PAYMENT_LINK,RECOVERED,37973.58,"Hi Customer 1076, your payment of ₹37,973.58 could not be completed. You can complete your payment using the secure payment link provided.",RECORDED
2026-08-27T21:42:54,TXN10491,CUST1248,991.97,INSUFFICIENT_FUNDS,2,RETURNING,40,MEDIUM,35,LOW,PAYMENT_LINK,RECOVERED,991.97,"Hi Customer 1248, your payment of ₹991.97 could not be completed. You can complete your payment using the secure payment link provided.",RECORDED
2026-08-27T21:42:54,TXN10492,CUST1240,2730.38,AUTHENTICATION_FAILURE,4,LOYAL,50,MEDIUM,65,MEDIUM,STOP_AND_ESCALATE,ESCALATED,0.0,"Payment recovery for ₹2,730.38 has been paused after multiple unsuccessful attempts. Our support team will review the case.",RECORDED
2026-08-27T21:42:54,TXN10493,CUST1225,849.96,AUTHENTICATION_FAILURE,2,NEW,25,LOW,20,LOW,MANUAL_REVIEW,MANUAL_REVIEW,0.0,Your payment of ₹849.96 has been flagged for manual review. No further automatic recovery action will be taken at this time.,RECORDED
2026-08-27T21:42:54,TXN10494,CUST1033,8466.35,INSUFFICIENT_FUNDS,1,LOYAL,80,HIGH,80,HIGH,PAYMENT_LINK,FAILED,0.0,"Hi Customer 1033, your payment of ₹8,466.35 could not be completed. You can complete your payment using the secure payment link provided.",RECORDED
2026-08-27T21:42:54,TXN10495,CUST1243,6751.8,TEMPORARY_BANK_ERROR,3,RETURNING,40,MEDIUM,50,MEDIUM,STOP_AND_ESCALATE,ESCALATED,0.0,"Payment recovery for ₹6,751.80 has been paused after multiple unsuccessful attempts. Our support team will review the case.",RECORDED
2026-08-27T21:42:54,TXN10496,CUST1208,24415.02,CARD_EXPIRED,1,NEW,35,LOW,45,MEDIUM,CUSTOMER_PROMPT,RECOVERED,24415.02,"Hi Customer 1208, your payment of ₹24,415.02 needs your attention. Please verify your payment details and try again.",RECORDED
2026-08-27T21:42:54,TXN10497,CUST1108,45446.85,NETWORK_ERROR,2,RETURNING,70,HIGH,75,HIGH,RETRY,RECOVERED,45446.85,"Hi Customer 1108, your payment of ₹45,446.85 could not be completed due to a temporary payment issue. Please try the payment again after a short while.",RECORDED
2026-08-27T21:42:54,TXN10498,CUST1297,45190.1,TEMPORARY_BANK_ERROR,3,NEW,50,MEDIUM,75,HIGH,STOP_AND_ESCALATE,ESCALATED,0.0,"Payment recovery for ₹45,190.10 has been paused after multiple unsuccessful attempts. Our support team will review the case.",RECORDED
2026-08-27T21:42:54,TXN10499,CUST1278,5999.97,NETWORK_ERROR,2,LOYAL,95,HIGH,70,HIGH,RETRY,FAILED,0.0,"Hi Customer 1278, your payment of ₹5,999.97 could not be completed due to a temporary payment issue. Please try the payment again after a short while.",RECORDED
2026-08-27T21:42:54,TXN10500,CUST1275,1315.67,CARD_EXPIRED,3,RETURNING,10,LOW,30,LOW,STOP_AND_ESCALATE,ESCALATED,0.0,"Payment recovery for ₹1,315.67 has been paused after multiple unsuccessful attempts. Our support team will review the case.",RECORDED
2026-08-27T21:42:54,TXN10501,CUST1081,907.4,TEMPORARY_BANK_ERROR,2,RETURNING,85,HIGH,55,MEDIUM,RETRY,RECOVERED,907.4,"Hi Customer 1081, your payment of ₹907.40 could not be completed due to a temporary payment issue. Please try the payment again after a short while.",RECORDED
2026-08-27T21:42:54,TXN10502,CUST1014,4505.82,AUTHENTICATION_FAILURE,2,RETURNING,50,MEDIUM,45,MEDIUM,CUSTOMER_PROMPT,FAILED,0.0,"Hi Customer 1014, your payment of ₹4,505.82 needs your attention. Please verify your payment details and try again.",RECORDED
2026-08-27T21:42:54,TXN10503,CUST1110,1551.3,INSUFFICIENT_FUNDS,3,RETURNING,40,MEDIUM,55,MEDIUM,STOP_AND_ESCALATE,ESCALATED,0.0,"Payment recovery for ₹1,551.30 has been paused after multiple unsuccessful attempts. Our support team will review the case.",RECORDED
2026-08-27T21:42:54,TXN10504,CUST1005,13296.24,CARD_EXPIRED,3,LOYAL,35,LOW,65,MEDIUM,STOP_AND_ESCALATE,ESCALATED,0.0,"Payment recovery for ₹13,296.24 has been paused after multiple unsuccessful attempts. Our support team will review the case.",RECORDED
2026-08-27T21:42:54,TXN10505,CUST1283,1441.58,NETWORK_ERROR,2,NEW,50,MEDIUM,30,LOW,RETRY,FAILED,0.0,"Hi Customer 1283, your payment of ₹1,441.58 could not be completed due to a temporary payment issue. Please try the payment again after a short while.",RECORDED
2026-08-27T21:42:54,TXN10506,CUST1275,8890.48,NETWORK_ERROR,2,NEW,50,MEDIUM,40,MEDIUM,RETRY,FAILED,0.0,"Hi Customer 1275, your payment of ₹8,890.48 could not be completed due to a temporary payment issue. Please try the payment again after a short while.",RECORDED
2026-08-27T21:42:54,TXN10507,CUST1245,719.99,TEMPORARY_BANK_ERROR,2,RETURNING,80,HIGH,45,MEDIUM,RETRY,RECOVERED,719.99,"Hi Customer 1245, your payment of ₹719.99 could not be completed due to a temporary payment issue. Please try the payment again after a short while.",RECORDED
2026-08-27T21:42:54,TXN10508,CUST1177,8876.58,TEMPORARY_BANK_ERROR,3,NEW,25,LOW,35,LOW,STOP_AND_ESCALATE,ESCALATED,0.0,"Payment recovery for ₹8,876.58 has been paused after multiple unsuccessful attempts. Our support team will review the case.",RECORDED
2026-08-27T21:42:54,TXN10509,CUST1098,922.23,UNKNOWN,3,RETURNING,40,MEDIUM,40,MEDIUM,STOP_AND_ESCALATE,ESCALATED,0.0,Payment recovery for ₹922.23 has been paused after multiple unsuccessful attempts. Our support team will review the case.,RECORDED
2026-08-27T21:42:54,TXN10510,CUST1078,37880.97,AUTHENTICATION_FAILURE,2,NEW,30,LOW,55,MEDIUM,CUSTOMER_PROMPT,RECOVERED,37880.97,"Hi Customer 1078, your payment of ₹37,880.97 needs your attention. Please verify your payment details and try again.",RECORDED
2026-08-27T21:42:54,TXN10511,CUST1188,35255.04,CARD_EXPIRED,2,NEW,45,MEDIUM,65,MEDIUM,CUSTOMER_PROMPT,RECOVERED,35255.04,"Hi Customer 1188, your payment of ₹35,255.04 needs your attention. Please verify your payment details and try again.",RECORDED
2026-08-27T21:42:54,TXN10512,CUST1191,449.66,INSUFFICIENT_FUNDS,1,NEW,35,LOW,20,LOW,PAYMENT_LINK,FAILED,0.0,"Hi Customer 1191, your payment of ₹449.66 could not be completed. You can complete your payment using the secure payment link provided.",RECORDED
2026-08-27T21:42:54,TXN10513,CUST1084,3106.83,NETWORK_ERROR,4,RETURNING,40,MEDIUM,40,MEDIUM,STOP_AND_ESCALATE,ESCALATED,0.0,"Payment recovery for ₹3,106.83 has been paused after multiple unsuccessful attempts. Our support team will review the case.",RECORDED
2026-08-27T21:42:54,TXN10514,CUST1131,8540.17,TEMPORARY_BANK_ERROR,4,RETURNING,35,LOW,45,MEDIUM,STOP_AND_ESCALATE,ESCALATED,0.0,"Payment recovery for ₹8,540.17 has been paused after multiple unsuccessful attempts. Our support team will review the case.",RECORDED
2026-08-27T21:42:54,TXN10515,CUST1200,33842.0,UNKNOWN,4,LOYAL,65,MEDIUM,95,HIGH,STOP_AND_ESCALATE,ESCALATED,0.0,"Payment recovery for ₹33,842.00 has been paused after multiple unsuccessful attempts. Our support team will review the case.",RECORDED
2026-08-27T21:42:54,TXN10516,CUST1096,3756.86,CARD_EXPIRED,1,LOYAL,75,HIGH,60,MEDIUM,CUSTOMER_PROMPT,FAILED,0.0,"Hi Customer 1096, your payment of ₹3,756.86 needs your attention. Please verify your payment details and try again.",RECORDED
2026-08-27T21:42:54,TXN10517,CUST1227,1502.25,NETWORK_ERROR,1,RETURNING,65,MEDIUM,40,MEDIUM,RETRY,FAILED,0.0,"Hi Customer 1227, your payment of ₹1,502.25 could not be completed due to a temporary payment issue. Please try the payment again after a short while.",RECORDED
2026-08-27T21:42:54,TXN10518,CUST1228,2864.12,INSUFFICIENT_FUNDS,2,NEW,45,MEDIUM,35,LOW,PAYMENT_LINK,RECOVERED,2864.12,"Hi Customer 1228, your payment of ₹2,864.12 could not be completed. You can complete your payment using the secure payment link provided.",RECORDED
2026-08-27T21:42:54,TXN10519,CUST1070,8519.76,TEMPORARY_BANK_ERROR,2,LOYAL,80,HIGH,65,MEDIUM,RETRY,RECOVERED,8519.76,"Hi Customer 1070, your payment of ₹8,519.76 could not be completed due to a temporary payment issue. Please try the payment again after a short while.",RECORDED
2026-08-27T21:42:54,TXN10520,CUST1008,9894.18,UNKNOWN,4,RETURNING,45,MEDIUM,65,MEDIUM,STOP_AND_ESCALATE,ESCALATED,0.0,"Payment recovery for ₹9,894.18 has been paused after multiple unsuccessful attempts. Our support team will review the case.",RECORDED
2026-08-27T21:42:54,TXN10521,CUST1023,19390.18,TEMPORARY_BANK_ERROR,1,NEW,75,HIGH,60,MEDIUM,RETRY,FAILED,0.0,"Hi Customer 1023, your payment of ₹19,390.18 could not be completed due to a temporary payment issue. Please try the payment again after a short while.",RECORDED
2026-08-27T21:42:54,TXN10522,CUST1125,1166.65,INSUFFICIENT_FUNDS,1,RETURNING,60,MEDIUM,45,MEDIUM,PAYMENT_LINK,FAILED,0.0,"Hi Customer 1125, your payment of ₹1,166.65 could not be completed. You can complete your payment using the secure payment link provided.",RECORDED
2026-08-27T21:42:54,TXN10523,CUST1206,14272.03,INSUFFICIENT_FUNDS,1,RETURNING,65,MEDIUM,65,MEDIUM,PAYMENT_LINK,FAILED,0.0,"Hi Customer 1206, your payment of ₹14,272.03 could not be completed. You can complete your payment using the secure payment link provided.",RECORDED
2026-08-27T21:42:54,TXN10524,CUST1197,35396.27,UNKNOWN,1,RETURNING,75,HIGH,90,HIGH,REMINDER,FAILED,0.0,"Hi Customer 1197, this is a reminder regarding your pending payment of ₹35,396.27. Please complete the payment at your convenience.",RECORDED
2026-08-27T21:42:54,TXN10525,CUST1064,339.14,CARD_EXPIRED,4,NEW,0,LOW,15,LOW,STOP_AND_ESCALATE,ESCALATED,0.0,Payment recovery for ₹339.14 has been paused after multiple unsuccessful attempts. Our support team will review the case.,RECORDED
2026-08-27T21:42:54,TXN10526,CUST1205,10575.25,AUTHENTICATION_FAILURE,4,LOYAL,35,LOW,65,MEDIUM,STOP_AND_ESCALATE,ESCALATED,0.0,"Payment recovery for ₹10,575.25 has been paused after multiple unsuccessful attempts. Our support team will review the case.",RECORDED
2026-08-27T21:42:54,TXN10527,CUST1128,3278.88,AUTHENTICATION_FAILURE,2,NEW,40,MEDIUM,35,LOW,CUSTOMER_PROMPT,FAILED,0.0,"Hi Customer 1128, your payment of ₹3,278.88 needs your attention. Please verify your payment details and try again.",RECORDED
2026-08-27T21:42:54,TXN10528,CUST1043,6375.82,TEMPORARY_BANK_ERROR,2,NEW,50,MEDIUM,40,MEDIUM,RETRY,RECOVERED,6375.82,"Hi Customer 1043, your payment of ₹6,375.82 could not be completed due to a temporary payment issue. Please try the payment again after a short while.",RECORDED
2026-08-27T21:42:54,TXN10529,CUST1086,37983.86,NETWORK_ERROR,2,RETURNING,80,HIGH,80,HIGH,RETRY,FAILED,0.0,"Hi Customer 1086, your payment of ₹37,983.86 could not be completed due to a temporary payment issue. Please try the payment again after a short while.",RECORDED
2026-08-27T21:42:54,TXN10530,CUST1070,29126.36,NETWORK_ERROR,1,RETURNING,75,HIGH,75,HIGH,RETRY,RECOVERED,29126.36,"Hi Customer 1070, your payment of ₹29,126.36 could not be completed due to a temporary payment issue. Please try the payment again after a short while.",RECORDED
2026-08-27T21:42:54,TXN10531,CUST1089,42330.73,NETWORK_ERROR,2,LOYAL,100,HIGH,90,HIGH,RETRY,FAILED,0.0,"Hi Customer 1089, your payment of ₹42,330.73 could not be completed due to a temporary payment issue. Please try the payment again after a short while.",RECORDED
2026-08-27T21:42:54,TXN10532,CUST1055,1272.64,TEMPORARY_BANK_ERROR,2,RETURNING,80,HIGH,60,MEDIUM,RETRY,FAILED,0.0,"Hi Customer 1055, your payment of ₹1,272.64 could not be completed due to a temporary payment issue. Please try the payment again after a short while.",RECORDED
2026-08-27T21:42:54,TXN10533,CUST1198,1254.72,CARD_EXPIRED,2,NEW,25,LOW,25,LOW,MANUAL_REVIEW,MANUAL_REVIEW,0.0,"Your payment of ₹1,254.72 has been flagged for manual review. No further automatic recovery action will be taken at this time.",RECORDED
2026-08-27T21:42:54,TXN10534,CUST1040,26494.66,TEMPORARY_BANK_ERROR,1,RETURNING,70,HIGH,75,HIGH,RETRY,RECOVERED,26494.66,"Hi Customer 1040, your payment of ₹26,494.66 could not be completed due to a temporary payment issue. Please try the payment again after a short while.",RECORDED
2026-08-27T21:42:54,TXN10535,CUST1136,344.05,TEMPORARY_BANK_ERROR,1,NEW,55,MEDIUM,25,LOW,RETRY,RECOVERED,344.05,"Hi Customer 1136, your payment of ₹344.05 could not be completed due to a temporary payment issue. Please try the payment again after a short while.",RECORDED
2026-08-27T21:42:54,TXN10536,CUST1073,2891.79,TEMPORARY_BANK_ERROR,2,NEW,65,MEDIUM,35,LOW,RETRY,RECOVERED,2891.79,"Hi Customer 1073, your payment of ₹2,891.79 could not be completed due to a temporary payment issue. Please try the payment again after a short while.",RECORDED
2026-08-27T21:42:54,TXN10537,CUST1046,1161.21,INSUFFICIENT_FUNDS,1,RETURNING,45,MEDIUM,40,MEDIUM,PAYMENT_LINK,FAILED,0.0,"Hi Customer 1046, your payment of ₹1,161.21 could not be completed. You can complete your payment using the secure payment link provided.",RECORDED
2026-08-27T21:42:54,TXN10538,CUST1153,20282.51,NETWORK_ERROR,4,NEW,30,LOW,45,MEDIUM,STOP_AND_ESCALATE,ESCALATED,0.0,"Payment recovery for ₹20,282.51 has been paused after multiple unsuccessful attempts. Our support team will review the case.",RECORDED
2026-08-27T21:42:54,TXN10539,CUST1183,43175.41,AUTHENTICATION_FAILURE,4,RETURNING,35,LOW,80,HIGH,STOP_AND_ESCALATE,ESCALATED,0.0,"Payment recovery for ₹43,175.41 has been paused after multiple unsuccessful attempts. Our support team will review the case.",RECORDED
2026-08-27T21:42:54,TXN10540,CUST1188,43938.87,UNKNOWN,3,LOYAL,45,MEDIUM,80,HIGH,STOP_AND_ESCALATE,ESCALATED,0.0,"Payment recovery for ₹43,938.87 has been paused after multiple unsuccessful attempts. Our support team will review the case.",RECORDED
2026-08-27T21:42:54,TXN10541,CUST1147,5567.2,AUTHENTICATION_FAILURE,3,RETURNING,10,LOW,40,MEDIUM,STOP_AND_ESCALATE,ESCALATED,0.0,"Payment recovery for ₹5,567.20 has been paused after multiple unsuccessful attempts. Our support team will review the case.",RECORDED
2026-08-27T21:42:54,TXN10542,CUST1067,7994.21,NETWORK_ERROR,1,RETURNING,80,HIGH,60,MEDIUM,RETRY,RECOVERED,7994.21,"Hi Customer 1067, your payment of ₹7,994.21 could not be completed due to a temporary payment issue. Please try the payment again after a short while.",RECORDED
2026-08-27T21:42:54,TXN10543,CUST1097,9656.12,AUTHENTICATION_FAILURE,1,RETURNING,40,MEDIUM,50,MEDIUM,CUSTOMER_PROMPT,FAILED,0.0,"Hi Customer 1097, your payment of ₹9,656.12 needs your attention. Please verify your payment details and try again.",RECORDED
2026-08-27T21:42:54,TXN10544,CUST1129,6087.25,TEMPORARY_BANK_ERROR,3,NEW,45,MEDIUM,55,MEDIUM,STOP_AND_ESCALATE,ESCALATED,0.0,"Payment recovery for ₹6,087.25 has been paused after multiple unsuccessful attempts. Our support team will review the case.",RECORDED
2026-08-27T21:42:54,TXN10545,CUST1133,7824.2,AUTHENTICATION_FAILURE,2,LOYAL,55,MEDIUM,60,MEDIUM,CUSTOMER_PROMPT,FAILED,0.0,"Hi Customer 1133, your payment of ₹7,824.20 needs your attention. Please verify your payment details and try again.",RECORDED
2026-08-27T21:42:54,TXN10546,CUST1154,14326.2,INSUFFICIENT_FUNDS,3,RETURNING,45,MEDIUM,75,HIGH,STOP_AND_ESCALATE,ESCALATED,0.0,"Payment recovery for ₹14,326.20 has been paused after multiple unsuccessful attempts. Our support team will review the case.",RECORDED
2026-08-27T21:42:54,TXN10547,CUST1270,1731.53,TEMPORARY_BANK_ERROR,3,NEW,40,MEDIUM,35,LOW,STOP_AND_ESCALATE,ESCALATED,0.0,"Payment recovery for ₹1,731.53 has been paused after multiple unsuccessful attempts. Our support team will review the case.",RECORDED
2026-08-27T21:42:54,TXN10548,CUST1013,451.98,CARD_EXPIRED,4,LOYAL,30,LOW,40,MEDIUM,STOP_AND_ESCALATE,ESCALATED,0.0,Payment recovery for ₹451.98 has been paused after multiple unsuccessful attempts. Our support team will review the case.,RECORDED
2026-08-27T21:42:54,TXN10549,CUST1222,17714.82,CARD_EXPIRED,1,RETURNING,65,MEDIUM,75,HIGH,CUSTOMER_PROMPT,RECOVERED,17714.82,"Hi Customer 1222, your payment of ₹17,714.82 needs your attention. Please verify your payment details and try again.",RECORDED
2026-08-27T21:42:54,TXN10550,CUST1129,1157.45,AUTHENTICATION_FAILURE,4,RETURNING,35,LOW,50,MEDIUM,STOP_AND_ESCALATE,ESCALATED,0.0,"Payment recovery for ₹1,157.45 has been paused after multiple unsuccessful attempts. Our support team will review the case.",RECORDED
2026-08-27T21:42:54,TXN10551,CUST1249,417.55,TEMPORARY_BANK_ERROR,4,RETURNING,40,MEDIUM,35,LOW,STOP_AND_ESCALATE,ESCALATED,0.0,Payment recovery for ₹417.55 has been paused after multiple unsuccessful attempts. Our support team will review the case.,RECORDED
2026-08-27T21:42:54,TXN10552,CUST1148,801.0,NETWORK_ERROR,2,RETURNING,85,HIGH,55,MEDIUM,RETRY,FAILED,0.0,"Hi Customer 1148, your payment of ₹801.00 could not be completed due to a temporary payment issue. Please try the payment again after a short while.",RECORDED
2026-08-27T21:42:54,TXN10553,CUST1085,45736.19,NETWORK_ERROR,2,RETURNING,80,HIGH,80,HIGH,RETRY,RECOVERED,45736.19,"Hi Customer 1085, your payment of ₹45,736.19 could not be completed due to a temporary payment issue. Please try the payment again after a short while.",RECORDED
2026-08-27T21:42:54,TXN10554,CUST1247,804.38,AUTHENTICATION_FAILURE,2,RETURNING,55,MEDIUM,40,MEDIUM,CUSTOMER_PROMPT,FAILED,0.0,"Hi Customer 1247, your payment of ₹804.38 needs your attention. Please verify your payment details and try again.",RECORDED
2026-08-27T21:42:54,TXN10555,CUST1282,522.28,NETWORK_ERROR,4,RETURNING,40,MEDIUM,35,LOW,STOP_AND_ESCALATE,ESCALATED,0.0,Payment recovery for ₹522.28 has been paused after multiple unsuccessful attempts. Our support team will review the case.,RECORDED
2026-08-27T21:42:54,TXN10556,CUST1286,8622.98,NETWORK_ERROR,1,RETURNING,80,HIGH,60,MEDIUM,RETRY,FAILED,0.0,"Hi Customer 1286, your payment of ₹8,622.98 could not be completed due to a temporary payment issue. Please try the payment again after a short while.",RECORDED
2026-08-27T21:42:54,TXN10557,CUST1245,5502.76,TEMPORARY_BANK_ERROR,3,NEW,45,MEDIUM,55,MEDIUM,STOP_AND_ESCALATE,ESCALATED,0.0,"Payment recovery for ₹5,502.76 has been paused after multiple unsuccessful attempts. Our support team will review the case.",RECORDED
2026-08-27T21:42:54,TXN10558,CUST1217,4801.24,INSUFFICIENT_FUNDS,1,RETURNING,45,MEDIUM,40,MEDIUM,PAYMENT_LINK,FAILED,0.0,"Hi Customer 1217, your payment of ₹4,801.24 could not be completed. You can complete your payment using the secure payment link provided.",RECORDED
2026-08-27T21:42:54,TXN10559,CUST1207,6805.74,INSUFFICIENT_FUNDS,2,RETURNING,60,MEDIUM,55,MEDIUM,PAYMENT_LINK,RECOVERED,6805.74,"Hi Customer 1207, your payment of ₹6,805.74 could not be completed. You can complete your payment using the secure payment link provided.",RECORDED
2026-08-27T21:42:54,TXN10560,CUST1258,9396.21,TEMPORARY_BANK_ERROR,2,LOYAL,80,HIGH,65,MEDIUM,RETRY,RECOVERED,9396.21,"Hi Customer 1258, your payment of ₹9,396.21 could not be completed due to a temporary payment issue. Please try the payment again after a short while.",RECORDED
2026-08-27T21:42:54,TXN10561,CUST1281,6473.19,INSUFFICIENT_FUNDS,2,NEW,30,LOW,35,LOW,PAYMENT_LINK,RECOVERED,6473.19,"Hi Customer 1281, your payment of ₹6,473.19 could not be completed. You can complete your payment using the secure payment link provided.",RECORDED
2026-08-27T21:42:54,TXN10562,CUST1168,4766.53,TEMPORARY_BANK_ERROR,1,RETURNING,85,HIGH,50,MEDIUM,RETRY,RECOVERED,4766.53,"Hi Customer 1168, your payment of ₹4,766.53 could not be completed due to a temporary payment issue. Please try the payment again after a short while.",RECORDED
2026-08-27T21:42:54,TXN10563,CUST1197,18071.8,NETWORK_ERROR,3,RETURNING,45,MEDIUM,60,MEDIUM,STOP_AND_ESCALATE,ESCALATED,0.0,"Payment recovery for ₹18,071.80 has been paused after multiple unsuccessful attempts. Our support team will review the case.",RECORDED
2026-08-27T21:42:54,TXN10564,CUST1150,1052.48,INSUFFICIENT_FUNDS,1,LOYAL,85,HIGH,70,HIGH,PAYMENT_LINK,FAILED,0.0,"Hi Customer 1150, your payment of ₹1,052.48 could not be completed. You can complete your payment using the secure payment link provided.",RECORDED
2026-08-27T21:42:54,TXN10565,CUST1219,49432.15,TEMPORARY_BANK_ERROR,2,NEW,70,HIGH,70,HIGH,RETRY,FAILED,0.0,"Hi Customer 1219, your payment of ₹49,432.15 could not be completed due to a temporary payment issue. Please try the payment again after a short while.",RECORDED
2026-08-27T21:42:54,TXN10566,CUST1057,35382.26,TEMPORARY_BANK_ERROR,3,NEW,30,LOW,55,MEDIUM,STOP_AND_ESCALATE,ESCALATED,0.0,"Payment recovery for ₹35,382.26 has been paused after multiple unsuccessful attempts. Our support team will review the case.",RECORDED
2026-08-27T21:42:54,TXN10567,CUST1142,853.13,NETWORK_ERROR,4,NEW,45,MEDIUM,40,MEDIUM,STOP_AND_ESCALATE,ESCALATED,0.0,Payment recovery for ₹853.13 has been paused after multiple unsuccessful attempts. Our support team will review the case.,RECORDED
2026-08-27T21:42:54,TXN10568,CUST1214,25488.93,UNKNOWN,2,NEW,55,MEDIUM,65,MEDIUM,REMINDER,RECOVERED,25488.93,"Hi Customer 1214, this is a reminder regarding your pending payment of ₹25,488.93. Please complete the payment at your convenience.",RECORDED
2026-08-27T21:42:54,TXN10569,CUST1104,877.96,UNKNOWN,3,LOYAL,40,MEDIUM,45,MEDIUM,STOP_AND_ESCALATE,ESCALATED,0.0,Payment recovery for ₹877.96 has been paused after multiple unsuccessful attempts. Our support team will review the case.,RECORDED
2026-08-27T21:42:54,TXN10570,CUST1000,5913.33,UNKNOWN,4,RETURNING,35,LOW,50,MEDIUM,STOP_AND_ESCALATE,ESCALATED,0.0,"Payment recovery for ₹5,913.33 has been paused after multiple unsuccessful attempts. Our support team will review the case.",RECORDED
2026-08-27T21:42:54,TXN10571,CUST1293,25999.32,CARD_EXPIRED,3,LOYAL,35,LOW,75,HIGH,STOP_AND_ESCALATE,ESCALATED,0.0,"Payment recovery for ₹25,999.32 has been paused after multiple unsuccessful attempts. Our support team will review the case.",RECORDED
2026-08-27T21:42:54,TXN10572,CUST1167,21292.55,NETWORK_ERROR,3,RETURNING,40,MEDIUM,60,MEDIUM,STOP_AND_ESCALATE,ESCALATED,0.0,"Payment recovery for ₹21,292.55 has been paused after multiple unsuccessful attempts. Our support team will review the case.",RECORDED
2026-08-27T21:42:54,TXN10573,CUST1194,758.29,AUTHENTICATION_FAILURE,1,RETURNING,45,MEDIUM,35,LOW,CUSTOMER_PROMPT,FAILED,0.0,"Hi Customer 1194, your payment of ₹758.29 needs your attention. Please verify your payment details and try again.",RECORDED
2026-08-27T21:42:54,TXN10574,CUST1185,44518.38,AUTHENTICATION_FAILURE,4,RETURNING,35,LOW,70,HIGH,STOP_AND_ESCALATE,ESCALATED,0.0,"Payment recovery for ₹44,518.38 has been paused after multiple unsuccessful attempts. Our support team will review the case.",RECORDED
2026-08-27T21:42:54,TXN10575,CUST1205,1686.64,INSUFFICIENT_FUNDS,1,RETURNING,65,MEDIUM,55,MEDIUM,PAYMENT_LINK,FAILED,0.0,"Hi Customer 1205, your payment of ₹1,686.64 could not be completed. You can complete your payment using the secure payment link provided.",RECORDED
2026-08-27T21:42:54,TXN10576,CUST1054,431.33,TEMPORARY_BANK_ERROR,4,NEW,25,LOW,20,LOW,STOP_AND_ESCALATE,ESCALATED,0.0,Payment recovery for ₹431.33 has been paused after multiple unsuccessful attempts. Our support team will review the case.,RECORDED
2026-08-27T21:42:54,TXN10577,CUST1192,1977.62,NETWORK_ERROR,4,RETURNING,55,MEDIUM,55,MEDIUM,STOP_AND_ESCALATE,ESCALATED,0.0,"Payment recovery for ₹1,977.62 has been paused after multiple unsuccessful attempts. Our support team will review the case.",RECORDED
2026-08-27T21:42:54,TXN10578,CUST1295,1495.82,NETWORK_ERROR,1,NEW,55,MEDIUM,30,LOW,RETRY,RECOVERED,1495.82,"Hi Customer 1295, your payment of ₹1,495.82 could not be completed due to a temporary payment issue. Please try the payment again after a short while.",RECORDED
2026-08-27T21:42:54,TXN10579,CUST1107,970.03,AUTHENTICATION_FAILURE,3,NEW,20,LOW,35,LOW,STOP_AND_ESCALATE,ESCALATED,0.0,Payment recovery for ₹970.03 has been paused after multiple unsuccessful attempts. Our support team will review the case.,RECORDED
2026-08-27T21:42:54,TXN10580,CUST1181,9098.51,UNKNOWN,4,RETURNING,25,LOW,45,MEDIUM,STOP_AND_ESCALATE,ESCALATED,0.0,"Payment recovery for ₹9,098.51 has been paused after multiple unsuccessful attempts. Our support team will review the case.",RECORDED
2026-08-27T21:42:54,TXN10581,CUST1276,28889.94,CARD_EXPIRED,1,RETURNING,70,HIGH,90,HIGH,CUSTOMER_PROMPT,RECOVERED,28889.94,"Hi Customer 1276, your payment of ₹28,889.94 needs your attention. Please verify your payment details and try again.",RECORDED
2026-08-27T21:42:54,TXN10582,CUST1183,905.08,TEMPORARY_BANK_ERROR,4,RETURNING,40,MEDIUM,35,LOW,STOP_AND_ESCALATE,ESCALATED,0.0,Payment recovery for ₹905.08 has been paused after multiple unsuccessful attempts. Our support team will review the case.,RECORDED
2026-08-27T21:42:54,TXN10583,CUST1117,1938.81,TEMPORARY_BANK_ERROR,2,RETURNING,80,HIGH,60,MEDIUM,RETRY,RECOVERED,1938.81,"Hi Customer 1117, your payment of ₹1,938.81 could not be completed due to a temporary payment issue. Please try the payment again after a short while.",RECORDED
2026-08-27T21:42:54,TXN10584,CUST1245,489.61,INSUFFICIENT_FUNDS,4,NEW,25,LOW,35,LOW,STOP_AND_ESCALATE,ESCALATED,0.0,Payment recovery for ₹489.61 has been paused after multiple unsuccessful attempts. Our support team will review the case.,RECORDED
2026-08-27T21:42:54,TXN10585,CUST1195,1167.8,CARD_EXPIRED,4,NEW,15,LOW,25,LOW,STOP_AND_ESCALATE,ESCALATED,0.0,"Payment recovery for ₹1,167.80 has been paused after multiple unsuccessful attempts. Our support team will review the case.",RECORDED
2026-08-27T21:42:54,TXN10586,CUST1208,1177.82,INSUFFICIENT_FUNDS,4,RETURNING,15,LOW,30,LOW,STOP_AND_ESCALATE,ESCALATED,0.0,"Payment recovery for ₹1,177.82 has been paused after multiple unsuccessful attempts. Our support team will review the case.",RECORDED
2026-08-27T21:42:54,TXN10587,CUST1108,1811.31,INSUFFICIENT_FUNDS,4,RETURNING,30,LOW,40,MEDIUM,STOP_AND_ESCALATE,ESCALATED,0.0,"Payment recovery for ₹1,811.31 has been paused after multiple unsuccessful attempts. Our support team will review the case.",RECORDED
2026-08-27T21:42:54,TXN10588,CUST1166,4086.53,INSUFFICIENT_FUNDS,2,NEW,30,LOW,25,LOW,PAYMENT_LINK,FAILED,0.0,"Hi Customer 1166, your payment of ₹4,086.53 could not be completed. You can complete your payment using the secure payment link provided.",RECORDED
2026-08-27T21:42:54,TXN10589,CUST1200,28004.39,INSUFFICIENT_FUNDS,4,RETURNING,40,MEDIUM,75,HIGH,STOP_AND_ESCALATE,ESCALATED,0.0,"Payment recovery for ₹28,004.39 has been paused after multiple unsuccessful attempts. Our support team will review the case.",RECORDED
2026-08-27T21:42:54,TXN10590,CUST1193,638.19,CARD_EXPIRED,4,RETURNING,15,LOW,25,LOW,STOP_AND_ESCALATE,ESCALATED,0.0,Payment recovery for ₹638.19 has been paused after multiple unsuccessful attempts. Our support team will review the case.,RECORDED
2026-08-27T21:42:54,TXN10591,CUST1139,1145.97,INSUFFICIENT_FUNDS,1,NEW,50,MEDIUM,35,LOW,PAYMENT_LINK,FAILED,0.0,"Hi Customer 1139, your payment of ₹1,145.97 could not be completed. You can complete your payment using the secure payment link provided.",RECORDED
2026-08-27T21:42:54,TXN10592,CUST1296,10271.86,AUTHENTICATION_FAILURE,4,RETURNING,15,LOW,50,MEDIUM,STOP_AND_ESCALATE,ESCALATED,0.0,"Payment recovery for ₹10,271.86 has been paused after multiple unsuccessful attempts. Our support team will review the case.",RECORDED
2026-08-27T21:42:54,TXN10593,CUST1043,13543.13,AUTHENTICATION_FAILURE,2,NEW,50,MEDIUM,65,MEDIUM,CUSTOMER_PROMPT,FAILED,0.0,"Hi Customer 1043, your payment of ₹13,543.13 needs your attention. Please verify your payment details and try again.",RECORDED
2026-08-27T21:42:54,TXN10594,CUST1175,26695.66,UNKNOWN,3,LOYAL,45,MEDIUM,80,HIGH,STOP_AND_ESCALATE,ESCALATED,0.0,"Payment recovery for ₹26,695.66 has been paused after multiple unsuccessful attempts. Our support team will review the case.",RECORDED
2026-08-27T21:42:54,TXN10595,CUST1218,4031.62,INSUFFICIENT_FUNDS,3,RETURNING,30,LOW,40,MEDIUM,STOP_AND_ESCALATE,ESCALATED,0.0,"Payment recovery for ₹4,031.62 has been paused after multiple unsuccessful attempts. Our support team will review the case.",RECORDED
2026-08-27T21:42:54,TXN10596,CUST1055,44649.08,TEMPORARY_BANK_ERROR,4,RETURNING,60,MEDIUM,75,HIGH,STOP_AND_ESCALATE,ESCALATED,0.0,"Payment recovery for ₹44,649.08 has been paused after multiple unsuccessful attempts. Our support team will review the case.",RECORDED
2026-08-27T21:42:54,TXN10597,CUST1257,8221.05,NETWORK_ERROR,4,NEW,45,MEDIUM,55,MEDIUM,STOP_AND_ESCALATE,ESCALATED,0.0,"Payment recovery for ₹8,221.05 has been paused after multiple unsuccessful attempts. Our support team will review the case.",RECORDED
2026-08-27T21:42:54,TXN10598,CUST1215,23175.17,INSUFFICIENT_FUNDS,3,LOYAL,60,MEDIUM,85,HIGH,STOP_AND_ESCALATE,ESCALATED,0.0,"Payment recovery for ₹23,175.17 has been paused after multiple unsuccessful attempts. Our support team will review the case.",RECORDED
2026-08-27T21:42:54,TXN10599,CUST1127,1836.54,AUTHENTICATION_FAILURE,2,RETURNING,60,MEDIUM,55,MEDIUM,CUSTOMER_PROMPT,FAILED,0.0,"Hi Customer 1127, your payment of ₹1,836.54 needs your attention. Please verify your payment details and try again.",RECORDED
2026-08-27T21:42:54,TXN10600,CUST1199,23351.06,AUTHENTICATION_FAILURE,2,RETURNING,60,MEDIUM,65,MEDIUM,CUSTOMER_PROMPT,FAILED,0.0,"Hi Customer 1199, your payment of ₹23,351.06 needs your attention. Please verify your payment details and try again.",RECORDED
2026-08-27T21:42:54,TXN10601,CUST1038,5593.7,TEMPORARY_BANK_ERROR,4,NEW,25,LOW,35,LOW,STOP_AND_ESCALATE,ESCALATED,0.0,"Payment recovery for ₹5,593.70 has been paused after multiple unsuccessful attempts. Our support team will review the case.",RECORDED
2026-08-27T21:42:54,TXN10602,CUST1251,38304.82,CARD_EXPIRED,2,RETURNING,60,MEDIUM,75,HIGH,CUSTOMER_PROMPT,RECOVERED,38304.82,"Hi Customer 1251, your payment of ₹38,304.82 needs your attention. Please verify your payment details and try again.",RECORDED
2026-08-27T21:42:54,TXN10603,CUST1292,268.76,INSUFFICIENT_FUNDS,2,RETURNING,60,MEDIUM,40,MEDIUM,PAYMENT_LINK,RECOVERED,268.76,"Hi Customer 1292, your payment of ₹268.76 could not be completed. You can complete your payment using the secure payment link provided.",RECORDED
2026-08-27T21:42:54,TXN10604,CUST1097,4340.95,NETWORK_ERROR,1,RETURNING,85,HIGH,50,MEDIUM,RETRY,RECOVERED,4340.95,"Hi Customer 1097, your payment of ₹4,340.95 could not be completed due to a temporary payment issue. Please try the payment again after a short while.",RECORDED
2026-08-27T21:42:54,TXN10605,CUST1127,28690.44,TEMPORARY_BANK_ERROR,4,LOYAL,75,HIGH,90,HIGH,STOP_AND_ESCALATE,ESCALATED,0.0,"Payment recovery for ₹28,690.44 has been paused after multiple unsuccessful attempts. Our support team will review the case.",RECORDED
2026-08-27T21:42:54,TXN10606,CUST1146,999.71,UNKNOWN,4,LOYAL,35,LOW,40,MEDIUM,STOP_AND_ESCALATE,ESCALATED,0.0,Payment recovery for ₹999.71 has been paused after multiple unsuccessful attempts. Our support team will review the case.,RECORDED
2026-08-27T21:42:54,TXN10607,CUST1096,35564.31,INSUFFICIENT_FUNDS,4,RETURNING,25,LOW,65,MEDIUM,STOP_AND_ESCALATE,ESCALATED,0.0,"Payment recovery for ₹35,564.31 has been paused after multiple unsuccessful attempts. Our support team will review the case.",RECORDED
2026-08-27T21:42:54,TXN10608,CUST1122,18920.39,TEMPORARY_BANK_ERROR,4,LOYAL,60,MEDIUM,70,HIGH,STOP_AND_ESCALATE,ESCALATED,0.0,"Payment recovery for ₹18,920.39 has been paused after multiple unsuccessful attempts. Our support team will review the case.",RECORDED
2026-08-27T21:42:54,TXN10609,CUST1209,36007.49,INSUFFICIENT_FUNDS,3,RETURNING,20,LOW,65,MEDIUM,STOP_AND_ESCALATE,ESCALATED,0.0,"Payment recovery for ₹36,007.49 has been paused after multiple unsuccessful attempts. Our support team will review the case.",RECORDED
2026-08-27T21:42:54,TXN10610,CUST1163,314.63,NETWORK_ERROR,3,RETURNING,40,MEDIUM,35,LOW,STOP_AND_ESCALATE,ESCALATED,0.0,Payment recovery for ₹314.63 has been paused after multiple unsuccessful attempts. Our support team will review the case.,RECORDED
2026-08-27T21:42:54,TXN10611,CUST1229,1144.57,INSUFFICIENT_FUNDS,1,LOYAL,80,HIGH,60,MEDIUM,PAYMENT_LINK,FAILED,0.0,"Hi Customer 1229, your payment of ₹1,144.57 could not be completed. You can complete your payment using the secure payment link provided.",RECORDED
2026-08-27T21:42:54,TXN10612,CUST1012,23722.07,TEMPORARY_BANK_ERROR,3,RETURNING,55,MEDIUM,65,MEDIUM,STOP_AND_ESCALATE,ESCALATED,0.0,"Payment recovery for ₹23,722.07 has been paused after multiple unsuccessful attempts. Our support team will review the case.",RECORDED
2026-08-27T21:42:54,TXN10613,CUST1263,5673.97,TEMPORARY_BANK_ERROR,3,RETURNING,50,MEDIUM,55,MEDIUM,STOP_AND_ESCALATE,ESCALATED,0.0,"Payment recovery for ₹5,673.97 has been paused after multiple unsuccessful attempts. Our support team will review the case.",RECORDED
2026-08-27T21:42:54,TXN10614,CUST1030,23356.1,NETWORK_ERROR,4,RETURNING,60,MEDIUM,65,MEDIUM,STOP_AND_ESCALATE,ESCALATED,0.0,"Payment recovery for ₹23,356.10 has been paused after multiple unsuccessful attempts. Our support team will review the case.",RECORDED
2026-08-27T21:42:54,TXN10615,CUST1036,6215.87,NETWORK_ERROR,4,RETURNING,55,MEDIUM,55,MEDIUM,STOP_AND_ESCALATE,ESCALATED,0.0,"Payment recovery for ₹6,215.87 has been paused after multiple unsuccessful attempts. Our support team will review the case.",RECORDED
2026-08-27T21:42:54,TXN10616,CUST1248,6701.8,TEMPORARY_BANK_ERROR,1,NEW,75,HIGH,60,MEDIUM,RETRY,FAILED,0.0,"Hi Customer 1248, your payment of ₹6,701.80 could not be completed due to a temporary payment issue. Please try the payment again after a short while.",RECORDED
2026-08-27T21:42:54,TXN10617,CUST1134,11064.33,AUTHENTICATION_FAILURE,3,RETURNING,20,LOW,55,MEDIUM,STOP_AND_ESCALATE,ESCALATED,0.0,"Payment recovery for ₹11,064.33 has been paused after multiple unsuccessful attempts. Our support team will review the case.",RECORDED
2026-08-27T21:42:54,TXN10618,CUST1152,4270.1,AUTHENTICATION_FAILURE,3,RETURNING,15,LOW,30,LOW,STOP_AND_ESCALATE,ESCALATED,0.0,"Payment recovery for ₹4,270.10 has been paused after multiple unsuccessful attempts. Our support team will review the case.",RECORDED
2026-08-27T21:42:54,TXN10619,CUST1292,8501.99,NETWORK_ERROR,3,RETURNING,55,MEDIUM,65,MEDIUM,STOP_AND_ESCALATE,ESCALATED,0.0,"Payment recovery for ₹8,501.99 has been paused after multiple unsuccessful attempts. Our support team will review the case.",RECORDED
2026-08-27T21:42:54,TXN10620,CUST1258,1094.01,TEMPORARY_BANK_ERROR,1,RETURNING,65,MEDIUM,40,MEDIUM,RETRY,FAILED,0.0,"Hi Customer 1258, your payment of ₹1,094.01 could not be completed due to a temporary payment issue. Please try the payment again after a short while.",RECORDED
2026-08-27T21:42:54,TXN10621,CUST1015,1481.0,TEMPORARY_BANK_ERROR,2,LOYAL,95,HIGH,70,HIGH,RETRY,FAILED,0.0,"Hi Customer 1015, your payment of ₹1,481.00 could not be completed due to a temporary payment issue. Please try the payment again after a short while.",RECORDED
2026-08-27T21:42:54,TXN10622,CUST1074,45803.06,CARD_EXPIRED,2,RETURNING,60,MEDIUM,85,HIGH,CUSTOMER_PROMPT,RECOVERED,45803.06,"Hi Customer 1074, your payment of ₹45,803.06 needs your attention. Please verify your payment details and try again.",RECORDED
2026-08-27T21:42:54,TXN10623,CUST1175,24181.93,UNKNOWN,3,LOYAL,65,MEDIUM,85,HIGH,STOP_AND_ESCALATE,ESCALATED,0.0,"Payment recovery for ₹24,181.93 has been paused after multiple unsuccessful attempts. Our support team will review the case.",RECORDED
2026-08-27T21:42:54,TXN10624,CUST1111,9254.98,NETWORK_ERROR,1,RETURNING,70,HIGH,55,MEDIUM,RETRY,RECOVERED,9254.98,"Hi Customer 1111, your payment of ₹9,254.98 could not be completed due to a temporary payment issue. Please try the payment again after a short while.",RECORDED
2026-08-27T21:42:54,TXN10625,CUST1180,4685.12,TEMPORARY_BANK_ERROR,2,RETURNING,80,HIGH,50,MEDIUM,RETRY,RECOVERED,4685.12,"Hi Customer 1180, your payment of ₹4,685.12 could not be completed due to a temporary payment issue. Please try the payment again after a short while.",RECORDED
2026-08-27T21:42:54,TXN10626,CUST1299,2694.18,INSUFFICIENT_FUNDS,2,RETURNING,55,MEDIUM,45,MEDIUM,PAYMENT_LINK,FAILED,0.0,"Hi Customer 1299, your payment of ₹2,694.18 could not be completed. You can complete your payment using the secure payment link provided.",RECORDED
2026-08-27T21:42:54,TXN10627,CUST1100,1330.72,AUTHENTICATION_FAILURE,1,RETURNING,45,MEDIUM,40,MEDIUM,CUSTOMER_PROMPT,FAILED,0.0,"Hi Customer 1100, your payment of ₹1,330.72 needs your attention. Please verify your payment details and try again.",RECORDED
2026-08-27T21:42:54,TXN10628,CUST1296,529.16,TEMPORARY_BANK_ERROR,3,LOYAL,70,HIGH,55,MEDIUM,STOP_AND_ESCALATE,ESCALATED,0.0,Payment recovery for ₹529.16 has been paused after multiple unsuccessful attempts. Our support team will review the case.,RECORDED
2026-08-27T21:42:54,TXN10629,CUST1031,1604.26,TEMPORARY_BANK_ERROR,1,RETURNING,90,HIGH,60,MEDIUM,RETRY,RECOVERED,1604.26,"Hi Customer 1031, your payment of ₹1,604.26 could not be completed due to a temporary payment issue. Please try the payment again after a short while.",RECORDED
2026-08-27T21:42:54,TXN10630,CUST1113,1892.35,TEMPORARY_BANK_ERROR,1,RETURNING,70,HIGH,45,MEDIUM,RETRY,FAILED,0.0,"Hi Customer 1113, your payment of ₹1,892.35 could not be completed due to a temporary payment issue. Please try the payment again after a short while.",RECORDED
2026-08-27T21:42:54,TXN10631,CUST1207,1496.9,AUTHENTICATION_FAILURE,1,RETURNING,65,MEDIUM,55,MEDIUM,CUSTOMER_PROMPT,RECOVERED,1496.9,"Hi Customer 1207, your payment of ₹1,496.90 needs your attention. Please verify your payment details and try again.",RECORDED
2026-08-27T21:42:54,TXN10632,CUST1111,9837.45,AUTHENTICATION_FAILURE,2,NEW,25,LOW,35,LOW,MANUAL_REVIEW,MANUAL_REVIEW,0.0,"Your payment of ₹9,837.45 has been flagged for manual review. No further automatic recovery action will be taken at this time.",RECORDED
2026-08-27T21:42:54,TXN10633,CUST1068,3691.24,UNKNOWN,4,RETURNING,45,MEDIUM,55,MEDIUM,STOP_AND_ESCALATE,ESCALATED,0.0,"Payment recovery for ₹3,691.24 has been paused after multiple unsuccessful attempts. Our support team will review the case.",RECORDED
2026-08-27T21:42:54,TXN10634,CUST1285,9713.86,INSUFFICIENT_FUNDS,3,RETURNING,15,LOW,40,MEDIUM,STOP_AND_ESCALATE,ESCALATED,0.0,"Payment recovery for ₹9,713.86 has been paused after multiple unsuccessful attempts. Our support team will review the case.",RECORDED
2026-08-27T21:42:54,TXN10635,CUST1245,365.55,UNKNOWN,3,RETURNING,40,MEDIUM,40,MEDIUM,STOP_AND_ESCALATE,ESCALATED,0.0,Payment recovery for ₹365.55 has been paused after multiple unsuccessful attempts. Our support team will review the case.,RECORDED
2026-08-27T21:42:54,TXN10636,CUST1255,2962.9,CARD_EXPIRED,2,NEW,25,LOW,25,LOW,MANUAL_REVIEW,MANUAL_REVIEW,0.0,"Your payment of ₹2,962.90 has been flagged for manual review. No further automatic recovery action will be taken at this time.",RECORDED
2026-08-27T21:42:54,TXN10637,CUST1125,4886.09,AUTHENTICATION_FAILURE,3,NEW,0,LOW,20,LOW,STOP_AND_ESCALATE,ESCALATED,0.0,"Payment recovery for ₹4,886.09 has been paused after multiple unsuccessful attempts. Our support team will review the case.",RECORDED
2026-08-27T21:42:54,TXN10638,CUST1145,1745.08,NETWORK_ERROR,3,LOYAL,70,HIGH,60,MEDIUM,STOP_AND_ESCALATE,ESCALATED,0.0,"Payment recovery for ₹1,745.08 has been paused after multiple unsuccessful attempts. Our support team will review the case.",RECORDED
2026-08-27T21:42:54,TXN10639,CUST1263,2748.38,TEMPORARY_BANK_ERROR,3,RETURNING,40,MEDIUM,40,MEDIUM,STOP_AND_ESCALATE,ESCALATED,0.0,"Payment recovery for ₹2,748.38 has been paused after multiple unsuccessful attempts. Our support team will review the case.",RECORDED
2026-08-27T21:42:54,TXN10640,CUST1039,1786.56,NETWORK_ERROR,4,RETURNING,55,MEDIUM,55,MEDIUM,STOP_AND_ESCALATE,ESCALATED,0.0,"Payment recovery for ₹1,786.56 has been paused after multiple unsuccessful attempts. Our support team will review the case.",RECORDED
2026-08-27T21:42:54,TXN10641,CUST1096,5481.91,NETWORK_ERROR,1,NEW,75,HIGH,60,MEDIUM,RETRY,FAILED,0.0,"Hi Customer 1096, your payment of ₹5,481.91 could not be completed due to a temporary payment issue. Please try the payment again after a short while.",RECORDED
2026-08-27T21:42:54,TXN10642,CUST1268,618.43,CARD_EXPIRED,2,RETURNING,55,MEDIUM,40,MEDIUM,CUSTOMER_PROMPT,FAILED,0.0,"Hi Customer 1268, your payment of ₹618.43 needs your attention. Please verify your payment details and try again.",RECORDED
2026-08-27T21:42:54,TXN10643,CUST1175,6329.36,UNKNOWN,1,NEW,55,MEDIUM,45,MEDIUM,REMINDER,FAILED,0.0,"Hi Customer 1175, this is a reminder regarding your pending payment of ₹6,329.36. Please complete the payment at your convenience.",RECORDED
2026-08-27T21:42:54,TXN10644,CUST1272,6526.25,NETWORK_ERROR,3,LOYAL,55,MEDIUM,60,MEDIUM,STOP_AND_ESCALATE,ESCALATED,0.0,"Payment recovery for ₹6,526.25 has been paused after multiple unsuccessful attempts. Our support team will review the case.",RECORDED
2026-08-27T21:42:54,TXN10645,CUST1150,3966.3,AUTHENTICATION_FAILURE,3,RETURNING,10,LOW,30,LOW,STOP_AND_ESCALATE,ESCALATED,0.0,"Payment recovery for ₹3,966.30 has been paused after multiple unsuccessful attempts. Our support team will review the case.",RECORDED
2026-08-27T21:42:54,TXN10646,CUST1268,1020.72,INSUFFICIENT_FUNDS,1,RETURNING,50,MEDIUM,40,MEDIUM,PAYMENT_LINK,FAILED,0.0,"Hi Customer 1268, your payment of ₹1,020.72 could not be completed. You can complete your payment using the secure payment link provided.",RECORDED
2026-08-27T21:42:54,TXN10647,CUST1209,15009.2,NETWORK_ERROR,4,NEW,50,MEDIUM,65,MEDIUM,STOP_AND_ESCALATE,ESCALATED,0.0,"Payment recovery for ₹15,009.20 has been paused after multiple unsuccessful attempts. Our support team will review the case.",RECORDED
2026-08-27T21:42:54,TXN10648,CUST1209,35921.21,NETWORK_ERROR,3,RETURNING,45,MEDIUM,70,HIGH,STOP_AND_ESCALATE,ESCALATED,0.0,"Payment recovery for ₹35,921.21 has been paused after multiple unsuccessful attempts. Our support team will review the case.",RECORDED
2026-08-27T21:42:54,TXN10649,CUST1142,10986.8,NETWORK_ERROR,2,RETURNING,65,MEDIUM,60,MEDIUM,RETRY,FAILED,0.0,"Hi Customer 1142, your payment of ₹10,986.80 could not be completed due to a temporary payment issue. Please try the payment again after a short while.",RECORDED
2026-08-27T21:42:54,TXN10650,CUST1231,3874.37,INSUFFICIENT_FUNDS,3,NEW,25,LOW,40,MEDIUM,STOP_AND_ESCALATE,ESCALATED,0.0,"Payment recovery for ₹3,874.37 has been paused after multiple unsuccessful attempts. Our support team will review the case.",RECORDED
2026-08-27T21:42:54,TXN10651,CUST1086,462.89,AUTHENTICATION_FAILURE,2,NEW,45,MEDIUM,40,MEDIUM,CUSTOMER_PROMPT,RECOVERED,462.89,"Hi Customer 1086, your payment of ₹462.89 needs your attention. Please verify your payment details and try again.",RECORDED
2026-08-27T21:42:54,TXN10652,CUST1167,43767.44,TEMPORARY_BANK_ERROR,4,RETURNING,45,MEDIUM,70,HIGH,STOP_AND_ESCALATE,ESCALATED,0.0,"Payment recovery for ₹43,767.44 has been paused after multiple unsuccessful attempts. Our support team will review the case.",RECORDED
2026-08-27T21:42:54,TXN10653,CUST1068,3724.66,UNKNOWN,1,NEW,40,MEDIUM,30,LOW,REMINDER,FAILED,0.0,"Hi Customer 1068, this is a reminder regarding your pending payment of ₹3,724.66. Please complete the payment at your convenience.",RECORDED
2026-08-27T21:42:54,TXN10654,CUST1129,288.75,TEMPORARY_BANK_ERROR,4,RETURNING,40,MEDIUM,35,LOW,STOP_AND_ESCALATE,ESCALATED,0.0,Payment recovery for ₹288.75 has been paused after multiple unsuccessful attempts. Our support team will review the case.,RECORDED
2026-08-27T21:42:54,TXN10655,CUST1037,1461.45,UNKNOWN,1,LOYAL,70,HIGH,55,MEDIUM,REMINDER,RECOVERED,1461.45,"Hi Customer 1037, this is a reminder regarding your pending payment of ₹1,461.45. Please complete the payment at your convenience.",RECORDED
2026-08-27T21:42:54,TXN10656,CUST1047,3004.53,CARD_EXPIRED,1,RETURNING,60,MEDIUM,55,MEDIUM,CUSTOMER_PROMPT,FAILED,0.0,"Hi Customer 1047, your payment of ₹3,004.53 needs your attention. Please verify your payment details and try again.",RECORDED
2026-08-27T21:42:54,TXN10657,CUST1068,481.97,INSUFFICIENT_FUNDS,3,RETURNING,35,LOW,35,LOW,STOP_AND_ESCALATE,ESCALATED,0.0,Payment recovery for ₹481.97 has been paused after multiple unsuccessful attempts. Our support team will review the case.,RECORDED
2026-08-27T21:42:54,TXN10658,CUST1038,8027.05,TEMPORARY_BANK_ERROR,4,RETURNING,40,MEDIUM,50,MEDIUM,STOP_AND_ESCALATE,ESCALATED,0.0,"Payment recovery for ₹8,027.05 has been paused after multiple unsuccessful attempts. Our support team will review the case.",RECORDED
2026-08-27T21:42:54,TXN10659,CUST1014,40582.73,NETWORK_ERROR,4,RETURNING,65,MEDIUM,85,HIGH,STOP_AND_ESCALATE,ESCALATED,0.0,"Payment recovery for ₹40,582.73 has been paused after multiple unsuccessful attempts. Our support team will review the case.",RECORDED
2026-08-27T21:42:54,TXN10660,CUST1059,619.64,TEMPORARY_BANK_ERROR,3,RETURNING,50,MEDIUM,40,MEDIUM,STOP_AND_ESCALATE,ESCALATED,0.0,Payment recovery for ₹619.64 has been paused after multiple unsuccessful attempts. Our support team will review the case.,RECORDED
2026-08-27T21:42:54,TXN10661,CUST1278,719.45,AUTHENTICATION_FAILURE,1,RETURNING,45,MEDIUM,35,LOW,CUSTOMER_PROMPT,FAILED,0.0,"Hi Customer 1278, your payment of ₹719.45 needs your attention. Please verify your payment details and try again.",RECORDED
2026-08-27T21:42:54,TXN10662,CUST1288,9601.28,INSUFFICIENT_FUNDS,2,LOYAL,75,HIGH,70,HIGH,PAYMENT_LINK,FAILED,0.0,"Hi Customer 1288, your payment of ₹9,601.28 could not be completed. You can complete your payment using the secure payment link provided.",RECORDED
2026-08-27T21:42:54,TXN10663,CUST1083,1696.49,TEMPORARY_BANK_ERROR,3,RETURNING,50,MEDIUM,45,MEDIUM,STOP_AND_ESCALATE,ESCALATED,0.0,"Payment recovery for ₹1,696.49 has been paused after multiple unsuccessful attempts. Our support team will review the case.",RECORDED
2026-08-27T21:42:54,TXN10664,CUST1006,40926.71,TEMPORARY_BANK_ERROR,2,RETURNING,65,MEDIUM,70,HIGH,RETRY,FAILED,0.0,"Hi Customer 1006, your payment of ₹40,926.71 could not be completed due to a temporary payment issue. Please try the payment again after a short while.",RECORDED
2026-08-27T21:42:54,TXN10665,CUST1133,32068.49,INSUFFICIENT_FUNDS,4,RETURNING,40,MEDIUM,85,HIGH,STOP_AND_ESCALATE,ESCALATED,0.0,"Payment recovery for ₹32,068.49 has been paused after multiple unsuccessful attempts. Our support team will review the case.",RECORDED
2026-08-27T21:42:54,TXN10666,CUST1100,1022.98,AUTHENTICATION_FAILURE,3,NEW,20,LOW,40,MEDIUM,STOP_AND_ESCALATE,ESCALATED,0.0,"Payment recovery for ₹1,022.98 has been paused after multiple unsuccessful attempts. Our support team will review the case.",RECORDED
2026-08-27T21:42:54,TXN10667,CUST1284,7935.22,TEMPORARY_BANK_ERROR,3,LOYAL,55,MEDIUM,60,MEDIUM,STOP_AND_ESCALATE,ESCALATED,0.0,"Payment recovery for ₹7,935.22 has been paused after multiple unsuccessful attempts. Our support team will review the case.",RECORDED
2026-08-27T21:42:54,TXN10668,CUST1115,3427.98,AUTHENTICATION_FAILURE,3,NEW,0,LOW,20,LOW,STOP_AND_ESCALATE,ESCALATED,0.0,"Payment recovery for ₹3,427.98 has been paused after multiple unsuccessful attempts. Our support team will review the case.",RECORDED
2026-08-27T21:42:54,TXN10669,CUST1234,38095.95,NETWORK_ERROR,2,LOYAL,100,HIGH,100,HIGH,RETRY,RECOVERED,38095.95,"Hi Customer 1234, your payment of ₹38,095.95 could not be completed due to a temporary payment issue. Please try the payment again after a short while.",RECORDED
2026-08-27T21:42:54,TXN10670,CUST1028,8417.39,AUTHENTICATION_FAILURE,3,RETURNING,30,LOW,50,MEDIUM,STOP_AND_ESCALATE,ESCALATED,0.0,"Payment recovery for ₹8,417.39 has been paused after multiple unsuccessful attempts. Our support team will review the case.",RECORDED
2026-08-27T21:42:54,TXN10671,CUST1193,10721.16,UNKNOWN,3,RETURNING,30,LOW,55,MEDIUM,STOP_AND_ESCALATE,ESCALATED,0.0,"Payment recovery for ₹10,721.16 has been paused after multiple unsuccessful attempts. Our support team will review the case.",RECORDED
2026-08-27T21:42:54,TXN10672,CUST1190,41326.4,AUTHENTICATION_FAILURE,3,NEW,5,LOW,50,MEDIUM,STOP_AND_ESCALATE,ESCALATED,0.0,"Payment recovery for ₹41,326.40 has been paused after multiple unsuccessful attempts. Our support team will review the case.",RECORDED
2026-08-27T21:42:54,TXN10673,CUST1148,38991.48,NETWORK_ERROR,3,NEW,50,MEDIUM,75,HIGH,STOP_AND_ESCALATE,ESCALATED,0.0,"Payment recovery for ₹38,991.48 has been paused after multiple unsuccessful attempts. Our support team will review the case.",RECORDED
2026-08-27T21:42:54,TXN10674,CUST1148,477.61,INSUFFICIENT_FUNDS,1,LOYAL,85,HIGH,65,MEDIUM,PAYMENT_LINK,FAILED,0.0,"Hi Customer 1148, your payment of ₹477.61 could not be completed. You can complete your payment using the secure payment link provided.",RECORDED
2026-08-27T21:42:54,TXN10675,CUST1011,454.93,CARD_EXPIRED,2,LOYAL,70,HIGH,65,MEDIUM,CUSTOMER_PROMPT,RECOVERED,454.93,"Hi Customer 1011, your payment of ₹454.93 needs your attention. Please verify your payment details and try again.",RECORDED
2026-08-27T21:42:54,TXN10676,CUST1261,554.84,UNKNOWN,4,RETURNING,25,LOW,30,LOW,STOP_AND_ESCALATE,ESCALATED,0.0,Payment recovery for ₹554.84 has been paused after multiple unsuccessful attempts. Our support team will review the case.,RECORDED
2026-08-27T21:42:54,TXN10677,CUST1273,2740.04,TEMPORARY_BANK_ERROR,2,RETURNING,80,HIGH,50,MEDIUM,RETRY,FAILED,0.0,"Hi Customer 1273, your payment of ₹2,740.04 could not be completed due to a temporary payment issue. Please try the payment again after a short while.",RECORDED
2026-08-27T21:42:54,TXN10678,CUST1041,12900.89,AUTHENTICATION_FAILURE,2,RETURNING,60,MEDIUM,75,HIGH,CUSTOMER_PROMPT,FAILED,0.0,"Hi Customer 1041, your payment of ₹12,900.89 needs your attention. Please verify your payment details and try again.",RECORDED
2026-08-27T21:42:54,TXN10679,CUST1285,4697.36,INSUFFICIENT_FUNDS,3,LOYAL,50,MEDIUM,55,MEDIUM,STOP_AND_ESCALATE,ESCALATED,0.0,"Payment recovery for ₹4,697.36 has been paused after multiple unsuccessful attempts. Our support team will review the case.",RECORDED
2026-08-27T21:42:54,TXN10680,CUST1052,1135.35,INSUFFICIENT_FUNDS,3,RETURNING,20,LOW,35,LOW,STOP_AND_ESCALATE,ESCALATED,0.0,"Payment recovery for ₹1,135.35 has been paused after multiple unsuccessful attempts. Our support team will review the case.",RECORDED
2026-08-27T21:42:54,TXN10681,CUST1249,417.47,TEMPORARY_BANK_ERROR,4,RETURNING,40,MEDIUM,35,LOW,STOP_AND_ESCALATE,ESCALATED,0.0,Payment recovery for ₹417.47 has been paused after multiple unsuccessful attempts. Our support team will review the case.,RECORDED
2026-08-27T21:42:54,TXN10682,CUST1057,36028.98,UNKNOWN,2,RETURNING,75,HIGH,90,HIGH,REMINDER,RECOVERED,36028.98,"Hi Customer 1057, this is a reminder regarding your pending payment of ₹36,028.98. Please complete the payment at your convenience.",RECORDED
2026-08-27T21:42:54,TXN10683,CUST1026,1099.52,TEMPORARY_BANK_ERROR,1,RETURNING,90,HIGH,60,MEDIUM,RETRY,FAILED,0.0,"Hi Customer 1026, your payment of ₹1,099.52 could not be completed due to a temporary payment issue. Please try the payment again after a short while.",RECORDED
2026-08-27T21:42:54,TXN10684,CUST1021,31995.08,UNKNOWN,4,LOYAL,45,MEDIUM,80,HIGH,STOP_AND_ESCALATE,ESCALATED,0.0,"Payment recovery for ₹31,995.08 has been paused after multiple unsuccessful attempts. Our support team will review the case.",RECORDED
2026-08-27T21:42:54,TXN10685,CUST1221,9797.11,TEMPORARY_BANK_ERROR,4,NEW,25,LOW,35,LOW,STOP_AND_ESCALATE,ESCALATED,0.0,"Payment recovery for ₹9,797.11 has been paused after multiple unsuccessful attempts. Our support team will review the case.",RECORDED
2026-08-27T21:42:54,TXN10686,CUST1005,7314.73,NETWORK_ERROR,2,RETURNING,65,MEDIUM,50,MEDIUM,RETRY,RECOVERED,7314.73,"Hi Customer 1005, your payment of ₹7,314.73 could not be completed due to a temporary payment issue. Please try the payment again after a short while.",RECORDED
2026-08-27T21:42:54,TXN10687,CUST1263,32506.22,INSUFFICIENT_FUNDS,4,NEW,25,LOW,60,MEDIUM,STOP_AND_ESCALATE,ESCALATED,0.0,"Payment recovery for ₹32,506.22 has been paused after multiple unsuccessful attempts. Our support team will review the case.",RECORDED
2026-08-27T21:42:54,TXN10688,CUST1251,15711.43,INSUFFICIENT_FUNDS,4,LOYAL,60,MEDIUM,85,HIGH,STOP_AND_ESCALATE,ESCALATED,0.0,"Payment recovery for ₹15,711.43 has been paused after multiple unsuccessful attempts. Our support team will review the case.",RECORDED
2026-08-27T21:42:54,TXN10689,CUST1135,7616.55,TEMPORARY_BANK_ERROR,3,RETURNING,60,MEDIUM,65,MEDIUM,STOP_AND_ESCALATE,ESCALATED,0.0,"Payment recovery for ₹7,616.55 has been paused after multiple unsuccessful attempts. Our support team will review the case.",RECORDED
2026-08-27T21:42:54,TXN10690,CUST1220,24693.62,CARD_EXPIRED,2,LOYAL,75,HIGH,80,HIGH,CUSTOMER_PROMPT,RECOVERED,24693.62,"Hi Customer 1220, your payment of ₹24,693.62 needs your attention. Please verify your payment details and try again.",RECORDED
2026-08-27T21:42:54,TXN10691,CUST1064,698.54,TEMPORARY_BANK_ERROR,4,RETURNING,60,MEDIUM,50,MEDIUM,STOP_AND_ESCALATE,ESCALATED,0.0,Payment recovery for ₹698.54 has been paused after multiple unsuccessful attempts. Our support team will review the case.,RECORDED
2026-08-27T21:42:54,TXN10692,CUST1216,337.1,NETWORK_ERROR,2,LOYAL,80,HIGH,50,MEDIUM,RETRY,FAILED,0.0,"Hi Customer 1216, your payment of ₹337.10 could not be completed due to a temporary payment issue. Please try the payment again after a short while.",RECORDED
2026-08-27T21:42:54,TXN10693,CUST1290,6304.22,TEMPORARY_BANK_ERROR,4,NEW,25,LOW,35,LOW,STOP_AND_ESCALATE,ESCALATED,0.0,"Payment recovery for ₹6,304.22 has been paused after multiple unsuccessful attempts. Our support team will review the case.",RECORDED
2026-08-27T21:42:54,TXN10694,CUST1102,42980.68,NETWORK_ERROR,2,RETURNING,65,MEDIUM,70,HIGH,RETRY,RECOVERED,42980.68,"Hi Customer 1102, your payment of ₹42,980.68 could not be completed due to a temporary payment issue. Please try the payment again after a short while.",RECORDED
2026-08-27T21:42:54,TXN10695,CUST1291,2300.19,AUTHENTICATION_FAILURE,1,RETURNING,60,MEDIUM,55,MEDIUM,CUSTOMER_PROMPT,RECOVERED,2300.19,"Hi Customer 1291, your payment of ₹2,300.19 needs your attention. Please verify your payment details and try again.",RECORDED
2026-08-27T21:42:54,TXN10696,CUST1032,31663.88,CARD_EXPIRED,3,RETURNING,20,LOW,65,MEDIUM,STOP_AND_ESCALATE,ESCALATED,0.0,"Payment recovery for ₹31,663.88 has been paused after multiple unsuccessful attempts. Our support team will review the case.",RECORDED
2026-08-27T21:42:54,TXN10697,CUST1140,7311.43,NETWORK_ERROR,1,NEW,55,MEDIUM,40,MEDIUM,RETRY,RECOVERED,7311.43,"Hi Customer 1140, your payment of ₹7,311.43 could not be completed due to a temporary payment issue. Please try the payment again after a short while.",RECORDED
2026-08-27T21:42:54,TXN10698,CUST1085,19866.26,AUTHENTICATION_FAILURE,1,RETURNING,65,MEDIUM,65,MEDIUM,CUSTOMER_PROMPT,RECOVERED,19866.26,"Hi Customer 1085, your payment of ₹19,866.26 needs your attention. Please verify your payment details and try again.",RECORDED
2026-08-27T21:42:54,TXN10699,CUST1063,5308.91,AUTHENTICATION_FAILURE,4,NEW,15,LOW,35,LOW,STOP_AND_ESCALATE,ESCALATED,0.0,"Payment recovery for ₹5,308.91 has been paused after multiple unsuccessful attempts. Our support team will review the case.",RECORDED
2026-08-27T21:42:54,TXN10700,CUST1104,1787.39,INSUFFICIENT_FUNDS,2,RETURNING,60,MEDIUM,45,MEDIUM,PAYMENT_LINK,FAILED,0.0,"Hi Customer 1104, your payment of ₹1,787.39 could not be completed. You can complete your payment using the secure payment link provided.",RECORDED
2026-08-27T21:42:54,TXN10701,CUST1102,18208.8,INSUFFICIENT_FUNDS,4,RETURNING,20,LOW,55,MEDIUM,STOP_AND_ESCALATE,ESCALATED,0.0,"Payment recovery for ₹18,208.80 has been paused after multiple unsuccessful attempts. Our support team will review the case.",RECORDED
2026-08-27T21:42:54,TXN10702,CUST1209,49534.82,INSUFFICIENT_FUNDS,2,NEW,35,LOW,55,MEDIUM,PAYMENT_LINK,FAILED,0.0,"Hi Customer 1209, your payment of ₹49,534.82 could not be completed. You can complete your payment using the secure payment link provided.",RECORDED
2026-08-27T21:42:54,TXN10703,CUST1132,8274.46,CARD_EXPIRED,4,RETURNING,25,LOW,50,MEDIUM,STOP_AND_ESCALATE,ESCALATED,0.0,"Payment recovery for ₹8,274.46 has been paused after multiple unsuccessful attempts. Our support team will review the case.",RECORDED
2026-08-27T21:42:54,TXN10704,CUST1292,9634.43,INSUFFICIENT_FUNDS,4,RETURNING,40,MEDIUM,65,MEDIUM,STOP_AND_ESCALATE,ESCALATED,0.0,"Payment recovery for ₹9,634.43 has been paused after multiple unsuccessful attempts. Our support team will review the case.",RECORDED
2026-08-27T21:42:54,TXN10705,CUST1022,29368.53,CARD_EXPIRED,3,RETURNING,20,LOW,65,MEDIUM,STOP_AND_ESCALATE,ESCALATED,0.0,"Payment recovery for ₹29,368.53 has been paused after multiple unsuccessful attempts. Our support team will review the case.",RECORDED
2026-08-27T21:42:54,TXN10706,CUST1044,34617.16,UNKNOWN,4,NEW,15,LOW,50,MEDIUM,STOP_AND_ESCALATE,ESCALATED,0.0,"Payment recovery for ₹34,617.16 has been paused after multiple unsuccessful attempts. Our support team will review the case.",RECORDED
2026-08-27T21:42:54,TXN10707,CUST1174,47361.32,INSUFFICIENT_FUNDS,2,RETURNING,45,MEDIUM,70,HIGH,PAYMENT_LINK,RECOVERED,47361.32,"Hi Customer 1174, your payment of ₹47,361.32 could not be completed. You can complete your payment using the secure payment link provided.",RECORDED
2026-08-27T21:42:54,TXN10708,CUST1082,6136.54,AUTHENTICATION_FAILURE,2,RETURNING,55,MEDIUM,55,MEDIUM,CUSTOMER_PROMPT,FAILED,0.0,"Hi Customer 1082, your payment of ₹6,136.54 needs your attention. Please verify your payment details and try again.",RECORDED
2026-08-27T21:42:54,TXN10709,CUST1128,20740.2,INSUFFICIENT_FUNDS,1,RETURNING,50,MEDIUM,60,MEDIUM,PAYMENT_LINK,RECOVERED,20740.2,"Hi Customer 1128, your payment of ₹20,740.20 could not be completed. You can complete your payment using the secure payment link provided.",RECORDED
2026-08-27T21:42:54,TXN10710,CUST1279,45652.56,AUTHENTICATION_FAILURE,1,NEW,35,LOW,55,MEDIUM,CUSTOMER_PROMPT,FAILED,0.0,"Hi Customer 1279, your payment of ₹45,652.56 needs your attention. Please verify your payment details and try again.",RECORDED
2026-08-27T21:42:54,TXN10711,CUST1289,216.94,NETWORK_ERROR,3,RETURNING,50,MEDIUM,40,MEDIUM,STOP_AND_ESCALATE,ESCALATED,0.0,Payment recovery for ₹216.94 has been paused after multiple unsuccessful attempts. Our support team will review the case.,RECORDED
2026-08-27T21:42:54,TXN10712,CUST1028,1637.35,UNKNOWN,3,RETURNING,45,MEDIUM,55,MEDIUM,STOP_AND_ESCALATE,ESCALATED,0.0,"Payment recovery for ₹1,637.35 has been paused after multiple unsuccessful attempts. Our support team will review the case.",RECORDED
2026-08-27T21:42:54,TXN10713,CUST1296,1625.57,CARD_EXPIRED,2,RETURNING,55,MEDIUM,45,MEDIUM,CUSTOMER_PROMPT,FAILED,0.0,"Hi Customer 1296, your payment of ₹1,625.57 needs your attention. Please verify your payment details and try again.",RECORDED
2026-08-27T21:42:54,TXN10714,CUST1274,10363.93,NETWORK_ERROR,1,LOYAL,90,HIGH,75,HIGH,RETRY,FAILED,0.0,"Hi Customer 1274, your payment of ₹10,363.93 could not be completed due to a temporary payment issue. Please try the payment again after a short while.",RECORDED
2026-08-27T21:42:54,TXN10715,CUST1261,1321.14,UNKNOWN,1,RETURNING,55,MEDIUM,40,MEDIUM,REMINDER,RECOVERED,1321.14,"Hi Customer 1261, this is a reminder regarding your pending payment of ₹1,321.14. Please complete the payment at your convenience.",RECORDED
2026-08-27T21:42:54,TXN10716,CUST1092,458.99,TEMPORARY_BANK_ERROR,2,RETURNING,60,MEDIUM,35,LOW,RETRY,FAILED,0.0,"Hi Customer 1092, your payment of ₹458.99 could not be completed due to a temporary payment issue. Please try the payment again after a short while.",RECORDED
2026-08-27T21:42:54,TXN10717,CUST1148,708.79,NETWORK_ERROR,4,NEW,40,MEDIUM,30,LOW,STOP_AND_ESCALATE,ESCALATED,0.0,Payment recovery for ₹708.79 has been paused after multiple unsuccessful attempts. Our support team will review the case.,RECORDED
2026-08-27T21:42:54,TXN10718,CUST1143,26809.98,TEMPORARY_BANK_ERROR,4,RETURNING,60,MEDIUM,85,HIGH,STOP_AND_ESCALATE,ESCALATED,0.0,"Payment recovery for ₹26,809.98 has been paused after multiple unsuccessful attempts. Our support team will review the case.",RECORDED
2026-08-27T21:42:54,TXN10719,CUST1149,25049.18,UNKNOWN,2,LOYAL,65,MEDIUM,80,HIGH,REMINDER,RECOVERED,25049.18,"Hi Customer 1149, this is a reminder regarding your pending payment of ₹25,049.18. Please complete the payment at your convenience.",RECORDED
2026-08-27T21:42:54,TXN10720,CUST1093,5765.14,INSUFFICIENT_FUNDS,4,NEW,25,LOW,50,MEDIUM,STOP_AND_ESCALATE,ESCALATED,0.0,"Payment recovery for ₹5,765.14 has been paused after multiple unsuccessful attempts. Our support team will review the case.",RECORDED
2026-08-27T21:42:54,TXN10721,CUST1202,901.59,AUTHENTICATION_FAILURE,1,LOYAL,75,HIGH,55,MEDIUM,CUSTOMER_PROMPT,FAILED,0.0,"Hi Customer 1202, your payment of ₹901.59 needs your attention. Please verify your payment details and try again.",RECORDED
2026-08-27T21:42:54,TXN10722,CUST1236,5797.29,INSUFFICIENT_FUNDS,3,LOYAL,35,LOW,55,MEDIUM,STOP_AND_ESCALATE,ESCALATED,0.0,"Payment recovery for ₹5,797.29 has been paused after multiple unsuccessful attempts. Our support team will review the case.",RECORDED
2026-08-27T21:42:54,TXN10723,CUST1252,301.77,INSUFFICIENT_FUNDS,4,NEW,25,LOW,35,LOW,STOP_AND_ESCALATE,ESCALATED,0.0,Payment recovery for ₹301.77 has been paused after multiple unsuccessful attempts. Our support team will review the case.,RECORDED
2026-08-27T21:42:54,TXN10724,CUST1138,8235.08,NETWORK_ERROR,2,NEW,70,HIGH,60,MEDIUM,RETRY,RECOVERED,8235.08,"Hi Customer 1138, your payment of ₹8,235.08 could not be completed due to a temporary payment issue. Please try the payment again after a short while.",RECORDED
2026-08-27T21:42:54,TXN10725,CUST1265,1671.02,INSUFFICIENT_FUNDS,3,RETURNING,35,LOW,40,MEDIUM,STOP_AND_ESCALATE,ESCALATED,0.0,"Payment recovery for ₹1,671.02 has been paused after multiple unsuccessful attempts. Our support team will review the case.",RECORDED
2026-08-27T21:42:54,TXN10726,CUST1137,41765.38,INSUFFICIENT_FUNDS,3,RETURNING,25,LOW,65,MEDIUM,STOP_AND_ESCALATE,ESCALATED,0.0,"Payment recovery for ₹41,765.38 has been paused after multiple unsuccessful attempts. Our support team will review the case.",RECORDED
2026-08-27T21:42:54,TXN10727,CUST1042,27237.65,INSUFFICIENT_FUNDS,2,LOYAL,80,HIGH,90,HIGH,PAYMENT_LINK,RECOVERED,27237.65,"Hi Customer 1042, your payment of ₹27,237.65 could not be completed. You can complete your payment using the secure payment link provided.",RECORDED
2026-08-27T21:42:54,TXN10728,CUST1148,15399.14,INSUFFICIENT_FUNDS,2,RETURNING,65,MEDIUM,65,MEDIUM,PAYMENT_LINK,RECOVERED,15399.14,"Hi Customer 1148, your payment of ₹15,399.14 could not be completed. You can complete your payment using the secure payment link provided.",RECORDED
2026-08-27T21:42:54,TXN10729,CUST1023,4655.67,INSUFFICIENT_FUNDS,2,RETURNING,60,MEDIUM,45,MEDIUM,PAYMENT_LINK,FAILED,0.0,"Hi Customer 1023, your payment of ₹4,655.67 could not be completed. You can complete your payment using the secure payment link provided.",RECORDED
2026-08-27T21:42:54,TXN10730,CUST1074,1694.14,TEMPORARY_BANK_ERROR,2,RETURNING,60,MEDIUM,40,MEDIUM,RETRY,RECOVERED,1694.14,"Hi Customer 1074, your payment of ₹1,694.14 could not be completed due to a temporary payment issue. Please try the payment again after a short while.",RECORDED
2026-08-27T21:42:54,TXN10731,CUST1186,4474.64,INSUFFICIENT_FUNDS,3,RETURNING,35,LOW,50,MEDIUM,STOP_AND_ESCALATE,ESCALATED,0.0,"Payment recovery for ₹4,474.64 has been paused after multiple unsuccessful attempts. Our support team will review the case.",RECORDED
2026-08-27T21:42:54,TXN10732,CUST1157,5321.68,INSUFFICIENT_FUNDS,1,RETURNING,45,MEDIUM,50,MEDIUM,PAYMENT_LINK,FAILED,0.0,"Hi Customer 1157, your payment of ₹5,321.68 could not be completed. You can complete your payment using the secure payment link provided.",RECORDED
2026-08-27T21:42:54,TXN10733,CUST1167,2031.31,NETWORK_ERROR,4,RETURNING,50,MEDIUM,45,MEDIUM,STOP_AND_ESCALATE,ESCALATED,0.0,"Payment recovery for ₹2,031.31 has been paused after multiple unsuccessful attempts. Our support team will review the case.",RECORDED
2026-08-27T21:42:54,TXN10734,CUST1238,5985.09,TEMPORARY_BANK_ERROR,2,LOYAL,100,HIGH,80,HIGH,RETRY,RECOVERED,5985.09,"Hi Customer 1238, your payment of ₹5,985.09 could not be completed due to a temporary payment issue. Please try the payment again after a short while.",RECORDED
2026-08-27T21:42:54,TXN10735,CUST1160,614.32,INSUFFICIENT_FUNDS,1,LOYAL,65,MEDIUM,45,MEDIUM,PAYMENT_LINK,RECOVERED,614.32,"Hi Customer 1160, your payment of ₹614.32 could not be completed. You can complete your payment using the secure payment link provided.",RECORDED
2026-08-27T21:42:54,TXN10736,CUST1252,10164.25,NETWORK_ERROR,1,LOYAL,90,HIGH,75,HIGH,RETRY,RECOVERED,10164.25,"Hi Customer 1252, your payment of ₹10,164.25 could not be completed due to a temporary payment issue. Please try the payment again after a short while.",RECORDED
2026-08-27T21:42:54,TXN10737,CUST1084,16843.44,CARD_EXPIRED,1,RETURNING,45,MEDIUM,60,MEDIUM,CUSTOMER_PROMPT,RECOVERED,16843.44,"Hi Customer 1084, your payment of ₹16,843.44 needs your attention. Please verify your payment details and try again.",RECORDED
2026-08-27T21:42:54,TXN10738,CUST1235,980.0,AUTHENTICATION_FAILURE,3,RETURNING,30,LOW,35,LOW,STOP_AND_ESCALATE,ESCALATED,0.0,Payment recovery for ₹980.00 has been paused after multiple unsuccessful attempts. Our support team will review the case.,RECORDED
2026-08-27T21:42:54,TXN10739,CUST1286,32892.61,INSUFFICIENT_FUNDS,3,RETURNING,25,LOW,65,MEDIUM,STOP_AND_ESCALATE,ESCALATED,0.0,"Payment recovery for ₹32,892.61 has been paused after multiple unsuccessful attempts. Our support team will review the case.",RECORDED
2026-08-27T21:42:54,TXN10740,CUST1203,1949.54,TEMPORARY_BANK_ERROR,4,LOYAL,70,HIGH,60,MEDIUM,STOP_AND_ESCALATE,ESCALATED,0.0,"Payment recovery for ₹1,949.54 has been paused after multiple unsuccessful attempts. Our support team will review the case.",RECORDED
2026-08-27T21:42:54,TXN10741,CUST1064,972.7,TEMPORARY_BANK_ERROR,2,RETURNING,80,HIGH,55,MEDIUM,RETRY,FAILED,0.0,"Hi Customer 1064, your payment of ₹972.70 could not be completed due to a temporary payment issue. Please try the payment again after a short while.",RECORDED
2026-08-27T21:42:54,TXN10742,CUST1181,26001.19,CARD_EXPIRED,2,LOYAL,75,HIGH,90,HIGH,CUSTOMER_PROMPT,RECOVERED,26001.19,"Hi Customer 1181, your payment of ₹26,001.19 needs your attention. Please verify your payment details and try again.",RECORDED
2026-08-27T21:42:54,TXN10743,CUST1138,37534.3,UNKNOWN,1,RETURNING,60,MEDIUM,70,HIGH,REMINDER,FAILED,0.0,"Hi Customer 1138, this is a reminder regarding your pending payment of ₹37,534.30. Please complete the payment at your convenience.",RECORDED
2026-08-27T21:42:54,TXN10744,CUST1196,31416.53,INSUFFICIENT_FUNDS,1,LOYAL,70,HIGH,85,HIGH,PAYMENT_LINK,FAILED,0.0,"Hi Customer 1196, your payment of ₹31,416.53 could not be completed. You can complete your payment using the secure payment link provided.",RECORDED
2026-08-27T21:42:54,TXN10745,CUST1264,378.57,TEMPORARY_BANK_ERROR,2,RETURNING,60,MEDIUM,35,LOW,RETRY,FAILED,0.0,"Hi Customer 1264, your payment of ₹378.57 could not be completed due to a temporary payment issue. Please try the payment again after a short while.",RECORDED
2026-08-27T21:42:54,TXN10746,CUST1203,8400.42,TEMPORARY_BANK_ERROR,2,LOYAL,100,HIGH,80,HIGH,RETRY,FAILED,0.0,"Hi Customer 1203, your payment of ₹8,400.42 could not be completed due to a temporary payment issue. Please try the payment again after a short while.",RECORDED
2026-08-27T21:42:54,TXN10747,CUST1165,44117.77,UNKNOWN,1,RETURNING,80,HIGH,90,HIGH,REMINDER,FAILED,0.0,"Hi Customer 1165, this is a reminder regarding your pending payment of ₹44,117.77. Please complete the payment at your convenience.",RECORDED
2026-08-27T21:42:54,TXN10748,CUST1114,1313.42,TEMPORARY_BANK_ERROR,2,RETURNING,60,MEDIUM,40,MEDIUM,RETRY,RECOVERED,1313.42,"Hi Customer 1114, your payment of ₹1,313.42 could not be completed due to a temporary payment issue. Please try the payment again after a short while.",RECORDED
2026-08-27T21:42:54,TXN10749,CUST1178,4478.62,INSUFFICIENT_FUNDS,3,NEW,25,LOW,40,MEDIUM,STOP_AND_ESCALATE,ESCALATED,0.0,"Payment recovery for ₹4,478.62 has been paused after multiple unsuccessful attempts. Our support team will review the case.",RECORDED
2026-08-27T21:42:54,TXN10750,CUST1018,4615.73,NETWORK_ERROR,2,LOYAL,95,HIGH,60,MEDIUM,RETRY,RECOVERED,4615.73,"Hi Customer 1018, your payment of ₹4,615.73 could not be completed due to a temporary payment issue. Please try the payment again after a short while.",RECORDED
2026-08-27T21:42:54,TXN10751,CUST1168,18025.28,INSUFFICIENT_FUNDS,1,RETURNING,50,MEDIUM,60,MEDIUM,PAYMENT_LINK,FAILED,0.0,"Hi Customer 1168, your payment of ₹18,025.28 could not be completed. You can complete your payment using the secure payment link provided.",RECORDED
2026-08-27T21:42:54,TXN10752,CUST1104,23608.92,TEMPORARY_BANK_ERROR,2,RETURNING,80,HIGH,70,HIGH,RETRY,RECOVERED,23608.92,"Hi Customer 1104, your payment of ₹23,608.92 could not be completed due to a temporary payment issue. Please try the payment again after a short while.",RECORDED
2026-08-27T21:42:54,TXN10753,CUST1162,2600.91,UNKNOWN,4,LOYAL,40,MEDIUM,50,MEDIUM,STOP_AND_ESCALATE,ESCALATED,0.0,"Payment recovery for ₹2,600.91 has been paused after multiple unsuccessful attempts. Our support team will review the case.",RECORDED
2026-08-27T21:42:54,TXN10754,CUST1169,5684.2,AUTHENTICATION_FAILURE,2,LOYAL,55,MEDIUM,60,MEDIUM,CUSTOMER_PROMPT,RECOVERED,5684.2,"Hi Customer 1169, your payment of ₹5,684.20 needs your attention. Please verify your payment details and try again.",RECORDED
2026-08-27T21:42:54,TXN10755,CUST1227,1641.77,NETWORK_ERROR,4,NEW,25,LOW,25,LOW,STOP_AND_ESCALATE,ESCALATED,0.0,"Payment recovery for ₹1,641.77 has been paused after multiple unsuccessful attempts. Our support team will review the case.",RECORDED
2026-08-27T21:42:54,TXN10756,CUST1135,1642.45,UNKNOWN,1,NEW,40,MEDIUM,30,LOW,REMINDER,FAILED,0.0,"Hi Customer 1135, this is a reminder regarding your pending payment of ₹1,642.45. Please complete the payment at your convenience.",RECORDED
2026-08-27T21:42:54,TXN10757,CUST1138,6249.08,TEMPORARY_BANK_ERROR,4,LOYAL,70,HIGH,70,HIGH,STOP_AND_ESCALATE,ESCALATED,0.0,"Payment recovery for ₹6,249.08 has been paused after multiple unsuccessful attempts. Our support team will review the case.",RECORDED
2026-08-27T21:42:54,TXN10758,CUST1274,270.2,INSUFFICIENT_FUNDS,1,RETURNING,60,MEDIUM,40,MEDIUM,PAYMENT_LINK,FAILED,0.0,"Hi Customer 1274, your payment of ₹270.20 could not be completed. You can complete your payment using the secure payment link provided.",RECORDED
2026-08-27T21:42:54,TXN10759,CUST1083,295.23,INSUFFICIENT_FUNDS,2,RETURNING,45,MEDIUM,35,LOW,PAYMENT_LINK,RECOVERED,295.23,"Hi Customer 1083, your payment of ₹295.23 could not be completed. You can complete your payment using the secure payment link provided.",RECORDED
2026-08-27T21:42:54,TXN10760,CUST1042,4322.66,UNKNOWN,4,NEW,30,LOW,40,MEDIUM,STOP_AND_ESCALATE,ESCALATED,0.0,"Payment recovery for ₹4,322.66 has been paused after multiple unsuccessful attempts. Our support team will review the case.",RECORDED
2026-08-27T21:42:54,TXN10761,CUST1245,2056.77,INSUFFICIENT_FUNDS,2,RETURNING,45,MEDIUM,40,MEDIUM,PAYMENT_LINK,RECOVERED,2056.77,"Hi Customer 1245, your payment of ₹2,056.77 could not be completed. You can complete your payment using the secure payment link provided.",RECORDED
2026-08-27T21:42:54,TXN10762,CUST1198,35684.41,CARD_EXPIRED,1,RETURNING,50,MEDIUM,70,HIGH,CUSTOMER_PROMPT,RECOVERED,35684.41,"Hi Customer 1198, your payment of ₹35,684.41 needs your attention. Please verify your payment details and try again.",RECORDED
2026-08-27T21:42:54,TXN10763,CUST1051,2604.97,INSUFFICIENT_FUNDS,1,RETURNING,50,MEDIUM,40,MEDIUM,PAYMENT_LINK,RECOVERED,2604.97,"Hi Customer 1051, your payment of ₹2,604.97 could not be completed. You can complete your payment using the secure payment link provided.",RECORDED
2026-08-27T21:42:54,TXN10764,CUST1060,1587.24,INSUFFICIENT_FUNDS,1,LOYAL,80,HIGH,60,MEDIUM,PAYMENT_LINK,RECOVERED,1587.24,"Hi Customer 1060, your payment of ₹1,587.24 could not be completed. You can complete your payment using the secure payment link provided.",RECORDED
2026-08-27T21:42:54,TXN10765,CUST1066,1046.27,NETWORK_ERROR,2,NEW,50,MEDIUM,30,LOW,RETRY,RECOVERED,1046.27,"Hi Customer 1066, your payment of ₹1,046.27 could not be completed due to a temporary payment issue. Please try the payment again after a short while.",RECORDED
2026-08-27T21:42:54,TXN10766,CUST1270,1469.37,INSUFFICIENT_FUNDS,3,NEW,5,LOW,20,LOW,STOP_AND_ESCALATE,ESCALATED,0.0,"Payment recovery for ₹1,469.37 has been paused after multiple unsuccessful attempts. Our support team will review the case.",RECORDED
2026-08-27T21:42:54,TXN10767,CUST1250,1159.4,TEMPORARY_BANK_ERROR,2,RETURNING,80,HIGH,60,MEDIUM,RETRY,RECOVERED,1159.4,"Hi Customer 1250, your payment of ₹1,159.40 could not be completed due to a temporary payment issue. Please try the payment again after a short while.",RECORDED
2026-08-27T21:42:54,TXN10768,CUST1140,13141.45,AUTHENTICATION_FAILURE,1,LOYAL,85,HIGH,90,HIGH,CUSTOMER_PROMPT,FAILED,0.0,"Hi Customer 1140, your payment of ₹13,141.45 needs your attention. Please verify your payment details and try again.",RECORDED
2026-08-27T21:42:54,TXN10769,CUST1147,5946.24,TEMPORARY_BANK_ERROR,4,RETURNING,40,MEDIUM,50,MEDIUM,STOP_AND_ESCALATE,ESCALATED,0.0,"Payment recovery for ₹5,946.24 has been paused after multiple unsuccessful attempts. Our support team will review the case.",RECORDED
2026-08-27T21:42:54,TXN10770,CUST1280,5633.26,TEMPORARY_BANK_ERROR,3,RETURNING,55,MEDIUM,55,MEDIUM,STOP_AND_ESCALATE,ESCALATED,0.0,"Payment recovery for ₹5,633.26 has been paused after multiple unsuccessful attempts. Our support team will review the case.",RECORDED
2026-08-27T21:42:54,TXN10771,CUST1104,47310.85,NETWORK_ERROR,2,RETURNING,90,HIGH,90,HIGH,RETRY,FAILED,0.0,"Hi Customer 1104, your payment of ₹47,310.85 could not be completed due to a temporary payment issue. Please try the payment again after a short while.",RECORDED
2026-08-27T21:42:54,TXN10772,CUST1206,5869.89,TEMPORARY_BANK_ERROR,1,LOYAL,80,HIGH,65,MEDIUM,RETRY,FAILED,0.0,"Hi Customer 1206, your payment of ₹5,869.89 could not be completed due to a temporary payment issue. Please try the payment again after a short while.",RECORDED
2026-08-27T21:42:54,TXN10773,CUST1214,41140.64,INSUFFICIENT_FUNDS,2,RETURNING,45,MEDIUM,70,HIGH,PAYMENT_LINK,FAILED,0.0,"Hi Customer 1214, your payment of ₹41,140.64 could not be completed. You can complete your payment using the secure payment link provided.",RECORDED
2026-08-27T21:42:54,TXN10774,CUST1102,34926.9,TEMPORARY_BANK_ERROR,4,NEW,30,LOW,55,MEDIUM,STOP_AND_ESCALATE,ESCALATED,0.0,"Payment recovery for ₹34,926.90 has been paused after multiple unsuccessful attempts. Our support team will review the case.",RECORDED
2026-08-27T21:42:54,TXN10775,CUST1265,8120.09,AUTHENTICATION_FAILURE,3,RETURNING,15,LOW,40,MEDIUM,STOP_AND_ESCALATE,ESCALATED,0.0,"Payment recovery for ₹8,120.09 has been paused after multiple unsuccessful attempts. Our support team will review the case.",RECORDED
2026-08-27T21:42:54,TXN10776,CUST1293,353.43,AUTHENTICATION_FAILURE,2,NEW,25,LOW,20,LOW,MANUAL_REVIEW,MANUAL_REVIEW,0.0,Your payment of ₹353.43 has been flagged for manual review. No further automatic recovery action will be taken at this time.,RECORDED
2026-08-27T21:42:54,TXN10777,CUST1104,9740.95,TEMPORARY_BANK_ERROR,3,LOYAL,55,MEDIUM,60,MEDIUM,STOP_AND_ESCALATE,ESCALATED,0.0,"Payment recovery for ₹9,740.95 has been paused after multiple unsuccessful attempts. Our support team will review the case.",RECORDED
2026-08-27T21:42:54,TXN10778,CUST1055,9051.01,INSUFFICIENT_FUNDS,3,NEW,20,LOW,40,MEDIUM,STOP_AND_ESCALATE,ESCALATED,0.0,"Payment recovery for ₹9,051.01 has been paused after multiple unsuccessful attempts. Our support team will review the case.",RECORDED
2026-08-27T21:42:54,TXN10779,CUST1217,758.87,NETWORK_ERROR,4,RETURNING,40,MEDIUM,35,LOW,STOP_AND_ESCALATE,ESCALATED,0.0,Payment recovery for ₹758.87 has been paused after multiple unsuccessful attempts. Our support team will review the case.,RECORDED
2026-08-27T21:42:54,TXN10780,CUST1287,2563.61,INSUFFICIENT_FUNDS,2,NEW,45,MEDIUM,35,LOW,PAYMENT_LINK,RECOVERED,2563.61,"Hi Customer 1287, your payment of ₹2,563.61 could not be completed. You can complete your payment using the secure payment link provided.",RECORDED
2026-08-27T21:42:54,TXN10781,CUST1179,17897.95,NETWORK_ERROR,3,RETURNING,65,MEDIUM,75,HIGH,STOP_AND_ESCALATE,ESCALATED,0.0,"Payment recovery for ₹17,897.95 has been paused after multiple unsuccessful attempts. Our support team will review the case.",RECORDED
2026-08-27T21:42:54,TXN10782,CUST1222,6991.05,AUTHENTICATION_FAILURE,4,RETURNING,35,LOW,60,MEDIUM,STOP_AND_ESCALATE,ESCALATED,0.0,"Payment recovery for ₹6,991.05 has been paused after multiple unsuccessful attempts. Our support team will review the case.",RECORDED
2026-08-27T21:42:54,TXN10783,CUST1025,33372.79,NETWORK_ERROR,1,RETURNING,90,HIGH,80,HIGH,RETRY,RECOVERED,33372.79,"Hi Customer 1025, your payment of ₹33,372.79 could not be completed due to a temporary payment issue. Please try the payment again after a short while.",RECORDED
2026-08-27T21:42:54,TXN10784,CUST1012,27540.32,INSUFFICIENT_FUNDS,4,RETURNING,20,LOW,65,MEDIUM,STOP_AND_ESCALATE,ESCALATED,0.0,"Payment recovery for ₹27,540.32 has been paused after multiple unsuccessful attempts. Our support team will review the case.",RECORDED
2026-08-27T21:42:54,TXN10785,CUST1272,4769.78,UNKNOWN,2,NEW,50,MEDIUM,35,LOW,REMINDER,RECOVERED,4769.78,"Hi Customer 1272, this is a reminder regarding your pending payment of ₹4,769.78. Please complete the payment at your convenience.",RECORDED
2026-08-27T21:42:54,TXN10786,CUST1281,3077.84,AUTHENTICATION_FAILURE,1,RETURNING,40,MEDIUM,40,MEDIUM,CUSTOMER_PROMPT,RECOVERED,3077.84,"Hi Customer 1281, your payment of ₹3,077.84 needs your attention. Please verify your payment details and try again.",RECORDED
2026-08-27T21:42:54,TXN10787,CUST1270,1845.15,CARD_EXPIRED,4,NEW,0,LOW,20,LOW,STOP_AND_ESCALATE,ESCALATED,0.0,"Payment recovery for ₹1,845.15 has been paused after multiple unsuccessful attempts. Our support team will review the case.",RECORDED
2026-08-27T21:42:54,TXN10788,CUST1222,9577.51,TEMPORARY_BANK_ERROR,1,LOYAL,100,HIGH,80,HIGH,RETRY,RECOVERED,9577.51,"Hi Customer 1222, your payment of ₹9,577.51 could not be completed due to a temporary payment issue. Please try the payment again after a short while.",RECORDED
2026-08-27T21:42:54,TXN10789,CUST1202,5064.93,AUTHENTICATION_FAILURE,2,NEW,25,LOW,35,LOW,MANUAL_REVIEW,MANUAL_REVIEW,0.0,"Your payment of ₹5,064.93 has been flagged for manual review. No further automatic recovery action will be taken at this time.",RECORDED
2026-08-27T21:42:54,TXN10790,CUST1279,10453.3,INSUFFICIENT_FUNDS,4,LOYAL,40,MEDIUM,70,HIGH,STOP_AND_ESCALATE,ESCALATED,0.0,"Payment recovery for ₹10,453.30 has been paused after multiple unsuccessful attempts. Our support team will review the case.",RECORDED
2026-08-27T21:42:54,TXN10791,CUST1030,6370.58,INSUFFICIENT_FUNDS,4,RETURNING,15,LOW,40,MEDIUM,STOP_AND_ESCALATE,ESCALATED,0.0,"Payment recovery for ₹6,370.58 has been paused after multiple unsuccessful attempts. Our support team will review the case.",RECORDED
2026-08-27T21:42:54,TXN10792,CUST1279,3142.45,UNKNOWN,2,RETURNING,65,MEDIUM,45,MEDIUM,REMINDER,FAILED,0.0,"Hi Customer 1279, this is a reminder regarding your pending payment of ₹3,142.45. Please complete the payment at your convenience.",RECORDED
2026-08-27T21:42:54,TXN10793,CUST1073,36741.87,CARD_EXPIRED,1,RETURNING,45,MEDIUM,70,HIGH,CUSTOMER_PROMPT,FAILED,0.0,"Hi Customer 1073, your payment of ₹36,741.87 needs your attention. Please verify your payment details and try again.",RECORDED
2026-08-27T21:42:54,TXN10794,CUST1197,4031.99,NETWORK_ERROR,3,RETURNING,55,MEDIUM,45,MEDIUM,STOP_AND_ESCALATE,ESCALATED,0.0,"Payment recovery for ₹4,031.99 has been paused after multiple unsuccessful attempts. Our support team will review the case.",RECORDED
2026-08-27T21:42:54,TXN10795,CUST1287,13169.98,INSUFFICIENT_FUNDS,2,NEW,50,MEDIUM,55,MEDIUM,PAYMENT_LINK,RECOVERED,13169.98,"Hi Customer 1287, your payment of ₹13,169.98 could not be completed. You can complete your payment using the secure payment link provided.",RECORDED
2026-08-27T21:42:54,TXN10796,CUST1037,2187.44,TEMPORARY_BANK_ERROR,1,RETURNING,90,HIGH,60,MEDIUM,RETRY,RECOVERED,2187.44,"Hi Customer 1037, your payment of ₹2,187.44 could not be completed due to a temporary payment issue. Please try the payment again after a short while.",RECORDED
2026-08-27T21:42:54,TXN10797,CUST1055,289.82,CARD_EXPIRED,4,NEW,15,LOW,20,LOW,STOP_AND_ESCALATE,ESCALATED,0.0,Payment recovery for ₹289.82 has been paused after multiple unsuccessful attempts. Our support team will review the case.,RECORDED
2026-08-27T21:42:54,TXN10798,CUST1001,1715.44,TEMPORARY_BANK_ERROR,2,NEW,70,HIGH,50,MEDIUM,RETRY,RECOVERED,1715.44,"Hi Customer 1001, your payment of ₹1,715.44 could not be completed due to a temporary payment issue. Please try the payment again after a short while.",RECORDED
2026-08-27T21:42:54,TXN10799,CUST1049,1641.92,TEMPORARY_BANK_ERROR,2,LOYAL,100,HIGH,70,HIGH,RETRY,RECOVERED,1641.92,"Hi Customer 1049, your payment of ₹1,641.92 could not be completed due to a temporary payment issue. Please try the payment again after a short while.",RECORDED
2026-08-27T21:42:54,TXN10800,CUST1079,48674.62,INSUFFICIENT_FUNDS,2,RETURNING,60,MEDIUM,75,HIGH,PAYMENT_LINK,FAILED,0.0,"Hi Customer 1079, your payment of ₹48,674.62 could not be completed. You can complete your payment using the secure payment link provided.",RECORDED
2026-08-27T21:42:54,TXN10801,CUST1026,5541.44,AUTHENTICATION_FAILURE,1,NEW,30,LOW,35,LOW,CUSTOMER_PROMPT,FAILED,0.0,"Hi Customer 1026, your payment of ₹5,541.44 needs your attention. Please verify your payment details and try again.",RECORDED
2026-08-27T21:42:54,TXN10802,CUST1045,7292.07,CARD_EXPIRED,1,RETURNING,65,MEDIUM,65,MEDIUM,CUSTOMER_PROMPT,RECOVERED,7292.07,"Hi Customer 1045, your payment of ₹7,292.07 needs your attention. Please verify your payment details and try again.",RECORDED
2026-08-27T21:42:54,TXN10803,CUST1016,46879.5,UNKNOWN,4,LOYAL,60,MEDIUM,85,HIGH,STOP_AND_ESCALATE,ESCALATED,0.0,"Payment recovery for ₹46,879.50 has been paused after multiple unsuccessful attempts. Our support team will review the case.",RECORDED
2026-08-27T21:42:54,TXN10804,CUST1131,4141.93,UNKNOWN,1,RETURNING,55,MEDIUM,40,MEDIUM,REMINDER,RECOVERED,4141.93,"Hi Customer 1131, this is a reminder regarding your pending payment of ₹4,141.93. Please complete the payment at your convenience.",RECORDED
2026-08-27T21:42:54,TXN10805,CUST1155,13039.74,NETWORK_ERROR,3,LOYAL,60,MEDIUM,70,HIGH,STOP_AND_ESCALATE,ESCALATED,0.0,"Payment recovery for ₹13,039.74 has been paused after multiple unsuccessful attempts. Our support team will review the case.",RECORDED
2026-08-27T21:42:54,TXN10806,CUST1001,1015.92,AUTHENTICATION_FAILURE,1,RETURNING,45,MEDIUM,40,MEDIUM,CUSTOMER_PROMPT,FAILED,0.0,"Hi Customer 1001, your payment of ₹1,015.92 needs your attention. Please verify your payment details and try again.",RECORDED
2026-08-27T21:42:54,TXN10807,CUST1006,1133.49,TEMPORARY_BANK_ERROR,2,NEW,65,MEDIUM,35,LOW,RETRY,FAILED,0.0,"Hi Customer 1006, your payment of ₹1,133.49 could not be completed due to a temporary payment issue. Please try the payment again after a short while.",RECORDED
2026-08-27T21:42:54,TXN10808,CUST1079,5447.43,NETWORK_ERROR,3,LOYAL,50,MEDIUM,60,MEDIUM,STOP_AND_ESCALATE,ESCALATED,0.0,"Payment recovery for ₹5,447.43 has been paused after multiple unsuccessful attempts. Our support team will review the case.",RECORDED
2026-08-27T21:42:54,TXN10809,CUST1274,38872.02,AUTHENTICATION_FAILURE,2,NEW,30,LOW,55,MEDIUM,CUSTOMER_PROMPT,RECOVERED,38872.02,"Hi Customer 1274, your payment of ₹38,872.02 needs your attention. Please verify your payment details and try again.",RECORDED
2026-08-27T21:42:54,TXN10810,CUST1234,430.44,TEMPORARY_BANK_ERROR,2,NEW,65,MEDIUM,30,LOW,RETRY,FAILED,0.0,"Hi Customer 1234, your payment of ₹430.44 could not be completed due to a temporary payment issue. Please try the payment again after a short while.",RECORDED
2026-08-27T21:42:54,TXN10811,CUST1020,48826.72,INSUFFICIENT_FUNDS,3,NEW,10,LOW,50,MEDIUM,STOP_AND_ESCALATE,ESCALATED,0.0,"Payment recovery for ₹48,826.72 has been paused after multiple unsuccessful attempts. Our support team will review the case.",RECORDED
2026-08-27T21:42:54,TXN10812,CUST1027,44558.19,AUTHENTICATION_FAILURE,3,NEW,20,LOW,60,MEDIUM,STOP_AND_ESCALATE,ESCALATED,0.0,"Payment recovery for ₹44,558.19 has been paused after multiple unsuccessful attempts. Our support team will review the case.",RECORDED
2026-08-27T21:42:54,TXN10813,CUST1290,947.39,NETWORK_ERROR,4,RETURNING,50,MEDIUM,40,MEDIUM,STOP_AND_ESCALATE,ESCALATED,0.0,Payment recovery for ₹947.39 has been paused after multiple unsuccessful attempts. Our support team will review the case.,RECORDED
2026-08-27T21:42:54,TXN10814,CUST1240,529.13,CARD_EXPIRED,1,LOYAL,80,HIGH,65,MEDIUM,CUSTOMER_PROMPT,FAILED,0.0,"Hi Customer 1240, your payment of ₹529.13 needs your attention. Please verify your payment details and try again.",RECORDED
2026-08-27T21:42:54,TXN10815,CUST1212,23586.42,INSUFFICIENT_FUNDS,1,LOYAL,85,HIGH,80,HIGH,PAYMENT_LINK,FAILED,0.0,"Hi Customer 1212, your payment of ₹23,586.42 could not be completed. You can complete your payment using the secure payment link provided.",RECORDED
2026-08-27T21:42:54,TXN10816,CUST1146,37079.07,INSUFFICIENT_FUNDS,3,LOYAL,60,MEDIUM,95,HIGH,STOP_AND_ESCALATE,ESCALATED,0.0,"Payment recovery for ₹37,079.07 has been paused after multiple unsuccessful attempts. Our support team will review the case.",RECORDED
2026-08-27T21:42:54,TXN10817,CUST1160,34438.38,AUTHENTICATION_FAILURE,2,RETURNING,65,MEDIUM,85,HIGH,CUSTOMER_PROMPT,RECOVERED,34438.38,"Hi Customer 1160, your payment of ₹34,438.38 needs your attention. Please verify your payment details and try again.",RECORDED
2026-08-27T21:42:54,TXN10818,CUST1076,1671.23,AUTHENTICATION_FAILURE,2,RETURNING,50,MEDIUM,45,MEDIUM,CUSTOMER_PROMPT,RECOVERED,1671.23,"Hi Customer 1076, your payment of ₹1,671.23 needs your attention. Please verify your payment details and try again.",RECORDED
2026-08-27T21:42:54,TXN10819,CUST1119,15529.82,TEMPORARY_BANK_ERROR,2,RETURNING,90,HIGH,80,HIGH,RETRY,RECOVERED,15529.82,"Hi Customer 1119, your payment of ₹15,529.82 could not be completed due to a temporary payment issue. Please try the payment again after a short while.",RECORDED
2026-08-27T21:42:54,TXN10820,CUST1096,8459.02,AUTHENTICATION_FAILURE,2,RETURNING,55,MEDIUM,55,MEDIUM,CUSTOMER_PROMPT,RECOVERED,8459.02,"Hi Customer 1096, your payment of ₹8,459.02 needs your attention. Please verify your payment details and try again.",RECORDED
2026-08-27T21:42:54,TXN10821,CUST1038,3702.59,NETWORK_ERROR,2,LOYAL,80,HIGH,55,MEDIUM,RETRY,RECOVERED,3702.59,"Hi Customer 1038, your payment of ₹3,702.59 could not be completed due to a temporary payment issue. Please try the payment again after a short while.",RECORDED
2026-08-27T21:42:54,TXN10822,CUST1041,787.5,TEMPORARY_BANK_ERROR,3,RETURNING,60,MEDIUM,50,MEDIUM,STOP_AND_ESCALATE,ESCALATED,0.0,Payment recovery for ₹787.50 has been paused after multiple unsuccessful attempts. Our support team will review the case.,RECORDED
2026-08-27T21:42:54,TXN10823,CUST1225,12255.27,AUTHENTICATION_FAILURE,4,RETURNING,35,LOW,70,HIGH,STOP_AND_ESCALATE,ESCALATED,0.0,"Payment recovery for ₹12,255.27 has been paused after multiple unsuccessful attempts. Our support team will review the case.",RECORDED
2026-08-27T21:42:54,TXN10824,CUST1084,35619.33,TEMPORARY_BANK_ERROR,3,RETURNING,60,MEDIUM,75,HIGH,STOP_AND_ESCALATE,ESCALATED,0.0,"Payment recovery for ₹35,619.33 has been paused after multiple unsuccessful attempts. Our support team will review the case.",RECORDED
2026-08-27T21:42:54,TXN10825,CUST1220,1619.27,TEMPORARY_BANK_ERROR,2,RETURNING,75,HIGH,50,MEDIUM,RETRY,FAILED,0.0,"Hi Customer 1220, your payment of ₹1,619.27 could not be completed due to a temporary payment issue. Please try the payment again after a short while.",RECORDED
2026-08-27T21:42:54,TXN10826,CUST1263,8235.47,UNKNOWN,2,RETURNING,65,MEDIUM,55,MEDIUM,REMINDER,RECOVERED,8235.47,"Hi Customer 1263, this is a reminder regarding your pending payment of ₹8,235.47. Please complete the payment at your convenience.",RECORDED
2026-08-27T21:42:54,TXN10827,CUST1036,37025.76,AUTHENTICATION_FAILURE,4,RETURNING,35,LOW,70,HIGH,STOP_AND_ESCALATE,ESCALATED,0.0,"Payment recovery for ₹37,025.76 has been paused after multiple unsuccessful attempts. Our support team will review the case.",RECORDED
2026-08-27T21:42:54,TXN10828,CUST1183,30012.21,NETWORK_ERROR,2,LOYAL,100,HIGH,100,HIGH,RETRY,RECOVERED,30012.21,"Hi Customer 1183, your payment of ₹30,012.21 could not be completed due to a temporary payment issue. Please try the payment again after a short while.",RECORDED
2026-08-27T21:42:54,TXN10829,CUST1274,7969.76,AUTHENTICATION_FAILURE,3,NEW,15,LOW,35,LOW,STOP_AND_ESCALATE,ESCALATED,0.0,"Payment recovery for ₹7,969.76 has been paused after multiple unsuccessful attempts. Our support team will review the case.",RECORDED
2026-08-27T21:42:54,TXN10830,CUST1000,908.81,INSUFFICIENT_FUNDS,2,RETURNING,45,MEDIUM,35,LOW,PAYMENT_LINK,FAILED,0.0,"Hi Customer 1000, your payment of ₹908.81 could not be completed. You can complete your payment using the secure payment link provided.",RECORDED
2026-08-27T21:42:54,TXN10831,CUST1024,9551.02,UNKNOWN,1,LOYAL,80,HIGH,70,HIGH,REMINDER,RECOVERED,9551.02,"Hi Customer 1024, this is a reminder regarding your pending payment of ₹9,551.02. Please complete the payment at your convenience.",RECORDED
2026-08-27T21:42:54,TXN10832,CUST1037,4436.3,UNKNOWN,1,RETURNING,50,MEDIUM,40,MEDIUM,REMINDER,FAILED,0.0,"Hi Customer 1037, this is a reminder regarding your pending payment of ₹4,436.30. Please complete the payment at your convenience.",RECORDED
2026-08-27T21:42:54,TXN10833,CUST1144,1649.34,TEMPORARY_BANK_ERROR,4,LOYAL,55,MEDIUM,50,MEDIUM,STOP_AND_ESCALATE,ESCALATED,0.0,"Payment recovery for ₹1,649.34 has been paused after multiple unsuccessful attempts. Our support team will review the case.",RECORDED
2026-08-27T21:42:54,TXN10834,CUST1209,1866.3,NETWORK_ERROR,1,NEW,70,HIGH,40,MEDIUM,RETRY,RECOVERED,1866.3,"Hi Customer 1209, your payment of ₹1,866.30 could not be completed due to a temporary payment issue. Please try the payment again after a short while.",RECORDED
2026-08-27T21:42:54,TXN10835,CUST1093,1821.12,UNKNOWN,2,RETURNING,70,HIGH,60,MEDIUM,REMINDER,RECOVERED,1821.12,"Hi Customer 1093, this is a reminder regarding your pending payment of ₹1,821.12. Please complete the payment at your convenience.",RECORDED
2026-08-27T21:42:54,TXN10836,CUST1255,3029.85,TEMPORARY_BANK_ERROR,3,RETURNING,55,MEDIUM,45,MEDIUM,STOP_AND_ESCALATE,ESCALATED,0.0,"Payment recovery for ₹3,029.85 has been paused after multiple unsuccessful attempts. Our support team will review the case.",RECORDED
2026-08-27T21:42:54,TXN10837,CUST1058,2958.98,TEMPORARY_BANK_ERROR,2,RETURNING,60,MEDIUM,40,MEDIUM,RETRY,FAILED,0.0,"Hi Customer 1058, your payment of ₹2,958.98 could not be completed due to a temporary payment issue. Please try the payment again after a short while.",RECORDED
2026-08-27T21:42:54,TXN10838,CUST1068,14406.88,CARD_EXPIRED,3,RETURNING,30,LOW,60,MEDIUM,STOP_AND_ESCALATE,ESCALATED,0.0,"Payment recovery for ₹14,406.88 has been paused after multiple unsuccessful attempts. Our support team will review the case.",RECORDED
2026-08-27T21:42:54,TXN10839,CUST1046,1099.65,INSUFFICIENT_FUNDS,1,RETURNING,50,MEDIUM,40,MEDIUM,PAYMENT_LINK,RECOVERED,1099.65,"Hi Customer 1046, your payment of ₹1,099.65 could not be completed. You can complete your payment using the secure payment link provided.",RECORDED
2026-08-27T21:42:54,TXN10840,CUST1130,6221.97,UNKNOWN,1,LOYAL,85,HIGH,80,HIGH,REMINDER,FAILED,0.0,"Hi Customer 1130, this is a reminder regarding your pending payment of ₹6,221.97. Please complete the payment at your convenience.",RECORDED
2026-08-27T21:42:54,TXN10841,CUST1295,32221.0,INSUFFICIENT_FUNDS,3,NEW,30,LOW,70,HIGH,STOP_AND_ESCALATE,ESCALATED,0.0,"Payment recovery for ₹32,221.00 has been paused after multiple unsuccessful attempts. Our support team will review the case.",RECORDED
2026-08-27T21:42:54,TXN10842,CUST1089,45244.21,UNKNOWN,1,LOYAL,75,HIGH,85,HIGH,REMINDER,FAILED,0.0,"Hi Customer 1089, this is a reminder regarding your pending payment of ₹45,244.21. Please complete the payment at your convenience.",RECORDED
2026-08-27T21:42:54,TXN10843,CUST1174,1814.61,AUTHENTICATION_FAILURE,4,RETURNING,25,LOW,40,MEDIUM,STOP_AND_ESCALATE,ESCALATED,0.0,"Payment recovery for ₹1,814.61 has been paused after multiple unsuccessful attempts. Our support team will review the case.",RECORDED
2026-08-27T21:42:54,TXN10844,CUST1164,210.75,INSUFFICIENT_FUNDS,2,NEW,45,MEDIUM,30,LOW,PAYMENT_LINK,RECOVERED,210.75,"Hi Customer 1164, your payment of ₹210.75 could not be completed. You can complete your payment using the secure payment link provided.",RECORDED
2026-08-27T21:42:54,TXN10845,CUST1039,459.24,INSUFFICIENT_FUNDS,1,LOYAL,80,HIGH,55,MEDIUM,PAYMENT_LINK,RECOVERED,459.24,"Hi Customer 1039, your payment of ₹459.24 could not be completed. You can complete your payment using the secure payment link provided.",RECORDED
2026-08-27T21:42:54,TXN10846,CUST1094,38301.42,TEMPORARY_BANK_ERROR,3,RETURNING,60,MEDIUM,75,HIGH,STOP_AND_ESCALATE,ESCALATED,0.0,"Payment recovery for ₹38,301.42 has been paused after multiple unsuccessful attempts. Our support team will review the case.",RECORDED
2026-08-27T21:42:54,TXN10847,CUST1280,9316.02,TEMPORARY_BANK_ERROR,3,NEW,40,MEDIUM,45,MEDIUM,STOP_AND_ESCALATE,ESCALATED,0.0,"Payment recovery for ₹9,316.02 has been paused after multiple unsuccessful attempts. Our support team will review the case.",RECORDED
2026-08-27T21:42:54,TXN10848,CUST1173,282.58,TEMPORARY_BANK_ERROR,4,RETURNING,55,MEDIUM,40,MEDIUM,STOP_AND_ESCALATE,ESCALATED,0.0,Payment recovery for ₹282.58 has been paused after multiple unsuccessful attempts. Our support team will review the case.,RECORDED
2026-08-27T21:42:54,TXN10849,CUST1016,45672.81,INSUFFICIENT_FUNDS,4,NEW,10,LOW,50,MEDIUM,STOP_AND_ESCALATE,ESCALATED,0.0,"Payment recovery for ₹45,672.81 has been paused after multiple unsuccessful attempts. Our support team will review the case.",RECORDED
2026-08-27T21:42:54,TXN10850,CUST1004,1149.1,INSUFFICIENT_FUNDS,2,RETURNING,65,MEDIUM,55,MEDIUM,PAYMENT_LINK,RECOVERED,1149.1,"Hi Customer 1004, your payment of ₹1,149.10 could not be completed. You can complete your payment using the secure payment link provided.",RECORDED
2026-08-27T21:42:54,TXN10851,CUST1280,23641.91,AUTHENTICATION_FAILURE,2,RETURNING,60,MEDIUM,65,MEDIUM,CUSTOMER_PROMPT,FAILED,0.0,"Hi Customer 1280, your payment of ₹23,641.91 needs your attention. Please verify your payment details and try again.",RECORDED
2026-08-27T21:42:54,TXN10852,CUST1032,21745.3,AUTHENTICATION_FAILURE,1,RETURNING,70,HIGH,80,HIGH,CUSTOMER_PROMPT,FAILED,0.0,"Hi Customer 1032, your payment of ₹21,745.30 needs your attention. Please verify your payment details and try again.",RECORDED
2026-08-27T21:42:54,TXN10853,CUST1143,39085.25,TEMPORARY_BANK_ERROR,4,NEW,45,MEDIUM,65,MEDIUM,STOP_AND_ESCALATE,ESCALATED,0.0,"Payment recovery for ₹39,085.25 has been paused after multiple unsuccessful attempts. Our support team will review the case.",RECORDED
2026-08-27T21:42:54,TXN10854,CUST1154,36821.62,UNKNOWN,4,NEW,15,LOW,50,MEDIUM,STOP_AND_ESCALATE,ESCALATED,0.0,"Payment recovery for ₹36,821.62 has been paused after multiple unsuccessful attempts. Our support team will review the case.",RECORDED
2026-08-27T21:42:54,TXN10855,CUST1234,3784.5,INSUFFICIENT_FUNDS,3,RETURNING,20,LOW,35,LOW,STOP_AND_ESCALATE,ESCALATED,0.0,"Payment recovery for ₹3,784.50 has been paused after multiple unsuccessful attempts. Our support team will review the case.",RECORDED
2026-08-27T21:42:54,TXN10856,CUST1299,25245.88,INSUFFICIENT_FUNDS,2,RETURNING,50,MEDIUM,70,HIGH,PAYMENT_LINK,RECOVERED,25245.88,"Hi Customer 1299, your payment of ₹25,245.88 could not be completed. You can complete your payment using the secure payment link provided.",RECORDED
2026-08-27T21:42:54,TXN10857,CUST1228,2760.36,CARD_EXPIRED,3,LOYAL,30,LOW,45,MEDIUM,STOP_AND_ESCALATE,ESCALATED,0.0,"Payment recovery for ₹2,760.36 has been paused after multiple unsuccessful attempts. Our support team will review the case.",RECORDED
2026-08-27T21:42:54,TXN10858,CUST1204,1829.53,NETWORK_ERROR,3,RETURNING,55,MEDIUM,55,MEDIUM,STOP_AND_ESCALATE,ESCALATED,0.0,"Payment recovery for ₹1,829.53 has been paused after multiple unsuccessful attempts. Our support team will review the case.",RECORDED
2026-08-27T21:42:54,TXN10859,CUST1295,29760.47,INSUFFICIENT_FUNDS,1,LOYAL,85,HIGH,90,HIGH,PAYMENT_LINK,RECOVERED,29760.47,"Hi Customer 1295, your payment of ₹29,760.47 could not be completed. You can complete your payment using the secure payment link provided.",RECORDED
2026-08-27T21:42:54,TXN10860,CUST1233,32839.66,CARD_EXPIRED,3,NEW,5,LOW,50,MEDIUM,STOP_AND_ESCALATE,ESCALATED,0.0,"Payment recovery for ₹32,839.66 has been paused after multiple unsuccessful attempts. Our support team will review the case.",RECORDED
2026-08-27T21:42:54,TXN10861,CUST1134,7017.44,INSUFFICIENT_FUNDS,3,RETURNING,40,MEDIUM,65,MEDIUM,STOP_AND_ESCALATE,ESCALATED,0.0,"Payment recovery for ₹7,017.44 has been paused after multiple unsuccessful attempts. Our support team will review the case.",RECORDED
2026-08-27T21:42:54,TXN10862,CUST1016,9135.7,NETWORK_ERROR,4,NEW,40,MEDIUM,45,MEDIUM,STOP_AND_ESCALATE,ESCALATED,0.0,"Payment recovery for ₹9,135.70 has been paused after multiple unsuccessful attempts. Our support team will review the case.",RECORDED
2026-08-27T21:42:54,TXN10863,CUST1246,29766.3,UNKNOWN,1,NEW,45,MEDIUM,60,MEDIUM,REMINDER,FAILED,0.0,"Hi Customer 1246, this is a reminder regarding your pending payment of ₹29,766.30. Please complete the payment at your convenience.",RECORDED
2026-08-27T21:42:54,TXN10864,CUST1096,29320.47,INSUFFICIENT_FUNDS,1,RETURNING,65,MEDIUM,75,HIGH,PAYMENT_LINK,RECOVERED,29320.47,"Hi Customer 1096, your payment of ₹29,320.47 could not be completed. You can complete your payment using the secure payment link provided.",RECORDED
2026-08-27T21:42:54,TXN10865,CUST1234,597.07,NETWORK_ERROR,3,LOYAL,55,MEDIUM,45,MEDIUM,STOP_AND_ESCALATE,ESCALATED,0.0,Payment recovery for ₹597.07 has been paused after multiple unsuccessful attempts. Our support team will review the case.,RECORDED
2026-08-27T21:42:54,TXN10866,CUST1243,27288.53,NETWORK_ERROR,3,NEW,30,LOW,55,MEDIUM,STOP_AND_ESCALATE,ESCALATED,0.0,"Payment recovery for ₹27,288.53 has been paused after multiple unsuccessful attempts. Our support team will review the case.",RECORDED
2026-08-27T21:42:54,TXN10867,CUST1244,5489.52,INSUFFICIENT_FUNDS,3,NEW,25,LOW,50,MEDIUM,STOP_AND_ESCALATE,ESCALATED,0.0,"Payment recovery for ₹5,489.52 has been paused after multiple unsuccessful attempts. Our support team will review the case.",RECORDED
2026-08-27T21:42:54,TXN10868,CUST1126,1589.54,INSUFFICIENT_FUNDS,2,RETURNING,65,MEDIUM,55,MEDIUM,PAYMENT_LINK,FAILED,0.0,"Hi Customer 1126, your payment of ₹1,589.54 could not be completed. You can complete your payment using the secure payment link provided.",RECORDED
2026-08-27T21:42:54,TXN10869,CUST1235,45553.7,UNKNOWN,1,RETURNING,80,HIGH,90,HIGH,REMINDER,FAILED,0.0,"Hi Customer 1235, this is a reminder regarding your pending payment of ₹45,553.70. Please complete the payment at your convenience.",RECORDED
2026-08-27T21:42:54,TXN10870,CUST1037,41590.47,TEMPORARY_BANK_ERROR,2,RETURNING,70,HIGH,75,HIGH,RETRY,FAILED,0.0,"Hi Customer 1037, your payment of ₹41,590.47 could not be completed due to a temporary payment issue. Please try the payment again after a short while.",RECORDED
2026-08-27T21:42:54,TXN10871,CUST1127,36773.93,NETWORK_ERROR,4,NEW,30,LOW,55,MEDIUM,STOP_AND_ESCALATE,ESCALATED,0.0,"Payment recovery for ₹36,773.93 has been paused after multiple unsuccessful attempts. Our support team will review the case.",RECORDED
2026-08-27T21:42:54,TXN10872,CUST1157,2247.73,CARD_EXPIRED,3,RETURNING,10,LOW,30,LOW,STOP_AND_ESCALATE,ESCALATED,0.0,"Payment recovery for ₹2,247.73 has been paused after multiple unsuccessful attempts. Our support team will review the case.",RECORDED
2026-08-27T21:42:54,TXN10873,CUST1196,233.07,TEMPORARY_BANK_ERROR,1,LOYAL,85,HIGH,50,MEDIUM,RETRY,RECOVERED,233.07,"Hi Customer 1196, your payment of ₹233.07 could not be completed due to a temporary payment issue. Please try the payment again after a short while.",RECORDED
2026-08-27T21:42:54,TXN10874,CUST1040,7505.66,INSUFFICIENT_FUNDS,2,RETURNING,60,MEDIUM,55,MEDIUM,PAYMENT_LINK,FAILED,0.0,"Hi Customer 1040, your payment of ₹7,505.66 could not be completed. You can complete your payment using the secure payment link provided.",RECORDED
2026-08-27T21:42:54,TXN10875,CUST1211,9305.48,AUTHENTICATION_FAILURE,3,NEW,15,LOW,35,LOW,STOP_AND_ESCALATE,ESCALATED,0.0,"Payment recovery for ₹9,305.48 has been paused after multiple unsuccessful attempts. Our support team will review the case.",RECORDED
2026-08-27T21:42:54,TXN10876,CUST1129,1522.79,NETWORK_ERROR,1,LOYAL,100,HIGH,70,HIGH,RETRY,FAILED,0.0,"Hi Customer 1129, your payment of ₹1,522.79 could not be completed due to a temporary payment issue. Please try the payment again after a short while.",RECORDED
2026-08-27T21:42:54,TXN10877,CUST1137,35467.72,NETWORK_ERROR,2,RETURNING,85,HIGH,80,HIGH,RETRY,FAILED,0.0,"Hi Customer 1137, your payment of ₹35,467.72 could not be completed due to a temporary payment issue. Please try the payment again after a short while.",RECORDED
2026-08-27T21:42:54,TXN10878,CUST1124,3649.37,NETWORK_ERROR,2,RETURNING,80,HIGH,50,MEDIUM,RETRY,FAILED,0.0,"Hi Customer 1124, your payment of ₹3,649.37 could not be completed due to a temporary payment issue. Please try the payment again after a short while.",RECORDED
2026-08-27T21:42:54,TXN10879,CUST1081,8447.97,TEMPORARY_BANK_ERROR,3,RETURNING,50,MEDIUM,55,MEDIUM,STOP_AND_ESCALATE,ESCALATED,0.0,"Payment recovery for ₹8,447.97 has been paused after multiple unsuccessful attempts. Our support team will review the case.",RECORDED
2026-08-27T21:42:54,TXN10880,CUST1228,31339.14,CARD_EXPIRED,3,LOYAL,35,LOW,75,HIGH,STOP_AND_ESCALATE,ESCALATED,0.0,"Payment recovery for ₹31,339.14 has been paused after multiple unsuccessful attempts. Our support team will review the case.",RECORDED
2026-08-27T21:42:54,TXN10881,CUST1091,44807.87,TEMPORARY_BANK_ERROR,4,RETURNING,40,MEDIUM,70,HIGH,STOP_AND_ESCALATE,ESCALATED,0.0,"Payment recovery for ₹44,807.87 has been paused after multiple unsuccessful attempts. Our support team will review the case.",RECORDED
2026-08-27T21:42:54,TXN10882,CUST1250,914.74,NETWORK_ERROR,4,RETURNING,55,MEDIUM,40,MEDIUM,STOP_AND_ESCALATE,ESCALATED,0.0,Payment recovery for ₹914.74 has been paused after multiple unsuccessful attempts. Our support team will review the case.,RECORDED
2026-08-27T21:42:54,TXN10883,CUST1281,10393.87,TEMPORARY_BANK_ERROR,3,RETURNING,60,MEDIUM,75,HIGH,STOP_AND_ESCALATE,ESCALATED,0.0,"Payment recovery for ₹10,393.87 has been paused after multiple unsuccessful attempts. Our support team will review the case.",RECORDED
2026-08-27T21:42:54,TXN10884,CUST1016,4649.34,AUTHENTICATION_FAILURE,2,RETURNING,40,MEDIUM,40,MEDIUM,CUSTOMER_PROMPT,FAILED,0.0,"Hi Customer 1016, your payment of ₹4,649.34 needs your attention. Please verify your payment details and try again.",RECORDED
2026-08-27T21:42:54,TXN10885,CUST1207,45718.58,TEMPORARY_BANK_ERROR,4,LOYAL,75,HIGH,90,HIGH,STOP_AND_ESCALATE,ESCALATED,0.0,"Payment recovery for ₹45,718.58 has been paused after multiple unsuccessful attempts. Our support team will review the case.",RECORDED
2026-08-27T21:42:54,TXN10886,CUST1234,613.62,TEMPORARY_BANK_ERROR,2,LOYAL,80,HIGH,50,MEDIUM,RETRY,FAILED,0.0,"Hi Customer 1234, your payment of ₹613.62 could not be completed due to a temporary payment issue. Please try the payment again after a short while.",RECORDED
2026-08-27T21:42:54,TXN10887,CUST1244,25446.24,UNKNOWN,1,LOYAL,75,HIGH,85,HIGH,REMINDER,FAILED,0.0,"Hi Customer 1244, this is a reminder regarding your pending payment of ₹25,446.24. Please complete the payment at your convenience.",RECORDED
2026-08-27T21:42:54,TXN10888,CUST1111,3003.41,INSUFFICIENT_FUNDS,2,RETURNING,60,MEDIUM,45,MEDIUM,PAYMENT_LINK,FAILED,0.0,"Hi Customer 1111, your payment of ₹3,003.41 could not be completed. You can complete your payment using the secure payment link provided.",RECORDED
2026-08-27T21:42:54,TXN10889,CUST1060,720.98,TEMPORARY_BANK_ERROR,1,NEW,55,MEDIUM,25,LOW,RETRY,FAILED,0.0,"Hi Customer 1060, your payment of ₹720.98 could not be completed due to a temporary payment issue. Please try the payment again after a short while.",RECORDED
2026-08-27T21:42:54,TXN10890,CUST1252,6160.94,NETWORK_ERROR,2,LOYAL,95,HIGH,70,HIGH,RETRY,RECOVERED,6160.94,"Hi Customer 1252, your payment of ₹6,160.94 could not be completed due to a temporary payment issue. Please try the payment again after a short while.",RECORDED
2026-08-27T21:42:54,TXN10891,CUST1190,6311.31,NETWORK_ERROR,2,RETURNING,65,MEDIUM,50,MEDIUM,RETRY,RECOVERED,6311.31,"Hi Customer 1190, your payment of ₹6,311.31 could not be completed due to a temporary payment issue. Please try the payment again after a short while.",RECORDED
2026-08-27T21:42:54,TXN10892,CUST1098,24636.78,TEMPORARY_BANK_ERROR,3,RETURNING,60,MEDIUM,65,MEDIUM,STOP_AND_ESCALATE,ESCALATED,0.0,"Payment recovery for ₹24,636.78 has been paused after multiple unsuccessful attempts. Our support team will review the case.",RECORDED
2026-08-27T21:42:54,TXN10893,CUST1221,26091.79,AUTHENTICATION_FAILURE,1,LOYAL,60,MEDIUM,80,HIGH,CUSTOMER_PROMPT,RECOVERED,26091.79,"Hi Customer 1221, your payment of ₹26,091.79 needs your attention. Please verify your payment details and try again.",RECORDED
2026-08-27T21:42:54,TXN10894,CUST1118,37421.54,CARD_EXPIRED,2,LOYAL,55,MEDIUM,80,HIGH,CUSTOMER_PROMPT,FAILED,0.0,"Hi Customer 1118, your payment of ₹37,421.54 needs your attention. Please verify your payment details and try again.",RECORDED
2026-08-27T21:42:54,TXN10895,CUST1092,19440.32,CARD_EXPIRED,4,NEW,5,LOW,40,MEDIUM,STOP_AND_ESCALATE,ESCALATED,0.0,"Payment recovery for ₹19,440.32 has been paused after multiple unsuccessful attempts. Our support team will review the case.",RECORDED
2026-08-27T21:42:54,TXN10896,CUST1272,15970.72,AUTHENTICATION_FAILURE,2,NEW,30,LOW,45,MEDIUM,CUSTOMER_PROMPT,FAILED,0.0,"Hi Customer 1272, your payment of ₹15,970.72 needs your attention. Please verify your payment details and try again.",RECORDED
2026-08-27T21:42:54,TXN10897,CUST1034,2961.89,AUTHENTICATION_FAILURE,4,RETURNING,30,LOW,40,MEDIUM,STOP_AND_ESCALATE,ESCALATED,0.0,"Payment recovery for ₹2,961.89 has been paused after multiple unsuccessful attempts. Our support team will review the case.",RECORDED
2026-08-27T21:42:54,TXN10898,CUST1127,2887.25,UNKNOWN,1,RETURNING,75,HIGH,60,MEDIUM,REMINDER,FAILED,0.0,"Hi Customer 1127, this is a reminder regarding your pending payment of ₹2,887.25. Please complete the payment at your convenience.",RECORDED
2026-08-27T21:42:54,TXN10899,CUST1297,512.22,AUTHENTICATION_FAILURE,2,RETURNING,35,LOW,30,LOW,CUSTOMER_PROMPT,FAILED,0.0,"Hi Customer 1297, your payment of ₹512.22 needs your attention. Please verify your payment details and try again.",RECORDED
2026-08-27T21:42:54,TXN10900,CUST1085,1870.71,TEMPORARY_BANK_ERROR,1,LOYAL,80,HIGH,55,MEDIUM,RETRY,RECOVERED,1870.71,"Hi Customer 1085, your payment of ₹1,870.71 could not be completed due to a temporary payment issue. Please try the payment again after a short while.",RECORDED
2026-08-27T21:42:54,TXN10901,CUST1068,22531.04,TEMPORARY_BANK_ERROR,4,RETURNING,60,MEDIUM,65,MEDIUM,STOP_AND_ESCALATE,ESCALATED,0.0,"Payment recovery for ₹22,531.04 has been paused after multiple unsuccessful attempts. Our support team will review the case.",RECORDED
2026-08-27T21:42:54,TXN10902,CUST1292,2393.17,NETWORK_ERROR,2,RETURNING,80,HIGH,50,MEDIUM,RETRY,RECOVERED,2393.17,"Hi Customer 1292, your payment of ₹2,393.17 could not be completed due to a temporary payment issue. Please try the payment again after a short while.",RECORDED
2026-08-27T21:42:54,TXN10903,CUST1272,25630.12,TEMPORARY_BANK_ERROR,4,LOYAL,80,HIGH,100,HIGH,STOP_AND_ESCALATE,ESCALATED,0.0,"Payment recovery for ₹25,630.12 has been paused after multiple unsuccessful attempts. Our support team will review the case.",RECORDED
2026-08-27T21:42:54,TXN10904,CUST1073,6909.05,UNKNOWN,3,NEW,10,LOW,30,LOW,STOP_AND_ESCALATE,ESCALATED,0.0,"Payment recovery for ₹6,909.05 has been paused after multiple unsuccessful attempts. Our support team will review the case.",RECORDED
2026-08-27T21:42:54,TXN10905,CUST1175,34459.79,TEMPORARY_BANK_ERROR,3,NEW,30,LOW,55,MEDIUM,STOP_AND_ESCALATE,ESCALATED,0.0,"Payment recovery for ₹34,459.79 has been paused after multiple unsuccessful attempts. Our support team will review the case.",RECORDED
2026-08-27T21:42:54,TXN10906,CUST1113,493.38,TEMPORARY_BANK_ERROR,3,NEW,45,MEDIUM,40,MEDIUM,STOP_AND_ESCALATE,ESCALATED,0.0,Payment recovery for ₹493.38 has been paused after multiple unsuccessful attempts. Our support team will review the case.,RECORDED
2026-08-27T21:42:54,TXN10907,CUST1087,3020.42,INSUFFICIENT_FUNDS,4,NEW,25,LOW,40,MEDIUM,STOP_AND_ESCALATE,ESCALATED,0.0,"Payment recovery for ₹3,020.42 has been paused after multiple unsuccessful attempts. Our support team will review the case.",RECORDED
2026-08-27T21:42:54,TXN10908,CUST1136,43657.59,TEMPORARY_BANK_ERROR,1,LOYAL,90,HIGH,85,HIGH,RETRY,RECOVERED,43657.59,"Hi Customer 1136, your payment of ₹43,657.59 could not be completed due to a temporary payment issue. Please try the payment again after a short while.",RECORDED
2026-08-27T21:42:54,TXN10909,CUST1169,1123.67,UNKNOWN,4,NEW,10,LOW,20,LOW,STOP_AND_ESCALATE,ESCALATED,0.0,"Payment recovery for ₹1,123.67 has been paused after multiple unsuccessful attempts. Our support team will review the case.",RECORDED
2026-08-27T21:42:54,TXN10910,CUST1062,44410.13,INSUFFICIENT_FUNDS,1,RETURNING,55,MEDIUM,70,HIGH,PAYMENT_LINK,RECOVERED,44410.13,"Hi Customer 1062, your payment of ₹44,410.13 could not be completed. You can complete your payment using the secure payment link provided.",RECORDED
2026-08-27T21:42:54,TXN10911,CUST1039,1089.97,TEMPORARY_BANK_ERROR,1,RETURNING,85,HIGH,50,MEDIUM,RETRY,RECOVERED,1089.97,"Hi Customer 1039, your payment of ₹1,089.97 could not be completed due to a temporary payment issue. Please try the payment again after a short while.",RECORDED
2026-08-27T21:42:54,TXN10912,CUST1016,7954.2,NETWORK_ERROR,3,NEW,40,MEDIUM,45,MEDIUM,STOP_AND_ESCALATE,ESCALATED,0.0,"Payment recovery for ₹7,954.20 has been paused after multiple unsuccessful attempts. Our support team will review the case.",RECORDED
2026-08-27T21:42:54,TXN10913,CUST1133,1031.71,TEMPORARY_BANK_ERROR,1,NEW,55,MEDIUM,30,LOW,RETRY,RECOVERED,1031.71,"Hi Customer 1133, your payment of ₹1,031.71 could not be completed due to a temporary payment issue. Please try the payment again after a short while.",RECORDED
2026-08-27T21:42:54,TXN10914,CUST1234,5742.41,CARD_EXPIRED,4,LOYAL,50,MEDIUM,75,HIGH,STOP_AND_ESCALATE,ESCALATED,0.0,"Payment recovery for ₹5,742.41 has been paused after multiple unsuccessful attempts. Our support team will review the case.",RECORDED
2026-08-27T21:42:54,TXN10915,CUST1165,1804.88,TEMPORARY_BANK_ERROR,2,LOYAL,95,HIGH,60,MEDIUM,RETRY,RECOVERED,1804.88,"Hi Customer 1165, your payment of ₹1,804.88 could not be completed due to a temporary payment issue. Please try the payment again after a short while.",RECORDED
2026-08-27T21:42:54,TXN10916,CUST1157,27953.27,INSUFFICIENT_FUNDS,3,NEW,30,LOW,70,HIGH,STOP_AND_ESCALATE,ESCALATED,0.0,"Payment recovery for ₹27,953.27 has been paused after multiple unsuccessful attempts. Our support team will review the case.",RECORDED
2026-08-27T21:42:54,TXN10917,CUST1176,30009.26,INSUFFICIENT_FUNDS,4,RETURNING,40,MEDIUM,85,HIGH,STOP_AND_ESCALATE,ESCALATED,0.0,"Payment recovery for ₹30,009.26 has been paused after multiple unsuccessful attempts. Our support team will review the case.",RECORDED
2026-08-27T21:42:54,TXN10918,CUST1082,663.29,UNKNOWN,1,RETURNING,65,MEDIUM,40,MEDIUM,REMINDER,RECOVERED,663.29,"Hi Customer 1082, this is a reminder regarding your pending payment of ₹663.29. Please complete the payment at your convenience.",RECORDED
2026-08-27T21:42:54,TXN10919,CUST1169,8304.49,CARD_EXPIRED,3,RETURNING,30,LOW,50,MEDIUM,STOP_AND_ESCALATE,ESCALATED,0.0,"Payment recovery for ₹8,304.49 has been paused after multiple unsuccessful attempts. Our support team will review the case.",RECORDED
2026-08-27T21:42:54,TXN10920,CUST1186,1728.98,INSUFFICIENT_FUNDS,2,NEW,45,MEDIUM,35,LOW,PAYMENT_LINK,FAILED,0.0,"Hi Customer 1186, your payment of ₹1,728.98 could not be completed. You can complete your payment using the secure payment link provided.",RECORDED
2026-08-27T21:42:54,TXN10921,CUST1207,24010.89,TEMPORARY_BANK_ERROR,4,RETURNING,55,MEDIUM,65,MEDIUM,STOP_AND_ESCALATE,ESCALATED,0.0,"Payment recovery for ₹24,010.89 has been paused after multiple unsuccessful attempts. Our support team will review the case.",RECORDED
2026-08-27T21:42:54,TXN10922,CUST1076,5025.81,NETWORK_ERROR,4,NEW,45,MEDIUM,55,MEDIUM,STOP_AND_ESCALATE,ESCALATED,0.0,"Payment recovery for ₹5,025.81 has been paused after multiple unsuccessful attempts. Our support team will review the case.",RECORDED
2026-08-27T21:42:54,TXN10923,CUST1227,17963.29,CARD_EXPIRED,4,NEW,5,LOW,40,MEDIUM,STOP_AND_ESCALATE,ESCALATED,0.0,"Payment recovery for ₹17,963.29 has been paused after multiple unsuccessful attempts. Our support team will review the case.",RECORDED
2026-08-27T21:42:54,TXN10924,CUST1224,7125.04,NETWORK_ERROR,1,RETURNING,70,HIGH,55,MEDIUM,RETRY,FAILED,0.0,"Hi Customer 1224, your payment of ₹7,125.04 could not be completed due to a temporary payment issue. Please try the payment again after a short while.",RECORDED
2026-08-27T21:42:54,TXN10925,CUST1055,8868.52,NETWORK_ERROR,3,RETURNING,55,MEDIUM,55,MEDIUM,STOP_AND_ESCALATE,ESCALATED,0.0,"Payment recovery for ₹8,868.52 has been paused after multiple unsuccessful attempts. Our support team will review the case.",RECORDED
2026-08-27T21:42:54,TXN10926,CUST1230,1529.1,INSUFFICIENT_FUNDS,3,LOYAL,35,LOW,45,MEDIUM,STOP_AND_ESCALATE,ESCALATED,0.0,"Payment recovery for ₹1,529.10 has been paused after multiple unsuccessful attempts. Our support team will review the case.",RECORDED
2026-08-27T21:42:54,TXN10927,CUST1092,48562.17,TEMPORARY_BANK_ERROR,4,NEW,30,LOW,55,MEDIUM,STOP_AND_ESCALATE,ESCALATED,0.0,"Payment recovery for ₹48,562.17 has been paused after multiple unsuccessful attempts. Our support team will review the case.",RECORDED
2026-08-27T21:42:54,TXN10928,CUST1163,41278.1,AUTHENTICATION_FAILURE,4,LOYAL,35,LOW,75,HIGH,STOP_AND_ESCALATE,ESCALATED,0.0,"Payment recovery for ₹41,278.10 has been paused after multiple unsuccessful attempts. Our support team will review the case.",RECORDED
2026-08-27T21:42:54,TXN10929,CUST1244,1496.06,TEMPORARY_BANK_ERROR,4,NEW,25,LOW,25,LOW,STOP_AND_ESCALATE,ESCALATED,0.0,"Payment recovery for ₹1,496.06 has been paused after multiple unsuccessful attempts. Our support team will review the case.",RECORDED
2026-08-27T21:42:54,TXN10930,CUST1245,1888.44,INSUFFICIENT_FUNDS,4,NEW,25,LOW,40,MEDIUM,STOP_AND_ESCALATE,ESCALATED,0.0,"Payment recovery for ₹1,888.44 has been paused after multiple unsuccessful attempts. Our support team will review the case.",RECORDED
2026-08-27T21:42:54,TXN10931,CUST1169,475.06,INSUFFICIENT_FUNDS,1,RETURNING,70,HIGH,55,MEDIUM,PAYMENT_LINK,RECOVERED,475.06,"Hi Customer 1169, your payment of ₹475.06 could not be completed. You can complete your payment using the secure payment link provided.",RECORDED
2026-08-27T21:42:54,TXN10932,CUST1118,286.11,INSUFFICIENT_FUNDS,1,LOYAL,85,HIGH,65,MEDIUM,PAYMENT_LINK,RECOVERED,286.11,"Hi Customer 1118, your payment of ₹286.11 could not be completed. You can complete your payment using the secure payment link provided.",RECORDED
2026-08-27T21:42:54,TXN10933,CUST1244,481.17,NETWORK_ERROR,4,RETURNING,40,MEDIUM,35,LOW,STOP_AND_ESCALATE,ESCALATED,0.0,Payment recovery for ₹481.17 has been paused after multiple unsuccessful attempts. Our support team will review the case.,RECORDED
2026-08-27T21:42:54,TXN10934,CUST1196,5252.44,INSUFFICIENT_FUNDS,1,RETURNING,65,MEDIUM,55,MEDIUM,PAYMENT_LINK,FAILED,0.0,"Hi Customer 1196, your payment of ₹5,252.44 could not be completed. You can complete your payment using the secure payment link provided.",RECORDED
2026-08-27T21:42:54,TXN10935,CUST1142,8873.8,INSUFFICIENT_FUNDS,4,LOYAL,35,LOW,55,MEDIUM,STOP_AND_ESCALATE,ESCALATED,0.0,"Payment recovery for ₹8,873.80 has been paused after multiple unsuccessful attempts. Our support team will review the case.",RECORDED
2026-08-27T21:42:54,TXN10936,CUST1092,12635.76,AUTHENTICATION_FAILURE,2,RETURNING,45,MEDIUM,60,MEDIUM,CUSTOMER_PROMPT,RECOVERED,12635.76,"Hi Customer 1092, your payment of ₹12,635.76 needs your attention. Please verify your payment details and try again.",RECORDED
2026-08-27T21:42:54,TXN10937,CUST1132,1394.47,INSUFFICIENT_FUNDS,1,LOYAL,65,MEDIUM,50,MEDIUM,PAYMENT_LINK,RECOVERED,1394.47,"Hi Customer 1132, your payment of ₹1,394.47 could not be completed. You can complete your payment using the secure payment link provided.",RECORDED
2026-08-27T21:42:54,TXN10938,CUST1298,4195.03,INSUFFICIENT_FUNDS,3,NEW,25,LOW,40,MEDIUM,STOP_AND_ESCALATE,ESCALATED,0.0,"Payment recovery for ₹4,195.03 has been paused after multiple unsuccessful attempts. Our support team will review the case.",RECORDED
2026-08-27T21:42:54,TXN10939,CUST1062,7273.97,CARD_EXPIRED,4,NEW,0,LOW,30,LOW,STOP_AND_ESCALATE,ESCALATED,0.0,"Payment recovery for ₹7,273.97 has been paused after multiple unsuccessful attempts. Our support team will review the case.",RECORDED
2026-08-27T21:42:54,TXN10940,CUST1044,41901.7,TEMPORARY_BANK_ERROR,2,RETURNING,80,HIGH,80,HIGH,RETRY,RECOVERED,41901.7,"Hi Customer 1044, your payment of ₹41,901.70 could not be completed due to a temporary payment issue. Please try the payment again after a short while.",RECORDED
2026-08-27T21:42:54,TXN10941,CUST1278,1531.56,NETWORK_ERROR,2,RETURNING,75,HIGH,50,MEDIUM,RETRY,FAILED,0.0,"Hi Customer 1278, your payment of ₹1,531.56 could not be completed due to a temporary payment issue. Please try the payment again after a short while.",RECORDED
2026-08-27T21:42:54,TXN10942,CUST1086,9034.3,AUTHENTICATION_FAILURE,2,RETURNING,50,MEDIUM,55,MEDIUM,CUSTOMER_PROMPT,FAILED,0.0,"Hi Customer 1086, your payment of ₹9,034.30 needs your attention. Please verify your payment details and try again.",RECORDED
2026-08-27T21:42:54,TXN10943,CUST1252,9944.32,UNKNOWN,3,RETURNING,25,LOW,45,MEDIUM,STOP_AND_ESCALATE,ESCALATED,0.0,"Payment recovery for ₹9,944.32 has been paused after multiple unsuccessful attempts. Our support team will review the case.",RECORDED
2026-08-27T21:42:54,TXN10944,CUST1230,30101.9,AUTHENTICATION_FAILURE,1,RETURNING,50,MEDIUM,70,HIGH,CUSTOMER_PROMPT,FAILED,0.0,"Hi Customer 1230, your payment of ₹30,101.90 needs your attention. Please verify your payment details and try again.",RECORDED
2026-08-27T21:42:54,TXN10945,CUST1142,973.89,INSUFFICIENT_FUNDS,3,NEW,25,LOW,35,LOW,STOP_AND_ESCALATE,ESCALATED,0.0,Payment recovery for ₹973.89 has been paused after multiple unsuccessful attempts. Our support team will review the case.,RECORDED
2026-08-27T21:42:54,TXN10946,CUST1198,1795.79,AUTHENTICATION_FAILURE,2,RETURNING,50,MEDIUM,45,MEDIUM,CUSTOMER_PROMPT,FAILED,0.0,"Hi Customer 1198, your payment of ₹1,795.79 needs your attention. Please verify your payment details and try again.",RECORDED
2026-08-27T21:42:54,TXN10947,CUST1143,36047.08,AUTHENTICATION_FAILURE,2,LOYAL,60,MEDIUM,80,HIGH,CUSTOMER_PROMPT,FAILED,0.0,"Hi Customer 1143, your payment of ₹36,047.08 needs your attention. Please verify your payment details and try again.",RECORDED
2026-08-27T21:42:54,TXN10948,CUST1270,48951.22,AUTHENTICATION_FAILURE,2,NEW,50,MEDIUM,75,HIGH,CUSTOMER_PROMPT,RECOVERED,48951.22,"Hi Customer 1270, your payment of ₹48,951.22 needs your attention. Please verify your payment details and try again.",RECORDED
2026-08-27T21:42:54,TXN10949,CUST1073,2203.76,TEMPORARY_BANK_ERROR,3,NEW,40,MEDIUM,35,LOW,STOP_AND_ESCALATE,ESCALATED,0.0,"Payment recovery for ₹2,203.76 has been paused after multiple unsuccessful attempts. Our support team will review the case.",RECORDED
2026-08-27T21:42:54,TXN10950,CUST1027,25953.66,UNKNOWN,4,NEW,15,LOW,50,MEDIUM,STOP_AND_ESCALATE,ESCALATED,0.0,"Payment recovery for ₹25,953.66 has been paused after multiple unsuccessful attempts. Our support team will review the case.",RECORDED
2026-08-27T21:42:54,TXN10951,CUST1073,22377.3,NETWORK_ERROR,4,NEW,50,MEDIUM,65,MEDIUM,STOP_AND_ESCALATE,ESCALATED,0.0,"Payment recovery for ₹22,377.30 has been paused after multiple unsuccessful attempts. Our support team will review the case.",RECORDED
2026-08-27T21:42:54,TXN10952,CUST1213,12526.42,CARD_EXPIRED,4,RETURNING,30,LOW,60,MEDIUM,STOP_AND_ESCALATE,ESCALATED,0.0,"Payment recovery for ₹12,526.42 has been paused after multiple unsuccessful attempts. Our support team will review the case.",RECORDED
2026-08-27T21:42:54,TXN10953,CUST1116,9246.88,CARD_EXPIRED,4,NEW,20,LOW,50,MEDIUM,STOP_AND_ESCALATE,ESCALATED,0.0,"Payment recovery for ₹9,246.88 has been paused after multiple unsuccessful attempts. Our support team will review the case.",RECORDED
2026-08-27T21:42:54,TXN10954,CUST1286,1535.9,AUTHENTICATION_FAILURE,1,RETURNING,60,MEDIUM,45,MEDIUM,CUSTOMER_PROMPT,RECOVERED,1535.9,"Hi Customer 1286, your payment of ₹1,535.90 needs your attention. Please verify your payment details and try again.",RECORDED
2026-08-27T21:42:54,TXN10955,CUST1090,43287.65,TEMPORARY_BANK_ERROR,2,RETURNING,70,HIGH,75,HIGH,RETRY,RECOVERED,43287.65,"Hi Customer 1090, your payment of ₹43,287.65 could not be completed due to a temporary payment issue. Please try the payment again after a short while.",RECORDED
2026-08-27T21:42:54,TXN10956,CUST1290,1537.0,TEMPORARY_BANK_ERROR,4,LOYAL,50,MEDIUM,50,MEDIUM,STOP_AND_ESCALATE,ESCALATED,0.0,"Payment recovery for ₹1,537.00 has been paused after multiple unsuccessful attempts. Our support team will review the case.",RECORDED
2026-08-27T21:42:54,TXN10957,CUST1174,12157.3,TEMPORARY_BANK_ERROR,3,NEW,45,MEDIUM,55,MEDIUM,STOP_AND_ESCALATE,ESCALATED,0.0,"Payment recovery for ₹12,157.30 has been paused after multiple unsuccessful attempts. Our support team will review the case.",RECORDED
2026-08-27T21:42:54,TXN10958,CUST1190,1473.19,INSUFFICIENT_FUNDS,3,NEW,20,LOW,30,LOW,STOP_AND_ESCALATE,ESCALATED,0.0,"Payment recovery for ₹1,473.19 has been paused after multiple unsuccessful attempts. Our support team will review the case.",RECORDED
2026-08-27T21:42:54,TXN10959,CUST1076,576.81,TEMPORARY_BANK_ERROR,2,LOYAL,95,HIGH,55,MEDIUM,RETRY,FAILED,0.0,"Hi Customer 1076, your payment of ₹576.81 could not be completed due to a temporary payment issue. Please try the payment again after a short while.",RECORDED
2026-08-27T21:42:54,TXN10960,CUST1143,46304.66,TEMPORARY_BANK_ERROR,4,RETURNING,60,MEDIUM,75,HIGH,STOP_AND_ESCALATE,ESCALATED,0.0,"Payment recovery for ₹46,304.66 has been paused after multiple unsuccessful attempts. Our support team will review the case.",RECORDED
2026-08-27T21:42:54,TXN10961,CUST1278,40914.96,TEMPORARY_BANK_ERROR,1,NEW,80,HIGH,80,HIGH,RETRY,FAILED,0.0,"Hi Customer 1278, your payment of ₹40,914.96 could not be completed due to a temporary payment issue. Please try the payment again after a short while.",RECORDED
2026-08-27T21:42:54,TXN10962,CUST1119,7857.17,AUTHENTICATION_FAILURE,2,LOYAL,70,HIGH,70,HIGH,CUSTOMER_PROMPT,FAILED,0.0,"Hi Customer 1119, your payment of ₹7,857.17 needs your attention. Please verify your payment details and try again.",RECORDED
2026-08-27T21:42:54,TXN10963,CUST1109,445.54,INSUFFICIENT_FUNDS,4,RETURNING,35,LOW,35,LOW,STOP_AND_ESCALATE,ESCALATED,0.0,Payment recovery for ₹445.54 has been paused after multiple unsuccessful attempts. Our support team will review the case.,RECORDED
2026-08-27T21:42:54,TXN10964,CUST1171,1554.07,AUTHENTICATION_FAILURE,3,NEW,0,LOW,20,LOW,STOP_AND_ESCALATE,ESCALATED,0.0,"Payment recovery for ₹1,554.07 has been paused after multiple unsuccessful attempts. Our support team will review the case.",RECORDED
2026-08-27T21:42:54,TXN10965,CUST1215,33447.29,TEMPORARY_BANK_ERROR,4,RETURNING,55,MEDIUM,75,HIGH,STOP_AND_ESCALATE,ESCALATED,0.0,"Payment recovery for ₹33,447.29 has been paused after multiple unsuccessful attempts. Our support team will review the case.",RECORDED
2026-08-27T21:42:54,TXN10966,CUST1183,22073.39,INSUFFICIENT_FUNDS,1,RETURNING,70,HIGH,70,HIGH,PAYMENT_LINK,RECOVERED,22073.39,"Hi Customer 1183, your payment of ₹22,073.39 could not be completed. You can complete your payment using the secure payment link provided.",RECORDED
2026-08-27T21:42:54,TXN10967,CUST1115,47742.61,AUTHENTICATION_FAILURE,2,RETURNING,60,MEDIUM,75,HIGH,CUSTOMER_PROMPT,FAILED,0.0,"Hi Customer 1115, your payment of ₹47,742.61 needs your attention. Please verify your payment details and try again.",RECORDED
2026-08-27T21:42:54,TXN10968,CUST1031,6478.04,TEMPORARY_BANK_ERROR,2,NEW,70,HIGH,60,MEDIUM,RETRY,RECOVERED,6478.04,"Hi Customer 1031, your payment of ₹6,478.04 could not be completed due to a temporary payment issue. Please try the payment again after a short while.",RECORDED
2026-08-27T21:42:54,TXN10969,CUST1219,28811.85,TEMPORARY_BANK_ERROR,3,NEW,45,MEDIUM,65,MEDIUM,STOP_AND_ESCALATE,ESCALATED,0.0,"Payment recovery for ₹28,811.85 has been paused after multiple unsuccessful attempts. Our support team will review the case.",RECORDED
2026-08-27T21:42:54,TXN10970,CUST1002,5633.37,CARD_EXPIRED,3,LOYAL,30,LOW,55,MEDIUM,STOP_AND_ESCALATE,ESCALATED,0.0,"Payment recovery for ₹5,633.37 has been paused after multiple unsuccessful attempts. Our support team will review the case.",RECORDED
2026-08-27T21:42:54,TXN10971,CUST1202,35495.7,TEMPORARY_BANK_ERROR,3,NEW,30,LOW,55,MEDIUM,STOP_AND_ESCALATE,ESCALATED,0.0,"Payment recovery for ₹35,495.70 has been paused after multiple unsuccessful attempts. Our support team will review the case.",RECORDED
2026-08-27T21:42:54,TXN10972,CUST1015,369.79,INSUFFICIENT_FUNDS,1,LOYAL,85,HIGH,65,MEDIUM,PAYMENT_LINK,FAILED,0.0,"Hi Customer 1015, your payment of ₹369.79 could not be completed. You can complete your payment using the secure payment link provided.",RECORDED
2026-08-27T21:42:54,TXN10973,CUST1055,840.18,TEMPORARY_BANK_ERROR,2,RETURNING,85,HIGH,55,MEDIUM,RETRY,RECOVERED,840.18,"Hi Customer 1055, your payment of ₹840.18 could not be completed due to a temporary payment issue. Please try the payment again after a short while.",RECORDED
2026-08-27T21:42:54,TXN10974,CUST1140,1087.92,TEMPORARY_BANK_ERROR,3,NEW,25,LOW,25,LOW,STOP_AND_ESCALATE,ESCALATED,0.0,"Payment recovery for ₹1,087.92 has been paused after multiple unsuccessful attempts. Our support team will review the case.",RECORDED
2026-08-27T21:42:54,TXN10975,CUST1269,24542.33,TEMPORARY_BANK_ERROR,2,LOYAL,85,HIGH,75,HIGH,RETRY,RECOVERED,24542.33,"Hi Customer 1269, your payment of ₹24,542.33 could not be completed due to a temporary payment issue. Please try the payment again after a short while.",RECORDED
2026-08-27T21:42:54,TXN10976,CUST1088,1648.03,AUTHENTICATION_FAILURE,1,RETURNING,65,MEDIUM,55,MEDIUM,CUSTOMER_PROMPT,RECOVERED,1648.03,"Hi Customer 1088, your payment of ₹1,648.03 needs your attention. Please verify your payment details and try again.",RECORDED
2026-08-27T21:42:54,TXN10977,CUST1140,6921.1,AUTHENTICATION_FAILURE,2,RETURNING,35,LOW,45,MEDIUM,CUSTOMER_PROMPT,RECOVERED,6921.1,"Hi Customer 1140, your payment of ₹6,921.10 needs your attention. Please verify your payment details and try again.",RECORDED
2026-08-27T21:42:54,TXN10978,CUST1235,3370.43,TEMPORARY_BANK_ERROR,4,RETURNING,55,MEDIUM,45,MEDIUM,STOP_AND_ESCALATE,ESCALATED,0.0,"Payment recovery for ₹3,370.43 has been paused after multiple unsuccessful attempts. Our support team will review the case.",RECORDED
2026-08-27T21:42:54,TXN10979,CUST1027,5120.14,CARD_EXPIRED,2,LOYAL,70,HIGH,70,HIGH,CUSTOMER_PROMPT,RECOVERED,5120.14,"Hi Customer 1027, your payment of ₹5,120.14 needs your attention. Please verify your payment details and try again.",RECORDED
2026-08-27T21:42:54,TXN10980,CUST1085,25942.64,NETWORK_ERROR,1,NEW,75,HIGH,70,HIGH,RETRY,FAILED,0.0,"Hi Customer 1085, your payment of ₹25,942.64 could not be completed due to a temporary payment issue. Please try the payment again after a short while.",RECORDED
2026-08-27T21:42:54,TXN10981,CUST1112,44126.92,NETWORK_ERROR,1,RETURNING,70,HIGH,75,HIGH,RETRY,RECOVERED,44126.92,"Hi Customer 1112, your payment of ₹44,126.92 could not be completed due to a temporary payment issue. Please try the payment again after a short while.",RECORDED
2026-08-27T21:42:54,TXN10982,CUST1019,32853.58,AUTHENTICATION_FAILURE,1,RETURNING,65,MEDIUM,75,HIGH,CUSTOMER_PROMPT,RECOVERED,32853.58,"Hi Customer 1019, your payment of ₹32,853.58 needs your attention. Please verify your payment details and try again.",RECORDED
2026-08-27T21:42:54,TXN10983,CUST1073,501.82,INSUFFICIENT_FUNDS,1,RETURNING,50,MEDIUM,35,LOW,PAYMENT_LINK,RECOVERED,501.82,"Hi Customer 1073, your payment of ₹501.82 could not be completed. You can complete your payment using the secure payment link provided.",RECORDED
2026-08-27T21:42:54,TXN10984,CUST1063,2091.11,AUTHENTICATION_FAILURE,3,LOYAL,50,MEDIUM,65,MEDIUM,STOP_AND_ESCALATE,ESCALATED,0.0,"Payment recovery for ₹2,091.11 has been paused after multiple unsuccessful attempts. Our support team will review the case.",RECORDED
2026-08-27T21:42:54,TXN10985,CUST1078,811.69,INSUFFICIENT_FUNDS,4,NEW,5,LOW,15,LOW,STOP_AND_ESCALATE,ESCALATED,0.0,Payment recovery for ₹811.69 has been paused after multiple unsuccessful attempts. Our support team will review the case.,RECORDED
2026-08-27T21:42:54,TXN10986,CUST1160,7516.92,INSUFFICIENT_FUNDS,1,RETURNING,45,MEDIUM,50,MEDIUM,PAYMENT_LINK,RECOVERED,7516.92,"Hi Customer 1160, your payment of ₹7,516.92 could not be completed. You can complete your payment using the secure payment link provided.",RECORDED
2026-08-27T21:42:54,TXN10987,CUST1109,714.99,TEMPORARY_BANK_ERROR,3,LOYAL,70,HIGH,55,MEDIUM,STOP_AND_ESCALATE,ESCALATED,0.0,Payment recovery for ₹714.99 has been paused after multiple unsuccessful attempts. Our support team will review the case.,RECORDED
2026-08-27T21:42:54,TXN10988,CUST1165,41791.91,AUTHENTICATION_FAILURE,1,RETURNING,65,MEDIUM,85,HIGH,CUSTOMER_PROMPT,FAILED,0.0,"Hi Customer 1165, your payment of ₹41,791.91 needs your attention. Please verify your payment details and try again.",RECORDED
2026-08-27T21:42:54,TXN10989,CUST1245,3000.5,CARD_EXPIRED,4,NEW,0,LOW,20,LOW,STOP_AND_ESCALATE,ESCALATED,0.0,"Payment recovery for ₹3,000.50 has been paused after multiple unsuccessful attempts. Our support team will review the case.",RECORDED
2026-08-27T21:42:54,TXN10990,CUST1025,7885.01,INSUFFICIENT_FUNDS,4,RETURNING,20,LOW,45,MEDIUM,STOP_AND_ESCALATE,ESCALATED,0.0,"Payment recovery for ₹7,885.01 has been paused after multiple unsuccessful attempts. Our support team will review the case.",RECORDED
2026-08-27T21:42:54,TXN10991,CUST1080,5458.42,TEMPORARY_BANK_ERROR,2,RETURNING,75,HIGH,60,MEDIUM,RETRY,RECOVERED,5458.42,"Hi Customer 1080, your payment of ₹5,458.42 could not be completed due to a temporary payment issue. Please try the payment again after a short while.",RECORDED
2026-08-27T21:42:54,TXN10992,CUST1015,9532.12,UNKNOWN,4,NEW,10,LOW,30,LOW,STOP_AND_ESCALATE,ESCALATED,0.0,"Payment recovery for ₹9,532.12 has been paused after multiple unsuccessful attempts. Our support team will review the case.",RECORDED
2026-08-27T21:42:54,TXN10993,CUST1151,21044.75,CARD_EXPIRED,3,RETURNING,20,LOW,55,MEDIUM,STOP_AND_ESCALATE,ESCALATED,0.0,"Payment recovery for ₹21,044.75 has been paused after multiple unsuccessful attempts. Our support team will review the case.",RECORDED
2026-08-27T21:42:54,TXN10994,CUST1192,40531.41,INSUFFICIENT_FUNDS,4,LOYAL,40,MEDIUM,80,HIGH,STOP_AND_ESCALATE,ESCALATED,0.0,"Payment recovery for ₹40,531.41 has been paused after multiple unsuccessful attempts. Our support team will review the case.",RECORDED
2026-08-27T21:42:54,TXN10995,CUST1151,7868.24,AUTHENTICATION_FAILURE,4,LOYAL,30,LOW,55,MEDIUM,STOP_AND_ESCALATE,ESCALATED,0.0,"Payment recovery for ₹7,868.24 has been paused after multiple unsuccessful attempts. Our support team will review the case.",RECORDED
2026-08-27T21:42:54,TXN10996,CUST1098,1771.88,AUTHENTICATION_FAILURE,2,NEW,40,MEDIUM,35,LOW,CUSTOMER_PROMPT,RECOVERED,1771.88,"Hi Customer 1098, your payment of ₹1,771.88 needs your attention. Please verify your payment details and try again.",RECORDED
2026-08-27T21:42:54,TXN10997,CUST1092,423.53,TEMPORARY_BANK_ERROR,1,RETURNING,70,HIGH,40,MEDIUM,RETRY,RECOVERED,423.53,"Hi Customer 1092, your payment of ₹423.53 could not be completed due to a temporary payment issue. Please try the payment again after a short while.",RECORDED
2026-08-27T21:42:54,TXN10998,CUST1257,11672.86,INSUFFICIENT_FUNDS,3,RETURNING,40,MEDIUM,65,MEDIUM,STOP_AND_ESCALATE,ESCALATED,0.0,"Payment recovery for ₹11,672.86 has been paused after multiple unsuccessful attempts. Our support team will review the case.",RECORDED
2026-08-27T21:42:54,TXN10999,CUST1208,914.91,INSUFFICIENT_FUNDS,3,LOYAL,35,LOW,40,MEDIUM,STOP_AND_ESCALATE,ESCALATED,0.0,Payment recovery for ₹914.91 has been paused after multiple unsuccessful attempts. Our support team will review the case.,RECORDED
